DatasetName,Loc ID,MonitoringLocationName,MonitoringLocationLatitude,MonitoringLocationLongitude,MonitoringLocationType,ActivityType,ActivityMediaName,ActivityStartDate,SampleCollectionEquipmentName,CharacteristicName,ResultValue,ResultUnit
Missanabie Cree First Nation Community-led water quality monitoring,10849,Eskay Lake:Eskay lake boat launch (EL-WM—B),48.3337018,-84.0383211,Lake/Pond,Field Msr/Obs,Surface Water,5/23/2023,Probe/Sensor,"Temperature, air",9,deg C
Missanabie Cree First Nation Community-led water quality monitoring,10848,Dog Lake:MartinVille (MV-WM-C,48.313915,-84.0620812,Lake/Pond,Field Msr/Obs,Surface Water,5/23/2023,Test strip,"Alkalinity, total",40,mg/L
Missanabie Cree First Nation Community-led water quality monitoring,10849,Eskay Lake:Eskay lake boat launch (EL-WM—B),48.3337018,-84.0383211,Lake/Pond,Field Msr/Obs,Surface Water,5/23/2023,,pH,6.8,None
Missanabie Cree First Nation Community-led water quality monitoring,10846,Michipicoten River:Michipicoten River (MRM-WM-E),47.9222696,-84.8045415,River/Stream,Field Msr/Obs,Surface Water,5/23/2023,Probe/Sensor,"Temperature, water",7,deg C
Missanabie Cree First Nation Community-led water quality monitoring,10846,Michipicoten River:Michipicoten River (MRM-WM-E),47.9222696,-84.8045415,River/Stream,Field Msr/Obs,Surface Water,5/23/2023,Test strip,Total hardness,0,mg/L
Missanabie Cree First Nation Community-led water quality monitoring,10846,Michipicoten River:Michipicoten River (MRM-WM-E),47.9222696,-84.8045415,River/Stream,Field Msr/Obs,Surface Water,5/23/2023,,pH,6.7,None
Missanabie Cree First Nation Community-led water quality monitoring,10849,Eskay Lake:Eskay lake boat launch (EL-WM—B),48.3337018,-84.0383211,Lake/Pond,Field Msr/Obs,Surface Water,5/23/2023,Test strip,Total hardness,0,mg/L
Missanabie Cree First Nation Community-led water quality monitoring,10846,Michipicoten River:Michipicoten River (MRM-WM-E),47.9222696,-84.8045415,River/Stream,Field Msr/Obs,Surface Water,5/23/2023,Probe/Sensor,Dissolved oxygen (DO),12,mg/L
Missanabie Cree First Nation Community-led water quality monitoring,10848,Dog Lake:MartinVille (MV-WM-C,48.313915,-84.0620812,Lake/Pond,Field Msr/Obs,Surface Water,5/23/2023,Probe/Sensor,Conductivity,137,uS/cm
Missanabie Cree First Nation Community-led water quality monitoring,10846,Michipicoten River:Michipicoten River (MRM-WM-E),47.9222696,-84.8045415,River/Stream,Field Msr/Obs,Surface Water,5/23/2023,Test strip,Chlorine,0,ppm
Missanabie Cree First Nation Community-led water quality monitoring,10846,Michipicoten River:Michipicoten River (MRM-WM-E),47.9222696,-84.8045415,River/Stream,Field Msr/Obs,Surface Water,5/23/2023,Probe/Sensor,"Temperature, air",9,deg C
Missanabie Cree First Nation Community-led water quality monitoring,10848,Dog Lake:MartinVille (MV-WM-C,48.313915,-84.0620812,Lake/Pond,Field Msr/Obs,Surface Water,5/23/2023,Test strip,Total hardness,0,mg/L
Missanabie Cree First Nation Community-led water quality monitoring,10848,Dog Lake:MartinVille (MV-WM-C,48.313915,-84.0620812,Lake/Pond,Field Msr/Obs,Surface Water,5/23/2023,Test strip,Chlorine,0,ppm
Missanabie Cree First Nation Community-led water quality monitoring,10848,Dog Lake:MartinVille (MV-WM-C,48.313915,-84.0620812,Lake/Pond,Field Msr/Obs,Surface Water,5/23/2023,Probe/Sensor,"Temperature, air",8.5,deg C
Missanabie Cree First Nation Community-led water quality monitoring,10849,Eskay Lake:Eskay lake boat launch (EL-WM—B),48.3337018,-84.0383211,Lake/Pond,Field Msr/Obs,Surface Water,5/23/2023,Probe/Sensor,Dissolved oxygen (DO),12,mg/L
Missanabie Cree First Nation Community-led water quality monitoring,10849,Eskay Lake:Eskay lake boat launch (EL-WM—B),48.3337018,-84.0383211,Lake/Pond,Field Msr/Obs,Surface Water,5/23/2023,Test strip,Chlorine,0,ppm
Missanabie Cree First Nation Community-led water quality monitoring,10850,Dog lake:IVC-WM-A,48.3125996,-84.0359051,Lake/Pond,Field Msr/Obs,Surface Water,5/24/2023,Probe/Sensor,"Temperature, air",1,deg C
Missanabie Cree First Nation Community-led water quality monitoring,10849,Eskay Lake:Eskay lake boat launch (EL-WM—B),48.3337018,-84.0383211,Lake/Pond,Field Msr/Obs,Surface Water,5/23/2023,Probe/Sensor,"Temperature, water",14.1,deg C
Missanabie Cree First Nation Community-led water quality monitoring,10849,Eskay Lake:Eskay lake boat launch (EL-WM—B),48.3337018,-84.0383211,Lake/Pond,Field Msr/Obs,Surface Water,5/23/2023,Test strip,"Alkalinity, total",60,mg/L
Missanabie Cree First Nation Community-led water quality monitoring,10848,Dog Lake:MartinVille (MV-WM-C,48.313915,-84.0620812,Lake/Pond,Field Msr/Obs,Surface Water,5/23/2023,Probe/Sensor,"Temperature, water",14.2,deg C
Missanabie Cree First Nation Community-led water quality monitoring,10849,Eskay Lake:Eskay lake boat launch (EL-WM—B),48.3337018,-84.0383211,Lake/Pond,Field Msr/Obs,Surface Water,5/23/2023,Probe/Sensor,Conductivity,80,uS/cm
Missanabie Cree First Nation Community-led water quality monitoring,10848,Dog Lake:MartinVille (MV-WM-C,48.313915,-84.0620812,Lake/Pond,Field Msr/Obs,Surface Water,5/23/2023,Probe/Sensor,Dissolved oxygen (DO),11,mg/L
Missanabie Cree First Nation Community-led water quality monitoring,10848,Dog Lake:MartinVille (MV-WM-C,48.313915,-84.0620812,Lake/Pond,Field Msr/Obs,Surface Water,5/23/2023,,pH,6.8,None
Missanabie Cree First Nation Community-led water quality monitoring,10846,Michipicoten River:Michipicoten River (MRM-WM-E),47.9222696,-84.8045415,River/Stream,Field Msr/Obs,Surface Water,5/23/2023,Test strip,"Alkalinity, total",30,mg/L
Missanabie Cree First Nation Community-led water quality monitoring,10847,Hawk Lake:Hawk Lake boat launch (HL-WM-D),48.080144,-84.5518761,Lake/Pond,Field Msr/Obs,Surface Water,5/25/2023,Probe/Sensor,Dissolved oxygen (DO),12,mg/L
Missanabie Cree First Nation Community-led water quality monitoring,10847,Hawk Lake:Hawk Lake boat launch (HL-WM-D),48.080144,-84.5518761,Lake/Pond,Field Msr/Obs,Surface Water,5/25/2023,Probe/Sensor,"Temperature, water",16.5,deg C
Missanabie Cree First Nation Community-led water quality monitoring,10848,Dog Lake:MartinVille (MV-WM-C,48.313915,-84.0620812,Lake/Pond,Field Msr/Obs,Surface Water,7/13/2023,Test strip,Chlorine,0,ppm
Missanabie Cree First Nation Community-led water quality monitoring,10847,Hawk Lake:Hawk Lake boat launch (HL-WM-D),48.080144,-84.5518761,Lake/Pond,Field Msr/Obs,Surface Water,5/25/2023,Test strip,"Alkalinity, total",40,mg/L
Missanabie Cree First Nation Community-led water quality monitoring,10846,Michipicoten River:Michipicoten River (MRM-WM-E),47.9222696,-84.8045415,River/Stream,Field Msr/Obs,Surface Water,7/13/2023,Probe/Sensor,"Temperature, air",15,deg C
Missanabie Cree First Nation Community-led water quality monitoring,10849,Eskay Lake:Eskay lake boat launch (EL-WM—B),48.3337018,-84.0383211,Lake/Pond,Field Msr/Obs,Surface Water,7/13/2023,Probe/Sensor,"Temperature, air",19,deg C
Missanabie Cree First Nation Community-led water quality monitoring,10846,Michipicoten River:Michipicoten River (MRM-WM-E),47.9222696,-84.8045415,River/Stream,Field Msr/Obs,Surface Water,7/13/2023,Test strip,"Alkalinity, total",40,mg/L
Missanabie Cree First Nation Community-led water quality monitoring,10849,Eskay Lake:Eskay lake boat launch (EL-WM—B),48.3337018,-84.0383211,Lake/Pond,Field Msr/Obs,Surface Water,7/13/2023,,pH,6.8,None
Missanabie Cree First Nation Community-led water quality monitoring,10849,Eskay Lake:Eskay lake boat launch (EL-WM—B),48.3337018,-84.0383211,Lake/Pond,Field Msr/Obs,Surface Water,7/13/2023,Test strip,"Alkalinity, total",40,mg/L
Missanabie Cree First Nation Community-led water quality monitoring,10848,Dog Lake:MartinVille (MV-WM-C,48.313915,-84.0620812,Lake/Pond,Field Msr/Obs,Surface Water,7/13/2023,Probe/Sensor,"Temperature, air",22,deg C
Missanabie Cree First Nation Community-led water quality monitoring,10849,Eskay Lake:Eskay lake boat launch (EL-WM—B),48.3337018,-84.0383211,Lake/Pond,Field Msr/Obs,Surface Water,7/13/2023,Probe/Sensor,Conductivity,75,uS/cm
Missanabie Cree First Nation Community-led water quality monitoring,10847,Hawk Lake:Hawk Lake boat launch (HL-WM-D),48.080144,-84.5518761,Lake/Pond,Field Msr/Obs,Surface Water,5/25/2023,,pH,6.8,None
Missanabie Cree First Nation Community-led water quality monitoring,10850,Dog lake:IVC-WM-A,48.3125996,-84.0359051,Lake/Pond,Field Msr/Obs,Surface Water,7/13/2023,Test strip,Chlorine,0,ppm
Missanabie Cree First Nation Community-led water quality monitoring,10848,Dog Lake:MartinVille (MV-WM-C,48.313915,-84.0620812,Lake/Pond,Field Msr/Obs,Surface Water,7/13/2023,Probe/Sensor,"Temperature, water",24.4,deg C
Missanabie Cree First Nation Community-led water quality monitoring,10847,Hawk Lake:Hawk Lake boat launch (HL-WM-D),48.080144,-84.5518761,Lake/Pond,Field Msr/Obs,Surface Water,7/13/2023,Probe/Sensor,"Temperature, water",25.7,deg C
Missanabie Cree First Nation Community-led water quality monitoring,10850,Dog lake:IVC-WM-A,48.3125996,-84.0359051,Lake/Pond,Field Msr/Obs,Surface Water,7/13/2023,Probe/Sensor,Conductivity,84,uS/cm
Missanabie Cree First Nation Community-led water quality monitoring,10850,Dog lake:IVC-WM-A,48.3125996,-84.0359051,Lake/Pond,Field Msr/Obs,Surface Water,7/13/2023,Test strip,"Alkalinity, total",80,mg/L
Missanabie Cree First Nation Community-led water quality monitoring,10847,Hawk Lake:Hawk Lake boat launch (HL-WM-D),48.080144,-84.5518761,Lake/Pond,Field Msr/Obs,Surface Water,7/13/2023,Probe/Sensor,Dissolved oxygen (DO),12,mg/L
Missanabie Cree First Nation Community-led water quality monitoring,10850,Dog lake:IVC-WM-A,48.3125996,-84.0359051,Lake/Pond,Field Msr/Obs,Surface Water,7/13/2023,,pH,7.2,None
Missanabie Cree First Nation Community-led water quality monitoring,10848,Dog Lake:MartinVille (MV-WM-C,48.313915,-84.0620812,Lake/Pond,Field Msr/Obs,Surface Water,7/13/2023,Test strip,Total hardness,0,mg/L
Missanabie Cree First Nation Community-led water quality monitoring,10847,Hawk Lake:Hawk Lake boat launch (HL-WM-D),48.080144,-84.5518761,Lake/Pond,Field Msr/Obs,Surface Water,7/13/2023,Probe/Sensor,Conductivity,122,uS/cm
Missanabie Cree First Nation Community-led water quality monitoring,10850,Dog lake:IVC-WM-A,48.3125996,-84.0359051,Lake/Pond,Field Msr/Obs,Surface Water,7/13/2023,Probe/Sensor,"Temperature, air",19,deg C
Missanabie Cree First Nation Community-led water quality monitoring,10846,Michipicoten River:Michipicoten River (MRM-WM-E),47.9222696,-84.8045415,River/Stream,Field Msr/Obs,Surface Water,7/13/2023,Probe/Sensor,"Temperature, water",18.4,deg C
Missanabie Cree First Nation Community-led water quality monitoring,10847,Hawk Lake:Hawk Lake boat launch (HL-WM-D),48.080144,-84.5518761,Lake/Pond,Field Msr/Obs,Surface Water,7/13/2023,Probe/Sensor,"Temperature, air",20,deg C
Missanabie Cree First Nation Community-led water quality monitoring,10849,Eskay Lake:Eskay lake boat launch (EL-WM—B),48.3337018,-84.0383211,Lake/Pond,Field Msr/Obs,Surface Water,7/13/2023,Test strip,Total hardness,0,mg/L
Missanabie Cree First Nation Community-led water quality monitoring,10847,Hawk Lake:Hawk Lake boat launch (HL-WM-D),48.080144,-84.5518761,Lake/Pond,Field Msr/Obs,Surface Water,7/13/2023,,pH,7.2,None
Missanabie Cree First Nation Community-led water quality monitoring,10849,Eskay Lake:Eskay lake boat launch (EL-WM—B),48.3337018,-84.0383211,Lake/Pond,Field Msr/Obs,Surface Water,7/13/2023,Probe/Sensor,Dissolved oxygen (DO),11,mg/L
Missanabie Cree First Nation Community-led water quality monitoring,10847,Hawk Lake:Hawk Lake boat launch (HL-WM-D),48.080144,-84.5518761,Lake/Pond,Field Msr/Obs,Surface Water,5/25/2023,Probe/Sensor,Conductivity,103,uS/cm
Missanabie Cree First Nation Community-led water quality monitoring,10847,Hawk Lake:Hawk Lake boat launch (HL-WM-D),48.080144,-84.5518761,Lake/Pond,Field Msr/Obs,Surface Water,5/25/2023,Probe/Sensor,"Temperature, air",12,deg C
Missanabie Cree First Nation Community-led water quality monitoring,10846,Michipicoten River:Michipicoten River (MRM-WM-E),47.9222696,-84.8045415,River/Stream,Field Msr/Obs,Surface Water,7/13/2023,Probe/Sensor,Conductivity,63,uS/cm
Missanabie Cree First Nation Community-led water quality monitoring,10849,Eskay Lake:Eskay lake boat launch (EL-WM—B),48.3337018,-84.0383211,Lake/Pond,Field Msr/Obs,Surface Water,7/13/2023,Probe/Sensor,"Temperature, water",20.3,deg C
Missanabie Cree First Nation Community-led water quality monitoring,10850,Dog lake:IVC-WM-A,48.3125996,-84.0359051,Lake/Pond,Field Msr/Obs,Surface Water,7/13/2023,Test strip,Total hardness,0,mg/L
Missanabie Cree First Nation Community-led water quality monitoring,10848,Dog Lake:MartinVille (MV-WM-C,48.313915,-84.0620812,Lake/Pond,Field Msr/Obs,Surface Water,7/13/2023,,pH,7.2,None
Missanabie Cree First Nation Community-led water quality monitoring,10847,Hawk Lake:Hawk Lake boat launch (HL-WM-D),48.080144,-84.5518761,Lake/Pond,Field Msr/Obs,Surface Water,7/13/2023,Test strip,Chlorine,0,ppm
Missanabie Cree First Nation Community-led water quality monitoring,10849,Eskay Lake:Eskay lake boat launch (EL-WM—B),48.3337018,-84.0383211,Lake/Pond,Field Msr/Obs,Surface Water,7/13/2023,Test strip,Chlorine,0,ppm
Missanabie Cree First Nation Community-led water quality monitoring,10847,Hawk Lake:Hawk Lake boat launch (HL-WM-D),48.080144,-84.5518761,Lake/Pond,Field Msr/Obs,Surface Water,7/13/2023,Test strip,"Alkalinity, total",80,mg/L
Missanabie Cree First Nation Community-led water quality monitoring,10846,Michipicoten River:Michipicoten River (MRM-WM-E),47.9222696,-84.8045415,River/Stream,Field Msr/Obs,Surface Water,7/13/2023,Test strip,Total hardness,0,mg/L
Missanabie Cree First Nation Community-led water quality monitoring,10850,Dog lake:IVC-WM-A,48.3125996,-84.0359051,Lake/Pond,Field Msr/Obs,Surface Water,7/13/2023,Probe/Sensor,Dissolved oxygen (DO),10,mg/L
Missanabie Cree First Nation Community-led water quality monitoring,10848,Dog Lake:MartinVille (MV-WM-C,48.313915,-84.0620812,Lake/Pond,Field Msr/Obs,Surface Water,7/13/2023,Probe/Sensor,Conductivity,88,uS/cm
Missanabie Cree First Nation Community-led water quality monitoring,10847,Hawk Lake:Hawk Lake boat launch (HL-WM-D),48.080144,-84.5518761,Lake/Pond,Field Msr/Obs,Surface Water,5/25/2023,Test strip,Total hardness,0,mg/L
Missanabie Cree First Nation Community-led water quality monitoring,10848,Dog Lake:MartinVille (MV-WM-C,48.313915,-84.0620812,Lake/Pond,Field Msr/Obs,Surface Water,7/13/2023,Test strip,"Alkalinity, total",80,mg/L
Missanabie Cree First Nation Community-led water quality monitoring,10846,Michipicoten River:Michipicoten River (MRM-WM-E),47.9222696,-84.8045415,River/Stream,Field Msr/Obs,Surface Water,7/13/2023,Probe/Sensor,Dissolved oxygen (DO),10,mg/L
Missanabie Cree First Nation Community-led water quality monitoring,10846,Michipicoten River:Michipicoten River (MRM-WM-E),47.9222696,-84.8045415,River/Stream,Field Msr/Obs,Surface Water,7/13/2023,Test strip,Chlorine,0,ppm
Missanabie Cree First Nation Community-led water quality monitoring,10850,Dog lake:IVC-WM-A,48.3125996,-84.0359051,Lake/Pond,Field Msr/Obs,Surface Water,7/13/2023,Probe/Sensor,"Temperature, water",19.8,deg C
Missanabie Cree First Nation Community-led water quality monitoring,10847,Hawk Lake:Hawk Lake boat launch (HL-WM-D),48.080144,-84.5518761,Lake/Pond,Field Msr/Obs,Surface Water,7/13/2023,Test strip,Total hardness,0,mg/L
Missanabie Cree First Nation Community-led water quality monitoring,10846,Michipicoten River:Michipicoten River (MRM-WM-E),47.9222696,-84.8045415,River/Stream,Field Msr/Obs,Surface Water,7/13/2023,,pH,6.8,None
Missanabie Cree First Nation Community-led water quality monitoring,10848,Dog Lake:MartinVille (MV-WM-C,48.313915,-84.0620812,Lake/Pond,Field Msr/Obs,Surface Water,7/13/2023,Probe/Sensor,Dissolved oxygen (DO),10,mg/L
Missanabie Cree First Nation Community-led water quality monitoring,10847,Hawk Lake:Hawk Lake boat launch (HL-WM-D),48.080144,-84.5518761,Lake/Pond,Field Msr/Obs,Surface Water,5/25/2023,Test strip,Chlorine,0,ppm
Missanabie Cree First Nation Community-led water quality monitoring,10850,Dog lake:IVC-WM-A,48.3125996,-84.0359051,Lake/Pond,Field Msr/Obs,Surface Water,5/24/2023,Probe/Sensor,"Temperature, water",10,deg C
Missanabie Cree First Nation Community-led water quality monitoring,10850,Dog lake:IVC-WM-A,48.3125996,-84.0359051,Lake/Pond,Field Msr/Obs,Surface Water,5/24/2023,Test strip,Total hardness,0,mg/L
Missanabie Cree First Nation Community-led water quality monitoring,10850,Dog lake:IVC-WM-A,48.3125996,-84.0359051,Lake/Pond,Field Msr/Obs,Surface Water,5/24/2023,Probe/Sensor,Conductivity,83,uS/cm
Missanabie Cree First Nation Community-led water quality monitoring,10850,Dog lake:IVC-WM-A,48.3125996,-84.0359051,Lake/Pond,Field Msr/Obs,Surface Water,5/24/2023,Probe/Sensor,Dissolved oxygen (DO),8,mg/L
Missanabie Cree First Nation Community-led water quality monitoring,10850,Dog lake:IVC-WM-A,48.3125996,-84.0359051,Lake/Pond,Field Msr/Obs,Surface Water,5/24/2023,Test strip,"Alkalinity, total",40,mg/L
Missanabie Cree First Nation Community-led water quality monitoring,10850,Dog lake:IVC-WM-A,48.3125996,-84.0359051,Lake/Pond,Field Msr/Obs,Surface Water,5/24/2023,Test strip,Chlorine,0,ppm
Missanabie Cree First Nation Community-led water quality monitoring,10850,Dog lake:IVC-WM-A,48.3125996,-84.0359051,Lake/Pond,Field Msr/Obs,Surface Water,5/24/2023,Secchi Disk,Depth of water column,1,m
Missanabie Cree First Nation Community-led water quality monitoring,10850,Dog lake:IVC-WM-A,48.3125996,-84.0359051,Lake/Pond,Field Msr/Obs,Surface Water,5/24/2023,,pH,6.8,None
Missanabie Cree First Nation Community-led water quality monitoring,10849,Eskay Lake:Eskay lake boat launch (EL-WM—B),48.3337018,-84.0383211,Lake/Pond,Field Msr/Obs,Surface Water,8/29/2023,Test strip,"Alkalinity, total",120,mg/L
Missanabie Cree First Nation Community-led water quality monitoring,10846,Michipicoten River:Michipicoten River (MRM-WM-E),47.9222696,-84.8045415,River/Stream,Field Msr/Obs,Surface Water,8/13/2023,,pH,7.2,None
Missanabie Cree First Nation Community-led water quality monitoring,10848,Dog Lake:MartinVille (MV-WM-C,48.313915,-84.0620812,Lake/Pond,Field Msr/Obs,Surface Water,8/14/2023,Probe/Sensor,"Temperature, water",23.3,deg C
Missanabie Cree First Nation Community-led water quality monitoring,10846,Michipicoten River:Michipicoten River (MRM-WM-E),47.9222696,-84.8045415,River/Stream,Field Msr/Obs,Surface Water,8/13/2023,Test strip,Total hardness,0,mg/L
Missanabie Cree First Nation Community-led water quality monitoring,10848,Dog Lake:MartinVille (MV-WM-C,48.313915,-84.0620812,Lake/Pond,Field Msr/Obs,Surface Water,8/14/2023,Probe/Sensor,"Temperature, air",21,deg C
Missanabie Cree First Nation Community-led water quality monitoring,10846,Michipicoten River:Michipicoten River (MRM-WM-E),47.9222696,-84.8045415,River/Stream,Field Msr/Obs,Surface Water,8/13/2023,Probe/Sensor,Conductivity,72,uS/cm
Missanabie Cree First Nation Community-led water quality monitoring,10850,Dog lake:IVC-WM-A,48.3125996,-84.0359051,Lake/Pond,Field Msr/Obs,Surface Water,8/14/2023,Probe/Sensor,"Temperature, water",23.5,deg C
Missanabie Cree First Nation Community-led water quality monitoring,10850,Dog lake:IVC-WM-A,48.3125996,-84.0359051,Lake/Pond,Field Msr/Obs,Surface Water,8/14/2023,,pH,7.2,None
Missanabie Cree First Nation Community-led water quality monitoring,10850,Dog lake:IVC-WM-A,48.3125996,-84.0359051,Lake/Pond,Field Msr/Obs,Surface Water,8/14/2023,Probe/Sensor,Conductivity,93,uS/cm
Missanabie Cree First Nation Community-led water quality monitoring,10848,Dog Lake:MartinVille (MV-WM-C,48.313915,-84.0620812,Lake/Pond,Field Msr/Obs,Surface Water,8/14/2023,Probe/Sensor,Dissolved oxygen (DO),12,mg/L
Missanabie Cree First Nation Community-led water quality monitoring,10849,Eskay Lake:Eskay lake boat launch (EL-WM—B),48.3337018,-84.0383211,Lake/Pond,Field Msr/Obs,Surface Water,8/29/2023,Probe/Sensor,"Temperature, air",19,deg C
Missanabie Cree First Nation Community-led water quality monitoring,10849,Eskay Lake:Eskay lake boat launch (EL-WM—B),48.3337018,-84.0383211,Lake/Pond,Field Msr/Obs,Surface Water,8/29/2023,Probe/Sensor,Dissolved oxygen (DO),11,mg/L
Missanabie Cree First Nation Community-led water quality monitoring,10849,Eskay Lake:Eskay lake boat launch (EL-WM—B),48.3337018,-84.0383211,Lake/Pond,Field Msr/Obs,Surface Water,8/29/2023,Test strip,Chlorine,0,ppm
Missanabie Cree First Nation Community-led water quality monitoring,10846,Michipicoten River:Michipicoten River (MRM-WM-E),47.9222696,-84.8045415,River/Stream,Field Msr/Obs,Surface Water,8/13/2023,Probe/Sensor,"Temperature, water",17.2,deg C
Missanabie Cree First Nation Community-led water quality monitoring,10847,Hawk Lake:Hawk Lake boat launch (HL-WM-D),48.080144,-84.5518761,Lake/Pond,Field Msr/Obs,Surface Water,8/13/2023,Probe/Sensor,"Temperature, water",20.8,deg C
Missanabie Cree First Nation Community-led water quality monitoring,10850,Dog lake:IVC-WM-A,48.3125996,-84.0359051,Lake/Pond,Field Msr/Obs,Surface Water,8/14/2023,Probe/Sensor,Dissolved oxygen (DO),12,mg/L
Missanabie Cree First Nation Community-led water quality monitoring,10848,Dog Lake:MartinVille (MV-WM-C,48.313915,-84.0620812,Lake/Pond,Field Msr/Obs,Surface Water,8/14/2023,,pH,7.2,None
Missanabie Cree First Nation Community-led water quality monitoring,10849,Eskay Lake:Eskay lake boat launch (EL-WM—B),48.3337018,-84.0383211,Lake/Pond,Field Msr/Obs,Surface Water,8/29/2023,Probe/Sensor,"Temperature, water",23.5,deg C
Missanabie Cree First Nation Community-led water quality monitoring,10849,Eskay Lake:Eskay lake boat launch (EL-WM—B),48.3337018,-84.0383211,Lake/Pond,Field Msr/Obs,Surface Water,8/29/2023,Test strip,Total hardness,0,mg/L
Missanabie Cree First Nation Community-led water quality monitoring,10846,Michipicoten River:Michipicoten River (MRM-WM-E),47.9222696,-84.8045415,River/Stream,Field Msr/Obs,Surface Water,8/13/2023,Test strip,"Alkalinity, total",80,mg/L
Missanabie Cree First Nation Community-led water quality monitoring,10847,Hawk Lake:Hawk Lake boat launch (HL-WM-D),48.080144,-84.5518761,Lake/Pond,Field Msr/Obs,Surface Water,8/13/2023,Probe/Sensor,Conductivity,126,uS/cm
Missanabie Cree First Nation Community-led water quality monitoring,10848,Dog Lake:MartinVille (MV-WM-C,48.313915,-84.0620812,Lake/Pond,Field Msr/Obs,Surface Water,8/14/2023,Test strip,Chlorine,0,ppm
Missanabie Cree First Nation Community-led water quality monitoring,10849,Eskay Lake:Eskay lake boat launch (EL-WM—B),48.3337018,-84.0383211,Lake/Pond,Field Msr/Obs,Surface Water,8/29/2023,Probe/Sensor,Conductivity,75,uS/cm
Missanabie Cree First Nation Community-led water quality monitoring,10850,Dog lake:IVC-WM-A,48.3125996,-84.0359051,Lake/Pond,Field Msr/Obs,Surface Water,8/14/2023,Test strip,Chlorine,0,ppm
Missanabie Cree First Nation Community-led water quality monitoring,10847,Hawk Lake:Hawk Lake boat launch (HL-WM-D),48.080144,-84.5518761,Lake/Pond,Field Msr/Obs,Surface Water,8/13/2023,Test strip,Total hardness,0,mg/L
Missanabie Cree First Nation Community-led water quality monitoring,10850,Dog lake:IVC-WM-A,48.3125996,-84.0359051,Lake/Pond,Field Msr/Obs,Surface Water,8/14/2023,Test strip,"Alkalinity, total",80,mg/L
Missanabie Cree First Nation Community-led water quality monitoring,10848,Dog Lake:MartinVille (MV-WM-C,48.313915,-84.0620812,Lake/Pond,Field Msr/Obs,Surface Water,8/14/2023,Test strip,"Alkalinity, total",80,mg/L
Missanabie Cree First Nation Community-led water quality monitoring,10846,Michipicoten River:Michipicoten River (MRM-WM-E),47.9222696,-84.8045415,River/Stream,Field Msr/Obs,Surface Water,8/13/2023,Test strip,Chlorine,0,ppm
Missanabie Cree First Nation Community-led water quality monitoring,10847,Hawk Lake:Hawk Lake boat launch (HL-WM-D),48.080144,-84.5518761,Lake/Pond,Field Msr/Obs,Surface Water,8/13/2023,Test strip,Chlorine,0,ppm
Missanabie Cree First Nation Community-led water quality monitoring,10847,Hawk Lake:Hawk Lake boat launch (HL-WM-D),48.080144,-84.5518761,Lake/Pond,Field Msr/Obs,Surface Water,8/13/2023,Test strip,"Alkalinity, total",80,mg/L
Missanabie Cree First Nation Community-led water quality monitoring,10850,Dog lake:IVC-WM-A,48.3125996,-84.0359051,Lake/Pond,Field Msr/Obs,Surface Water,8/14/2023,Probe/Sensor,"Temperature, air",17,deg C
Missanabie Cree First Nation Community-led water quality monitoring,10849,Eskay Lake:Eskay lake boat launch (EL-WM—B),48.3337018,-84.0383211,Lake/Pond,Field Msr/Obs,Surface Water,8/29/2023,,pH,7.2,None
Missanabie Cree First Nation Community-led water quality monitoring,10846,Michipicoten River:Michipicoten River (MRM-WM-E),47.9222696,-84.8045415,River/Stream,Field Msr/Obs,Surface Water,8/13/2023,Probe/Sensor,"Temperature, air",15,deg C
Missanabie Cree First Nation Community-led water quality monitoring,10848,Dog Lake:MartinVille (MV-WM-C,48.313915,-84.0620812,Lake/Pond,Field Msr/Obs,Surface Water,8/14/2023,Test strip,Total hardness,0,mg/L
Missanabie Cree First Nation Community-led water quality monitoring,10847,Hawk Lake:Hawk Lake boat launch (HL-WM-D),48.080144,-84.5518761,Lake/Pond,Field Msr/Obs,Surface Water,8/13/2023,,pH,7.2,None
Missanabie Cree First Nation Community-led water quality monitoring,10848,Dog Lake:MartinVille (MV-WM-C,48.313915,-84.0620812,Lake/Pond,Field Msr/Obs,Surface Water,8/14/2023,Probe/Sensor,Conductivity,89,uS/cm
Missanabie Cree First Nation Community-led water quality monitoring,10850,Dog lake:IVC-WM-A,48.3125996,-84.0359051,Lake/Pond,Field Msr/Obs,Surface Water,8/14/2023,Test strip,Total hardness,0,mg/L
Missanabie Cree First Nation Community-led water quality monitoring,10846,Michipicoten River:Michipicoten River (MRM-WM-E),47.9222696,-84.8045415,River/Stream,Field Msr/Obs,Surface Water,8/13/2023,Probe/Sensor,Dissolved oxygen (DO),9,mg/L
Missanabie Cree First Nation Community-led water quality monitoring,10847,Hawk Lake:Hawk Lake boat launch (HL-WM-D),48.080144,-84.5518761,Lake/Pond,Field Msr/Obs,Surface Water,8/13/2023,Probe/Sensor,"Temperature, air",18.5,deg C
Missanabie Cree First Nation Community-led water quality monitoring,10847,Hawk Lake:Hawk Lake boat launch (HL-WM-D),48.080144,-84.5518761,Lake/Pond,Field Msr/Obs,Surface Water,8/13/2023,Probe/Sensor,Dissolved oxygen (DO),12,mg/L
Missanabie Cree First Nation Community-led water quality monitoring,10850,Dog lake:IVC-WM-A,48.3125996,-84.0359051,Lake/Pond,Field Msr/Obs,Surface Water,7/20/2022,Probe/Sensor,"Temperature, water",26.1,deg C
Missanabie Cree First Nation Community-led water quality monitoring,10848,Dog Lake:MartinVille (MV-WM-C,48.313915,-84.0620812,Lake/Pond,Field Msr/Obs,Surface Water,7/22/2022,Probe/Sensor,"Temperature, water",24.9,deg C
Missanabie Cree First Nation Community-led water quality monitoring,10850,Dog lake:IVC-WM-A,48.3125996,-84.0359051,Lake/Pond,Field Msr/Obs,Surface Water,7/20/2022,Secchi Disk,"Depth, Secchi disk depth",50,m
Missanabie Cree First Nation Community-led water quality monitoring,10846,Michipicoten River:Michipicoten River (MRM-WM-E),47.9222696,-84.8045415,River/Stream,Field Msr/Obs,Surface Water,9/24/2024,,pH,7.2,None
Missanabie Cree First Nation Community-led water quality monitoring,10850,Dog lake:IVC-WM-A,48.3125996,-84.0359051,Lake/Pond,Field Msr/Obs,Surface Water,9/10/2024,Test strip,Chlorine,0,ppm
Missanabie Cree First Nation Community-led water quality monitoring,10848,Dog Lake:MartinVille (MV-WM-C,48.313915,-84.0620812,Lake/Pond,Field Msr/Obs,Surface Water,8/8/2022,Test strip,"Alkalinity, total",90,mg/L
Missanabie Cree First Nation Community-led water quality monitoring,10847,Hawk Lake:Hawk Lake boat launch (HL-WM-D),48.080144,-84.5518761,Lake/Pond,Field Msr/Obs,Surface Water,9/25/2024,Probe/Sensor,Conductivity,117,uS/cm
Missanabie Cree First Nation Community-led water quality monitoring,10850,Dog lake:IVC-WM-A,48.3125996,-84.0359051,Lake/Pond,Field Msr/Obs,Surface Water,9/10/2024,Probe/Sensor,"Temperature, air",20,deg C
Missanabie Cree First Nation Community-led water quality monitoring,10848,Dog Lake:MartinVille (MV-WM-C,48.313915,-84.0620812,Lake/Pond,Field Msr/Obs,Surface Water,7/18/2022,Probe/Sensor,Conductivity,97,uS/cm
Missanabie Cree First Nation Community-led water quality monitoring,19383,Bolkow Lake - Boat Launch:Bolkow Lake - Boat Launch - South Shore,48.1336076,-83.9440656,Lake/Pond,Field Msr/Obs,Surface Water,9/25/2024,,pH,6.9,None
Missanabie Cree First Nation Community-led water quality monitoring,10848,Dog Lake:MartinVille (MV-WM-C,48.313915,-84.0620812,Lake/Pond,Field Msr/Obs,Surface Water,9/10/2024,Test strip,"Alkalinity, total",100,mg/L
Missanabie Cree First Nation Community-led water quality monitoring,10849,Eskay Lake:Eskay lake boat launch (EL-WM—B),48.3337018,-84.0383211,Lake/Pond,Field Msr/Obs,Surface Water,8/11/2022,Probe/Sensor,Dissolved oxygen (DO),7.5,mg/L
Missanabie Cree First Nation Community-led water quality monitoring,10849,Eskay Lake:Eskay lake boat launch (EL-WM—B),48.3337018,-84.0383211,Lake/Pond,Field Msr/Obs,Surface Water,7/28/2022,Secchi Disk,"Depth, Secchi disk depth",28,m
Missanabie Cree First Nation Community-led water quality monitoring,10849,Eskay Lake:Eskay lake boat launch (EL-WM—B),48.3337018,-84.0383211,Lake/Pond,Field Msr/Obs,Surface Water,9/24/2024,Test strip,"Alkalinity, total",80,mg/L
Missanabie Cree First Nation Community-led water quality monitoring,10848,Dog Lake:MartinVille (MV-WM-C,48.313915,-84.0620812,Lake/Pond,Field Msr/Obs,Surface Water,8/28/2022,Probe/Sensor,"Temperature, water",21.9,deg C
Missanabie Cree First Nation Community-led water quality monitoring,10847,Hawk Lake:Hawk Lake boat launch (HL-WM-D),48.080144,-84.5518761,Lake/Pond,Field Msr/Obs,Surface Water,9/25/2024,Secchi Disk,Depth of water column,0.25,m
Missanabie Cree First Nation Community-led water quality monitoring,10850,Dog lake:IVC-WM-A,48.3125996,-84.0359051,Lake/Pond,Field Msr/Obs,Surface Water,7/20/2022,Test strip,Chlorine,0,ppm
Missanabie Cree First Nation Community-led water quality monitoring,10850,Dog lake:IVC-WM-A,48.3125996,-84.0359051,Lake/Pond,Field Msr/Obs,Surface Water,9/10/2024,Probe/Sensor,Dissolved oxygen (DO),6,mg/L
Missanabie Cree First Nation Community-led water quality monitoring,10849,Eskay Lake:Eskay lake boat launch (EL-WM—B),48.3337018,-84.0383211,Lake/Pond,Field Msr/Obs,Surface Water,9/24/2024,Probe/Sensor,Conductivity,79,uS/cm
Missanabie Cree First Nation Community-led water quality monitoring,10850,Dog lake:IVC-WM-A,48.3125996,-84.0359051,Lake/Pond,Field Msr/Obs,Surface Water,8/11/2022,Probe/Sensor,Conductivity,94,uS/cm
Missanabie Cree First Nation Community-led water quality monitoring,10850,Dog lake:IVC-WM-A,48.3125996,-84.0359051,Lake/Pond,Field Msr/Obs,Surface Water,7/28/2022,Test strip,Chlorine,0,ppm
Missanabie Cree First Nation Community-led water quality monitoring,10847,Hawk Lake:Hawk Lake boat launch (HL-WM-D),48.080144,-84.5518761,Lake/Pond,Field Msr/Obs,Surface Water,9/10/2024,Test strip,"Alkalinity, total",100,mg/L
Missanabie Cree First Nation Community-led water quality monitoring,19383,Bolkow Lake - Boat Launch:Bolkow Lake - Boat Launch - South Shore,48.1336076,-83.9440656,Lake/Pond,Field Msr/Obs,Surface Water,9/25/2024,Probe/Sensor,Dissolved oxygen (DO),7,mg/L
Missanabie Cree First Nation Community-led water quality monitoring,10849,Eskay Lake:Eskay lake boat launch (EL-WM—B),48.3337018,-84.0383211,Lake/Pond,Field Msr/Obs,Surface Water,9/10/2024,Probe/Sensor,"Temperature, air",25,deg C
Missanabie Cree First Nation Community-led water quality monitoring,10849,Eskay Lake:Eskay lake boat launch (EL-WM—B),48.3337018,-84.0383211,Lake/Pond,Field Msr/Obs,Surface Water,8/11/2022,Probe/Sensor,"Temperature, air",11,deg C
Missanabie Cree First Nation Community-led water quality monitoring,10848,Dog Lake:MartinVille (MV-WM-C,48.313915,-84.0620812,Lake/Pond,Field Msr/Obs,Surface Water,9/24/2024,Test strip,"Alkalinity, total",120,mg/L
Missanabie Cree First Nation Community-led water quality monitoring,10850,Dog lake:IVC-WM-A,48.3125996,-84.0359051,Lake/Pond,Field Msr/Obs,Surface Water,9/10/2024,,pH,7.5,None
Missanabie Cree First Nation Community-led water quality monitoring,10847,Hawk Lake:Hawk Lake boat launch (HL-WM-D),48.080144,-84.5518761,Lake/Pond,Field Msr/Obs,Surface Water,8/8/2022,Probe/Sensor,Dissolved oxygen (DO),8,mg/L
Missanabie Cree First Nation Community-led water quality monitoring,10850,Dog lake:IVC-WM-A,48.3125996,-84.0359051,Lake/Pond,Field Msr/Obs,Surface Water,9/24/2024,Test strip,"Alkalinity, total",80,mg/L
Missanabie Cree First Nation Community-led water quality monitoring,10849,Eskay Lake:Eskay lake boat launch (EL-WM—B),48.3337018,-84.0383211,Lake/Pond,Field Msr/Obs,Surface Water,7/21/2022,Probe/Sensor,Dissolved oxygen (DO),6.5,mg/L
Missanabie Cree First Nation Community-led water quality monitoring,10847,Hawk Lake:Hawk Lake boat launch (HL-WM-D),48.080144,-84.5518761,Lake/Pond,Field Msr/Obs,Surface Water,8/3/2022,Test strip,"Alkalinity, total",90,mg/L
Missanabie Cree First Nation Community-led water quality monitoring,19383,Bolkow Lake - Boat Launch:Bolkow Lake - Boat Launch - South Shore,48.1336076,-83.9440656,Lake/Pond,Field Msr/Obs,Surface Water,9/25/2024,Probe/Sensor,Conductivity,40,uS/cm
Missanabie Cree First Nation Community-led water quality monitoring,10847,Hawk Lake:Hawk Lake boat launch (HL-WM-D),48.080144,-84.5518761,Lake/Pond,Field Msr/Obs,Surface Water,9/25/2024,Test strip,Chlorine,0,ppm
Missanabie Cree First Nation Community-led water quality monitoring,10848,Dog Lake:MartinVille (MV-WM-C,48.313915,-84.0620812,Lake/Pond,Field Msr/Obs,Surface Water,8/28/2022,Probe/Sensor,"Temperature, air",20.5,deg C
Missanabie Cree First Nation Community-led water quality monitoring,10847,Hawk Lake:Hawk Lake boat launch (HL-WM-D),48.080144,-84.5518761,Lake/Pond,Field Msr/Obs,Surface Water,9/10/2024,Test strip,Chlorine,0,ppm
Missanabie Cree First Nation Community-led water quality monitoring,10848,Dog Lake:MartinVille (MV-WM-C,48.313915,-84.0620812,Lake/Pond,Field Msr/Obs,Surface Water,9/10/2024,Probe/Sensor,"Temperature, air",20.2,deg C
Missanabie Cree First Nation Community-led water quality monitoring,10849,Eskay Lake:Eskay lake boat launch (EL-WM—B),48.3337018,-84.0383211,Lake/Pond,Field Msr/Obs,Surface Water,9/24/2024,Test strip,Total hardness,0,mg/L
Missanabie Cree First Nation Community-led water quality monitoring,10849,Eskay Lake:Eskay lake boat launch (EL-WM—B),48.3337018,-84.0383211,Lake/Pond,Field Msr/Obs,Surface Water,9/24/2024,Test strip,Chlorine,0,ppm
Missanabie Cree First Nation Community-led water quality monitoring,10847,Hawk Lake:Hawk Lake boat launch (HL-WM-D),48.080144,-84.5518761,Lake/Pond,Field Msr/Obs,Surface Water,7/31/2022,Test strip,Chlorine,0,ppm
Missanabie Cree First Nation Community-led water quality monitoring,10848,Dog Lake:MartinVille (MV-WM-C,48.313915,-84.0620812,Lake/Pond,Field Msr/Obs,Surface Water,9/24/2024,Probe/Sensor,Total dissolved solids,49,ppm
Missanabie Cree First Nation Community-led water quality monitoring,10850,Dog lake:IVC-WM-A,48.3125996,-84.0359051,Lake/Pond,Field Msr/Obs,Surface Water,9/24/2024,Probe/Sensor,"Temperature, water",17.5,deg C
Missanabie Cree First Nation Community-led water quality monitoring,10850,Dog lake:IVC-WM-A,48.3125996,-84.0359051,Lake/Pond,Field Msr/Obs,Surface Water,7/28/2022,Probe/Sensor,Conductivity,95,uS/cm
Missanabie Cree First Nation Community-led water quality monitoring,10846,Michipicoten River:Michipicoten River (MRM-WM-E),47.9222696,-84.8045415,River/Stream,Field Msr/Obs,Surface Water,9/10/2024,Probe/Sensor,Conductivity,67,uS/cm
Missanabie Cree First Nation Community-led water quality monitoring,10847,Hawk Lake:Hawk Lake boat launch (HL-WM-D),48.080144,-84.5518761,Lake/Pond,Field Msr/Obs,Surface Water,9/25/2024,Test strip,"Alkalinity, total",95,mg/L
Missanabie Cree First Nation Community-led water quality monitoring,10847,Hawk Lake:Hawk Lake boat launch (HL-WM-D),48.080144,-84.5518761,Lake/Pond,Field Msr/Obs,Surface Water,7/31/2022,Test strip,"Alkalinity, total",90,mg/L
Missanabie Cree First Nation Community-led water quality monitoring,10849,Eskay Lake:Eskay lake boat launch (EL-WM—B),48.3337018,-84.0383211,Lake/Pond,Field Msr/Obs,Surface Water,7/28/2022,Test strip,"Alkalinity, total",90,mg/L
Missanabie Cree First Nation Community-led water quality monitoring,10848,Dog Lake:MartinVille (MV-WM-C,48.313915,-84.0620812,Lake/Pond,Field Msr/Obs,Surface Water,8/28/2022,Probe/Sensor,Dissolved oxygen (DO),7.5,mg/L
Missanabie Cree First Nation Community-led water quality monitoring,10847,Hawk Lake:Hawk Lake boat launch (HL-WM-D),48.080144,-84.5518761,Lake/Pond,Field Msr/Obs,Surface Water,9/10/2024,Probe/Sensor,"Temperature, water",22.5,deg C
Missanabie Cree First Nation Community-led water quality monitoring,10846,Michipicoten River:Michipicoten River (MRM-WM-E),47.9222696,-84.8045415,River/Stream,Field Msr/Obs,Surface Water,9/10/2024,Probe/Sensor,"Temperature, air",20.5,deg C
Missanabie Cree First Nation Community-led water quality monitoring,10849,Eskay Lake:Eskay lake boat launch (EL-WM—B),48.3337018,-84.0383211,Lake/Pond,Field Msr/Obs,Surface Water,7/28/2022,Probe/Sensor,Dissolved oxygen (DO),6.5,mg/L
Missanabie Cree First Nation Community-led water quality monitoring,10849,Eskay Lake:Eskay lake boat launch (EL-WM—B),48.3337018,-84.0383211,Lake/Pond,Field Msr/Obs,Surface Water,8/11/2022,Test strip,"Alkalinity, total",90,mg/L
Missanabie Cree First Nation Community-led water quality monitoring,10849,Eskay Lake:Eskay lake boat launch (EL-WM—B),48.3337018,-84.0383211,Lake/Pond,Field Msr/Obs,Surface Water,8/11/2022,Test strip,Chlorine,0,ppm
Missanabie Cree First Nation Community-led water quality monitoring,10847,Hawk Lake:Hawk Lake boat launch (HL-WM-D),48.080144,-84.5518761,Lake/Pond,Field Msr/Obs,Surface Water,9/10/2024,Probe/Sensor,Dissolved oxygen (DO),6,mg/L
Missanabie Cree First Nation Community-led water quality monitoring,10848,Dog Lake:MartinVille (MV-WM-C,48.313915,-84.0620812,Lake/Pond,Field Msr/Obs,Surface Water,7/22/2022,Test strip,"Alkalinity, total",110,mg/L
Missanabie Cree First Nation Community-led water quality monitoring,10846,Michipicoten River:Michipicoten River (MRM-WM-E),47.9222696,-84.8045415,River/Stream,Field Msr/Obs,Surface Water,9/24/2024,Probe/Sensor,"Temperature, water",16.1,deg C
Missanabie Cree First Nation Community-led water quality monitoring,10847,Hawk Lake:Hawk Lake boat launch (HL-WM-D),48.080144,-84.5518761,Lake/Pond,Field Msr/Obs,Surface Water,8/3/2022,Probe/Sensor,"Temperature, water",23.4,deg C
Missanabie Cree First Nation Community-led water quality monitoring,10848,Dog Lake:MartinVille (MV-WM-C,48.313915,-84.0620812,Lake/Pond,Field Msr/Obs,Surface Water,7/18/2022,,pH,7.9,None
Missanabie Cree First Nation Community-led water quality monitoring,10850,Dog lake:IVC-WM-A,48.3125996,-84.0359051,Lake/Pond,Field Msr/Obs,Surface Water,9/24/2024,Probe/Sensor,"Temperature, air",17,deg C
Missanabie Cree First Nation Community-led water quality monitoring,10850,Dog lake:IVC-WM-A,48.3125996,-84.0359051,Lake/Pond,Field Msr/Obs,Surface Water,8/11/2022,Probe/Sensor,"Temperature, water",22,deg C
Missanabie Cree First Nation Community-led water quality monitoring,10850,Dog lake:IVC-WM-A,48.3125996,-84.0359051,Lake/Pond,Field Msr/Obs,Surface Water,8/11/2022,Secchi Disk,"Depth, Secchi disk depth",50,m
Missanabie Cree First Nation Community-led water quality monitoring,10850,Dog lake:IVC-WM-A,48.3125996,-84.0359051,Lake/Pond,Field Msr/Obs,Surface Water,9/24/2024,Test strip,Total hardness,0,mg/L
Missanabie Cree First Nation Community-led water quality monitoring,10850,Dog lake:IVC-WM-A,48.3125996,-84.0359051,Lake/Pond,Field Msr/Obs,Surface Water,9/24/2024,Probe/Sensor,Conductivity,89,uS/cm
Missanabie Cree First Nation Community-led water quality monitoring,10849,Eskay Lake:Eskay lake boat launch (EL-WM—B),48.3337018,-84.0383211,Lake/Pond,Field Msr/Obs,Surface Water,9/24/2024,Probe/Sensor,Total dissolved solids,40,ppm
Missanabie Cree First Nation Community-led water quality monitoring,10847,Hawk Lake:Hawk Lake boat launch (HL-WM-D),48.080144,-84.5518761,Lake/Pond,Field Msr/Obs,Surface Water,7/31/2022,,pH,7.4,None
Missanabie Cree First Nation Community-led water quality monitoring,10850,Dog lake:IVC-WM-A,48.3125996,-84.0359051,Lake/Pond,Field Msr/Obs,Surface Water,7/28/2022,Secchi Disk,"Depth, Secchi disk depth",45,m
Missanabie Cree First Nation Community-led water quality monitoring,10849,Eskay Lake:Eskay lake boat launch (EL-WM—B),48.3337018,-84.0383211,Lake/Pond,Field Msr/Obs,Surface Water,8/11/2022,Secchi Disk,"Depth, Secchi disk depth",28,m
Missanabie Cree First Nation Community-led water quality monitoring,10848,Dog Lake:MartinVille (MV-WM-C,48.313915,-84.0620812,Lake/Pond,Field Msr/Obs,Surface Water,9/10/2024,Probe/Sensor,Dissolved oxygen (DO),8,mg/L
Missanabie Cree First Nation Community-led water quality monitoring,19383,Bolkow Lake - Boat Launch:Bolkow Lake - Boat Launch - South Shore,48.1336076,-83.9440656,Lake/Pond,Field Msr/Obs,Surface Water,9/25/2024,Test strip,"Alkalinity, total",55,mg/L
Missanabie Cree First Nation Community-led water quality monitoring,10848,Dog Lake:MartinVille (MV-WM-C,48.313915,-84.0620812,Lake/Pond,Field Msr/Obs,Surface Water,9/24/2024,Test strip,Chlorine,0,ppm
Missanabie Cree First Nation Community-led water quality monitoring,10847,Hawk Lake:Hawk Lake boat launch (HL-WM-D),48.080144,-84.5518761,Lake/Pond,Field Msr/Obs,Surface Water,9/25/2024,Probe/Sensor,"Temperature, water",16.6,deg C
Missanabie Cree First Nation Community-led water quality monitoring,10850,Dog lake:IVC-WM-A,48.3125996,-84.0359051,Lake/Pond,Field Msr/Obs,Surface Water,8/11/2022,Test strip,"Alkalinity, total",90,mg/L
Missanabie Cree First Nation Community-led water quality monitoring,10848,Dog Lake:MartinVille (MV-WM-C,48.313915,-84.0620812,Lake/Pond,Field Msr/Obs,Surface Water,8/28/2022,Test strip,Chlorine,0,ppm
Missanabie Cree First Nation Community-led water quality monitoring,10848,Dog Lake:MartinVille (MV-WM-C,48.313915,-84.0620812,Lake/Pond,Field Msr/Obs,Surface Water,7/22/2022,Probe/Sensor,Conductivity,90,uS/cm
Missanabie Cree First Nation Community-led water quality monitoring,10850,Dog lake:IVC-WM-A,48.3125996,-84.0359051,Lake/Pond,Field Msr/Obs,Surface Water,9/24/2024,Secchi Disk,Depth of water column,0.25,m
Missanabie Cree First Nation Community-led water quality monitoring,10849,Eskay Lake:Eskay lake boat launch (EL-WM—B),48.3337018,-84.0383211,Lake/Pond,Field Msr/Obs,Surface Water,9/10/2024,Test strip,"Alkalinity, total",100,mg/L
Missanabie Cree First Nation Community-led water quality monitoring,10846,Michipicoten River:Michipicoten River (MRM-WM-E),47.9222696,-84.8045415,River/Stream,Field Msr/Obs,Surface Water,9/10/2024,,pH,7.2,None
Missanabie Cree First Nation Community-led water quality monitoring,10847,Hawk Lake:Hawk Lake boat launch (HL-WM-D),48.080144,-84.5518761,Lake/Pond,Field Msr/Obs,Surface Water,9/10/2024,Probe/Sensor,"Temperature, air",25,deg C
Missanabie Cree First Nation Community-led water quality monitoring,10849,Eskay Lake:Eskay lake boat launch (EL-WM—B),48.3337018,-84.0383211,Lake/Pond,Field Msr/Obs,Surface Water,9/24/2024,Probe/Sensor,"Temperature, air",14,deg C
Missanabie Cree First Nation Community-led water quality monitoring,10846,Michipicoten River:Michipicoten River (MRM-WM-E),47.9222696,-84.8045415,River/Stream,Field Msr/Obs,Surface Water,9/24/2024,Secchi Disk,Depth of water column,0.25,m
Missanabie Cree First Nation Community-led water quality monitoring,10846,Michipicoten River:Michipicoten River (MRM-WM-E),47.9222696,-84.8045415,River/Stream,Field Msr/Obs,Surface Water,9/24/2024,Probe/Sensor,Conductivity,69,uS/cm
Missanabie Cree First Nation Community-led water quality monitoring,10846,Michipicoten River:Michipicoten River (MRM-WM-E),47.9222696,-84.8045415,River/Stream,Field Msr/Obs,Surface Water,9/10/2024,Probe/Sensor,"Temperature, water",18.8,deg C
Missanabie Cree First Nation Community-led water quality monitoring,10847,Hawk Lake:Hawk Lake boat launch (HL-WM-D),48.080144,-84.5518761,Lake/Pond,Field Msr/Obs,Surface Water,9/25/2024,Probe/Sensor,Dissolved oxygen (DO),8,mg/L
Missanabie Cree First Nation Community-led water quality monitoring,10848,Dog Lake:MartinVille (MV-WM-C,48.313915,-84.0620812,Lake/Pond,Field Msr/Obs,Surface Water,9/24/2024,Secchi Disk,Depth of water column,0.25,m
Missanabie Cree First Nation Community-led water quality monitoring,10848,Dog Lake:MartinVille (MV-WM-C,48.313915,-84.0620812,Lake/Pond,Field Msr/Obs,Surface Water,7/22/2022,Test strip,Chlorine,0,ppm
Missanabie Cree First Nation Community-led water quality monitoring,10848,Dog Lake:MartinVille (MV-WM-C,48.313915,-84.0620812,Lake/Pond,Field Msr/Obs,Surface Water,8/28/2022,Secchi Disk,"Depth, Secchi disk depth",32,m
Missanabie Cree First Nation Community-led water quality monitoring,19383,Bolkow Lake - Boat Launch:Bolkow Lake - Boat Launch - South Shore,48.1336076,-83.9440656,Lake/Pond,Field Msr/Obs,Surface Water,9/25/2024,Test strip,Chlorine,0,ppm
Missanabie Cree First Nation Community-led water quality monitoring,10849,Eskay Lake:Eskay lake boat launch (EL-WM—B),48.3337018,-84.0383211,Lake/Pond,Field Msr/Obs,Surface Water,7/28/2022,Probe/Sensor,"Temperature, air",21,deg C
Missanabie Cree First Nation Community-led water quality monitoring,10847,Hawk Lake:Hawk Lake boat launch (HL-WM-D),48.080144,-84.5518761,Lake/Pond,Field Msr/Obs,Surface Water,9/10/2024,Probe/Sensor,Conductivity,110,uS/cm
Missanabie Cree First Nation Community-led water quality monitoring,10848,Dog Lake:MartinVille (MV-WM-C,48.313915,-84.0620812,Lake/Pond,Field Msr/Obs,Surface Water,7/22/2022,Secchi Disk,"Depth, Secchi disk depth",32,m
Missanabie Cree First Nation Community-led water quality monitoring,10848,Dog Lake:MartinVille (MV-WM-C,48.313915,-84.0620812,Lake/Pond,Field Msr/Obs,Surface Water,8/28/2022,Probe/Sensor,Conductivity,95,uS/cm
Missanabie Cree First Nation Community-led water quality monitoring,10849,Eskay Lake:Eskay lake boat launch (EL-WM—B),48.3337018,-84.0383211,Lake/Pond,Field Msr/Obs,Surface Water,7/21/2022,,pH,7.3,None
Missanabie Cree First Nation Community-led water quality monitoring,10849,Eskay Lake:Eskay lake boat launch (EL-WM—B),48.3337018,-84.0383211,Lake/Pond,Field Msr/Obs,Surface Water,7/28/2022,Probe/Sensor,"Temperature, water",22.1,deg C
Missanabie Cree First Nation Community-led water quality monitoring,10850,Dog lake:IVC-WM-A,48.3125996,-84.0359051,Lake/Pond,Field Msr/Obs,Surface Water,7/28/2022,,pH,7.9,None
Missanabie Cree First Nation Community-led water quality monitoring,10849,Eskay Lake:Eskay lake boat launch (EL-WM—B),48.3337018,-84.0383211,Lake/Pond,Field Msr/Obs,Surface Water,7/21/2022,Probe/Sensor,"Temperature, water",25.5,deg C
Missanabie Cree First Nation Community-led water quality monitoring,10849,Eskay Lake:Eskay lake boat launch (EL-WM—B),48.3337018,-84.0383211,Lake/Pond,Field Msr/Obs,Surface Water,8/11/2022,Probe/Sensor,Conductivity,80,uS/cm
Missanabie Cree First Nation Community-led water quality monitoring,10849,Eskay Lake:Eskay lake boat launch (EL-WM—B),48.3337018,-84.0383211,Lake/Pond,Field Msr/Obs,Surface Water,9/10/2024,,pH,7.8,None
Missanabie Cree First Nation Community-led water quality monitoring,10849,Eskay Lake:Eskay lake boat launch (EL-WM—B),48.3337018,-84.0383211,Lake/Pond,Field Msr/Obs,Surface Water,9/10/2024,Probe/Sensor,Conductivity,110,uS/cm
Missanabie Cree First Nation Community-led water quality monitoring,10848,Dog Lake:MartinVille (MV-WM-C,48.313915,-84.0620812,Lake/Pond,Field Msr/Obs,Surface Water,9/24/2024,Probe/Sensor,Dissolved oxygen (DO),6.3,mg/L
Missanabie Cree First Nation Community-led water quality monitoring,10847,Hawk Lake:Hawk Lake boat launch (HL-WM-D),48.080144,-84.5518761,Lake/Pond,Field Msr/Obs,Surface Water,8/8/2022,Secchi Disk,"Depth, Secchi disk depth",83,m
Missanabie Cree First Nation Community-led water quality monitoring,10850,Dog lake:IVC-WM-A,48.3125996,-84.0359051,Lake/Pond,Field Msr/Obs,Surface Water,9/24/2024,Probe/Sensor,Total dissolved solids,45,ppm
Missanabie Cree First Nation Community-led water quality monitoring,10848,Dog Lake:MartinVille (MV-WM-C,48.313915,-84.0620812,Lake/Pond,Field Msr/Obs,Surface Water,9/10/2024,Test strip,Chlorine,0,ppm
Missanabie Cree First Nation Community-led water quality monitoring,10850,Dog lake:IVC-WM-A,48.3125996,-84.0359051,Lake/Pond,Field Msr/Obs,Surface Water,9/10/2024,Probe/Sensor,"Temperature, water",15.6,deg C
Missanabie Cree First Nation Community-led water quality monitoring,10850,Dog lake:IVC-WM-A,48.3125996,-84.0359051,Lake/Pond,Field Msr/Obs,Surface Water,7/20/2022,,pH,7.8,None
Missanabie Cree First Nation Community-led water quality monitoring,10849,Eskay Lake:Eskay lake boat launch (EL-WM—B),48.3337018,-84.0383211,Lake/Pond,Field Msr/Obs,Surface Water,7/21/2022,Test strip,Chlorine,0,ppm
Missanabie Cree First Nation Community-led water quality monitoring,10849,Eskay Lake:Eskay lake boat launch (EL-WM—B),48.3337018,-84.0383211,Lake/Pond,Field Msr/Obs,Surface Water,7/21/2022,Probe/Sensor,Conductivity,74,uS/cm
Missanabie Cree First Nation Community-led water quality monitoring,10849,Eskay Lake:Eskay lake boat launch (EL-WM—B),48.3337018,-84.0383211,Lake/Pond,Field Msr/Obs,Surface Water,7/21/2022,Test strip,"Alkalinity, total",100,mg/L
Missanabie Cree First Nation Community-led water quality monitoring,10850,Dog lake:IVC-WM-A,48.3125996,-84.0359051,Lake/Pond,Field Msr/Obs,Surface Water,7/20/2022,Probe/Sensor,"Temperature, air",28,deg C
Missanabie Cree First Nation Community-led water quality monitoring,10847,Hawk Lake:Hawk Lake boat launch (HL-WM-D),48.080144,-84.5518761,Lake/Pond,Field Msr/Obs,Surface Water,8/8/2022,Probe/Sensor,"Temperature, water",20.3,deg C
Missanabie Cree First Nation Community-led water quality monitoring,10848,Dog Lake:MartinVille (MV-WM-C,48.313915,-84.0620812,Lake/Pond,Field Msr/Obs,Surface Water,7/18/2022,Probe/Sensor,"Temperature, water",22.8,deg C
Missanabie Cree First Nation Community-led water quality monitoring,10846,Michipicoten River:Michipicoten River (MRM-WM-E),47.9222696,-84.8045415,River/Stream,Field Msr/Obs,Surface Water,9/24/2024,Probe/Sensor,"Temperature, air",9,deg C
Missanabie Cree First Nation Community-led water quality monitoring,10848,Dog Lake:MartinVille (MV-WM-C,48.313915,-84.0620812,Lake/Pond,Field Msr/Obs,Surface Water,8/8/2022,Test strip,Chlorine,0,ppm
Missanabie Cree First Nation Community-led water quality monitoring,10847,Hawk Lake:Hawk Lake boat launch (HL-WM-D),48.080144,-84.5518761,Lake/Pond,Field Msr/Obs,Surface Water,8/8/2022,Test strip,"Alkalinity, total",90,mg/L
Missanabie Cree First Nation Community-led water quality monitoring,19383,Bolkow Lake - Boat Launch:Bolkow Lake - Boat Launch - South Shore,48.1336076,-83.9440656,Lake/Pond,Field Msr/Obs,Surface Water,9/25/2024,Probe/Sensor,"Temperature, air",19,deg C
Missanabie Cree First Nation Community-led water quality monitoring,10849,Eskay Lake:Eskay lake boat launch (EL-WM—B),48.3337018,-84.0383211,Lake/Pond,Field Msr/Obs,Surface Water,7/21/2022,Probe/Sensor,"Temperature, air",23.5,deg C
Missanabie Cree First Nation Community-led water quality monitoring,10849,Eskay Lake:Eskay lake boat launch (EL-WM—B),48.3337018,-84.0383211,Lake/Pond,Field Msr/Obs,Surface Water,9/10/2024,Probe/Sensor,Dissolved oxygen (DO),6,mg/L
Missanabie Cree First Nation Community-led water quality monitoring,10847,Hawk Lake:Hawk Lake boat launch (HL-WM-D),48.080144,-84.5518761,Lake/Pond,Field Msr/Obs,Surface Water,9/25/2024,Test strip,Total hardness,0,mg/L
Missanabie Cree First Nation Community-led water quality monitoring,10848,Dog Lake:MartinVille (MV-WM-C,48.313915,-84.0620812,Lake/Pond,Field Msr/Obs,Surface Water,9/10/2024,Probe/Sensor,"Temperature, water",18.8,deg C
Missanabie Cree First Nation Community-led water quality monitoring,19383,Bolkow Lake - Boat Launch:Bolkow Lake - Boat Launch - South Shore,48.1336076,-83.9440656,Lake/Pond,Field Msr/Obs,Surface Water,9/25/2024,Probe/Sensor,Total dissolved solids,20,ppm
Missanabie Cree First Nation Community-led water quality monitoring,10848,Dog Lake:MartinVille (MV-WM-C,48.313915,-84.0620812,Lake/Pond,Field Msr/Obs,Surface Water,7/18/2022,Secchi Disk,"Depth, Secchi disk depth",0.9,m
Missanabie Cree First Nation Community-led water quality monitoring,10847,Hawk Lake:Hawk Lake boat launch (HL-WM-D),48.080144,-84.5518761,Lake/Pond,Field Msr/Obs,Surface Water,8/3/2022,Test strip,Chlorine,0,ppm
Missanabie Cree First Nation Community-led water quality monitoring,10850,Dog lake:IVC-WM-A,48.3125996,-84.0359051,Lake/Pond,Field Msr/Obs,Surface Water,7/20/2022,Probe/Sensor,Dissolved oxygen (DO),7,mg/L
Missanabie Cree First Nation Community-led water quality monitoring,10846,Michipicoten River:Michipicoten River (MRM-WM-E),47.9222696,-84.8045415,River/Stream,Field Msr/Obs,Surface Water,9/24/2024,Probe/Sensor,Dissolved oxygen (DO),5.8,mg/L
Missanabie Cree First Nation Community-led water quality monitoring,10847,Hawk Lake:Hawk Lake boat launch (HL-WM-D),48.080144,-84.5518761,Lake/Pond,Field Msr/Obs,Surface Water,7/31/2022,Probe/Sensor,Conductivity,99,uS/cm
Missanabie Cree First Nation Community-led water quality monitoring,10847,Hawk Lake:Hawk Lake boat launch (HL-WM-D),48.080144,-84.5518761,Lake/Pond,Field Msr/Obs,Surface Water,9/10/2024,,pH,7.8,None
Missanabie Cree First Nation Community-led water quality monitoring,19383,Bolkow Lake - Boat Launch:Bolkow Lake - Boat Launch - South Shore,48.1336076,-83.9440656,Lake/Pond,Field Msr/Obs,Surface Water,9/25/2024,Test strip,Total hardness,0,mg/L
Missanabie Cree First Nation Community-led water quality monitoring,10848,Dog Lake:MartinVille (MV-WM-C,48.313915,-84.0620812,Lake/Pond,Field Msr/Obs,Surface Water,8/28/2022,Test strip,"Alkalinity, total",85,mg/L
Missanabie Cree First Nation Community-led water quality monitoring,10848,Dog Lake:MartinVille (MV-WM-C,48.313915,-84.0620812,Lake/Pond,Field Msr/Obs,Surface Water,7/22/2022,,pH,7.6,None
Missanabie Cree First Nation Community-led water quality monitoring,10849,Eskay Lake:Eskay lake boat launch (EL-WM—B),48.3337018,-84.0383211,Lake/Pond,Field Msr/Obs,Surface Water,9/24/2024,Probe/Sensor,Dissolved oxygen (DO),8,mg/L
Missanabie Cree First Nation Community-led water quality monitoring,10849,Eskay Lake:Eskay lake boat launch (EL-WM—B),48.3337018,-84.0383211,Lake/Pond,Field Msr/Obs,Surface Water,9/10/2024,Test strip,Chlorine,0,ppm
Missanabie Cree First Nation Community-led water quality monitoring,10847,Hawk Lake:Hawk Lake boat launch (HL-WM-D),48.080144,-84.5518761,Lake/Pond,Field Msr/Obs,Surface Water,8/8/2022,,pH,7.6,None
Missanabie Cree First Nation Community-led water quality monitoring,10847,Hawk Lake:Hawk Lake boat launch (HL-WM-D),48.080144,-84.5518761,Lake/Pond,Field Msr/Obs,Surface Water,8/8/2022,Probe/Sensor,"Temperature, air",18,deg C
Missanabie Cree First Nation Community-led water quality monitoring,10847,Hawk Lake:Hawk Lake boat launch (HL-WM-D),48.080144,-84.5518761,Lake/Pond,Field Msr/Obs,Surface Water,8/3/2022,,pH,7.4,None
Missanabie Cree First Nation Community-led water quality monitoring,10847,Hawk Lake:Hawk Lake boat launch (HL-WM-D),48.080144,-84.5518761,Lake/Pond,Field Msr/Obs,Surface Water,8/3/2022,Probe/Sensor,"Temperature, air",24.5,deg C
Missanabie Cree First Nation Community-led water quality monitoring,19383,Bolkow Lake - Boat Launch:Bolkow Lake - Boat Launch - South Shore,48.1336076,-83.9440656,Lake/Pond,Field Msr/Obs,Surface Water,9/25/2024,Probe/Sensor,"Temperature, water",16.8,deg C
Missanabie Cree First Nation Community-led water quality monitoring,10848,Dog Lake:MartinVille (MV-WM-C,48.313915,-84.0620812,Lake/Pond,Field Msr/Obs,Surface Water,9/10/2024,,pH,7.5,None
Missanabie Cree First Nation Community-led water quality monitoring,10847,Hawk Lake:Hawk Lake boat launch (HL-WM-D),48.080144,-84.5518761,Lake/Pond,Field Msr/Obs,Surface Water,9/25/2024,Probe/Sensor,"Temperature, air",14,deg C
Missanabie Cree First Nation Community-led water quality monitoring,10848,Dog Lake:MartinVille (MV-WM-C,48.313915,-84.0620812,Lake/Pond,Field Msr/Obs,Surface Water,7/18/2022,Test strip,Total hardness,50,mg/L
Missanabie Cree First Nation Community-led water quality monitoring,10850,Dog lake:IVC-WM-A,48.3125996,-84.0359051,Lake/Pond,Field Msr/Obs,Surface Water,9/24/2024,Probe/Sensor,Dissolved oxygen (DO),8.5,mg/L
Missanabie Cree First Nation Community-led water quality monitoring,10849,Eskay Lake:Eskay lake boat launch (EL-WM—B),48.3337018,-84.0383211,Lake/Pond,Field Msr/Obs,Surface Water,8/11/2022,Probe/Sensor,"Temperature, water",20.2,deg C
Missanabie Cree First Nation Community-led water quality monitoring,10846,Michipicoten River:Michipicoten River (MRM-WM-E),47.9222696,-84.8045415,River/Stream,Field Msr/Obs,Surface Water,9/10/2024,Test strip,Total hardness,0,mg/L
Missanabie Cree First Nation Community-led water quality monitoring,10849,Eskay Lake:Eskay lake boat launch (EL-WM—B),48.3337018,-84.0383211,Lake/Pond,Field Msr/Obs,Surface Water,7/21/2022,Secchi Disk,"Depth, Secchi disk depth",28,m
Missanabie Cree First Nation Community-led water quality monitoring,10846,Michipicoten River:Michipicoten River (MRM-WM-E),47.9222696,-84.8045415,River/Stream,Field Msr/Obs,Surface Water,9/24/2024,Test strip,Chlorine,0,ppm
Missanabie Cree First Nation Community-led water quality monitoring,10849,Eskay Lake:Eskay lake boat launch (EL-WM—B),48.3337018,-84.0383211,Lake/Pond,Field Msr/Obs,Surface Water,7/28/2022,,pH,7.6,None
Missanabie Cree First Nation Community-led water quality monitoring,19383,Bolkow Lake - Boat Launch:Bolkow Lake - Boat Launch - South Shore,48.1336076,-83.9440656,Lake/Pond,Field Msr/Obs,Surface Water,9/25/2024,Secchi Disk,Depth of water column,0.25,m
Missanabie Cree First Nation Community-led water quality monitoring,10849,Eskay Lake:Eskay lake boat launch (EL-WM—B),48.3337018,-84.0383211,Lake/Pond,Field Msr/Obs,Surface Water,9/10/2024,Probe/Sensor,"Temperature, water",22.5,deg C
Missanabie Cree First Nation Community-led water quality monitoring,10847,Hawk Lake:Hawk Lake boat launch (HL-WM-D),48.080144,-84.5518761,Lake/Pond,Field Msr/Obs,Surface Water,9/25/2024,Probe/Sensor,Total dissolved solids,58,ppm
Missanabie Cree First Nation Community-led water quality monitoring,10848,Dog Lake:MartinVille (MV-WM-C,48.313915,-84.0620812,Lake/Pond,Field Msr/Obs,Surface Water,7/18/2022,Probe/Sensor,Dissolved oxygen (DO),7,mg/L
Missanabie Cree First Nation Community-led water quality monitoring,10846,Michipicoten River:Michipicoten River (MRM-WM-E),47.9222696,-84.8045415,River/Stream,Field Msr/Obs,Surface Water,9/10/2024,Test strip,"Alkalinity, total",40,mg/L
Missanabie Cree First Nation Community-led water quality monitoring,10848,Dog Lake:MartinVille (MV-WM-C,48.313915,-84.0620812,Lake/Pond,Field Msr/Obs,Surface Water,9/24/2024,Probe/Sensor,"Temperature, water",18,deg C
Missanabie Cree First Nation Community-led water quality monitoring,10850,Dog lake:IVC-WM-A,48.3125996,-84.0359051,Lake/Pond,Field Msr/Obs,Surface Water,8/11/2022,,pH,7.6,None
Missanabie Cree First Nation Community-led water quality monitoring,10849,Eskay Lake:Eskay lake boat launch (EL-WM—B),48.3337018,-84.0383211,Lake/Pond,Field Msr/Obs,Surface Water,8/11/2022,,pH,7.3,None
Missanabie Cree First Nation Community-led water quality monitoring,10849,Eskay Lake:Eskay lake boat launch (EL-WM—B),48.3337018,-84.0383211,Lake/Pond,Field Msr/Obs,Surface Water,9/10/2024,Test strip,Total hardness,150,mg/L
Missanabie Cree First Nation Community-led water quality monitoring,10850,Dog lake:IVC-WM-A,48.3125996,-84.0359051,Lake/Pond,Field Msr/Obs,Surface Water,7/28/2022,Probe/Sensor,"Temperature, water",20.4,deg C
Missanabie Cree First Nation Community-led water quality monitoring,10848,Dog Lake:MartinVille (MV-WM-C,48.313915,-84.0620812,Lake/Pond,Field Msr/Obs,Surface Water,9/24/2024,Probe/Sensor,Conductivity,99,uS/cm
Missanabie Cree First Nation Community-led water quality monitoring,10850,Dog lake:IVC-WM-A,48.3125996,-84.0359051,Lake/Pond,Field Msr/Obs,Surface Water,8/11/2022,Probe/Sensor,"Temperature, air",13,deg C
Missanabie Cree First Nation Community-led water quality monitoring,10848,Dog Lake:MartinVille (MV-WM-C,48.313915,-84.0620812,Lake/Pond,Field Msr/Obs,Surface Water,8/8/2022,Probe/Sensor,Dissolved oxygen (DO),7.6,mg/L
Missanabie Cree First Nation Community-led water quality monitoring,10848,Dog Lake:MartinVille (MV-WM-C,48.313915,-84.0620812,Lake/Pond,Field Msr/Obs,Surface Water,7/18/2022,Probe/Sensor,"Temperature, air",25,deg C
Missanabie Cree First Nation Community-led water quality monitoring,10846,Michipicoten River:Michipicoten River (MRM-WM-E),47.9222696,-84.8045415,River/Stream,Field Msr/Obs,Surface Water,9/24/2024,Test strip,"Alkalinity, total",90,mg/L
Missanabie Cree First Nation Community-led water quality monitoring,10848,Dog Lake:MartinVille (MV-WM-C,48.313915,-84.0620812,Lake/Pond,Field Msr/Obs,Surface Water,9/10/2024,Probe/Sensor,Conductivity,94,uS/cm
Missanabie Cree First Nation Community-led water quality monitoring,10847,Hawk Lake:Hawk Lake boat launch (HL-WM-D),48.080144,-84.5518761,Lake/Pond,Field Msr/Obs,Surface Water,9/25/2024,,pH,7.3,None
Missanabie Cree First Nation Community-led water quality monitoring,10849,Eskay Lake:Eskay lake boat launch (EL-WM—B),48.3337018,-84.0383211,Lake/Pond,Field Msr/Obs,Surface Water,7/28/2022,Probe/Sensor,Conductivity,76,uS/cm
Missanabie Cree First Nation Community-led water quality monitoring,10847,Hawk Lake:Hawk Lake boat launch (HL-WM-D),48.080144,-84.5518761,Lake/Pond,Field Msr/Obs,Surface Water,7/31/2022,Probe/Sensor,Dissolved oxygen (DO),7,mg/L
Missanabie Cree First Nation Community-led water quality monitoring,10849,Eskay Lake:Eskay lake boat launch (EL-WM—B),48.3337018,-84.0383211,Lake/Pond,Field Msr/Obs,Surface Water,7/28/2022,Test strip,Chlorine,0,ppm
Missanabie Cree First Nation Community-led water quality monitoring,10848,Dog Lake:MartinVille (MV-WM-C,48.313915,-84.0620812,Lake/Pond,Field Msr/Obs,Surface Water,9/24/2024,Test strip,Total hardness,70,mg/L
Missanabie Cree First Nation Community-led water quality monitoring,10850,Dog lake:IVC-WM-A,48.3125996,-84.0359051,Lake/Pond,Field Msr/Obs,Surface Water,9/10/2024,Test strip,"Alkalinity, total",0,mg/L
Missanabie Cree First Nation Community-led water quality monitoring,10850,Dog lake:IVC-WM-A,48.3125996,-84.0359051,Lake/Pond,Field Msr/Obs,Surface Water,7/28/2022,Test strip,"Alkalinity, total",105,mg/L
Missanabie Cree First Nation Community-led water quality monitoring,10848,Dog Lake:MartinVille (MV-WM-C,48.313915,-84.0620812,Lake/Pond,Field Msr/Obs,Surface Water,7/18/2022,Test strip,"Alkalinity, total",160,mg/L
Missanabie Cree First Nation Community-led water quality monitoring,10848,Dog Lake:MartinVille (MV-WM-C,48.313915,-84.0620812,Lake/Pond,Field Msr/Obs,Surface Water,8/8/2022,Probe/Sensor,Conductivity,100,uS/cm
Missanabie Cree First Nation Community-led water quality monitoring,10848,Dog Lake:MartinVille (MV-WM-C,48.313915,-84.0620812,Lake/Pond,Field Msr/Obs,Surface Water,8/8/2022,Probe/Sensor,"Temperature, water",19.6,deg C
Missanabie Cree First Nation Community-led water quality monitoring,10850,Dog lake:IVC-WM-A,48.3125996,-84.0359051,Lake/Pond,Field Msr/Obs,Surface Water,7/28/2022,Probe/Sensor,"Temperature, air",18,deg C
Missanabie Cree First Nation Community-led water quality monitoring,10850,Dog lake:IVC-WM-A,48.3125996,-84.0359051,Lake/Pond,Field Msr/Obs,Surface Water,9/10/2024,Probe/Sensor,Conductivity,96,uS/cm
Missanabie Cree First Nation Community-led water quality monitoring,10848,Dog Lake:MartinVille (MV-WM-C,48.313915,-84.0620812,Lake/Pond,Field Msr/Obs,Surface Water,7/22/2022,Probe/Sensor,"Temperature, air",20.5,deg C
Missanabie Cree First Nation Community-led water quality monitoring,10849,Eskay Lake:Eskay lake boat launch (EL-WM—B),48.3337018,-84.0383211,Lake/Pond,Field Msr/Obs,Surface Water,9/24/2024,Secchi Disk,Depth of water column,0.25,m
Missanabie Cree First Nation Community-led water quality monitoring,10847,Hawk Lake:Hawk Lake boat launch (HL-WM-D),48.080144,-84.5518761,Lake/Pond,Field Msr/Obs,Surface Water,8/8/2022,Test strip,Chlorine,0,ppm
Missanabie Cree First Nation Community-led water quality monitoring,10846,Michipicoten River:Michipicoten River (MRM-WM-E),47.9222696,-84.8045415,River/Stream,Field Msr/Obs,Surface Water,9/10/2024,Test strip,Chlorine,0,ppm
Missanabie Cree First Nation Community-led water quality monitoring,10848,Dog Lake:MartinVille (MV-WM-C,48.313915,-84.0620812,Lake/Pond,Field Msr/Obs,Surface Water,9/24/2024,Probe/Sensor,"Temperature, air",14,deg C
Missanabie Cree First Nation Community-led water quality monitoring,10847,Hawk Lake:Hawk Lake boat launch (HL-WM-D),48.080144,-84.5518761,Lake/Pond,Field Msr/Obs,Surface Water,7/31/2022,Probe/Sensor,"Temperature, water",19.1,deg C
Missanabie Cree First Nation Community-led water quality monitoring,10846,Michipicoten River:Michipicoten River (MRM-WM-E),47.9222696,-84.8045415,River/Stream,Field Msr/Obs,Surface Water,9/10/2024,Probe/Sensor,Dissolved oxygen (DO),9,mg/L
Missanabie Cree First Nation Community-led water quality monitoring,10847,Hawk Lake:Hawk Lake boat launch (HL-WM-D),48.080144,-84.5518761,Lake/Pond,Field Msr/Obs,Surface Water,8/8/2022,Probe/Sensor,Conductivity,104,uS/cm
Missanabie Cree First Nation Community-led water quality monitoring,10850,Dog lake:IVC-WM-A,48.3125996,-84.0359051,Lake/Pond,Field Msr/Obs,Surface Water,8/11/2022,Probe/Sensor,Dissolved oxygen (DO),7.8,mg/L
Missanabie Cree First Nation Community-led water quality monitoring,10846,Michipicoten River:Michipicoten River (MRM-WM-E),47.9222696,-84.8045415,River/Stream,Field Msr/Obs,Surface Water,9/24/2024,Probe/Sensor,Total dissolved solids,35,ppm
Missanabie Cree First Nation Community-led water quality monitoring,10848,Dog Lake:MartinVille (MV-WM-C,48.313915,-84.0620812,Lake/Pond,Field Msr/Obs,Surface Water,7/18/2022,Test strip,Chlorine,0,ppm
Missanabie Cree First Nation Community-led water quality monitoring,10846,Michipicoten River:Michipicoten River (MRM-WM-E),47.9222696,-84.8045415,River/Stream,Field Msr/Obs,Surface Water,9/24/2024,Test strip,Total hardness,0,mg/L
Missanabie Cree First Nation Community-led water quality monitoring,10850,Dog lake:IVC-WM-A,48.3125996,-84.0359051,Lake/Pond,Field Msr/Obs,Surface Water,9/24/2024,Test strip,Chlorine,0,ppm
Missanabie Cree First Nation Community-led water quality monitoring,10847,Hawk Lake:Hawk Lake boat launch (HL-WM-D),48.080144,-84.5518761,Lake/Pond,Field Msr/Obs,Surface Water,8/3/2022,Probe/Sensor,Conductivity,99,uS/cm
Missanabie Cree First Nation Community-led water quality monitoring,10850,Dog lake:IVC-WM-A,48.3125996,-84.0359051,Lake/Pond,Field Msr/Obs,Surface Water,7/20/2022,Probe/Sensor,Conductivity,96,uS/cm
Missanabie Cree First Nation Community-led water quality monitoring,10848,Dog Lake:MartinVille (MV-WM-C,48.313915,-84.0620812,Lake/Pond,Field Msr/Obs,Surface Water,7/22/2022,Probe/Sensor,Dissolved oxygen (DO),6.8,mg/L
Missanabie Cree First Nation Community-led water quality monitoring,10849,Eskay Lake:Eskay lake boat launch (EL-WM—B),48.3337018,-84.0383211,Lake/Pond,Field Msr/Obs,Surface Water,9/24/2024,Probe/Sensor,"Temperature, water",18.2,deg C
Missanabie Cree First Nation Community-led water quality monitoring,10849,Eskay Lake:Eskay lake boat launch (EL-WM—B),48.3337018,-84.0383211,Lake/Pond,Field Msr/Obs,Surface Water,9/24/2024,,pH,7.2,None
Missanabie Cree First Nation Community-led water quality monitoring,10848,Dog Lake:MartinVille (MV-WM-C,48.313915,-84.0620812,Lake/Pond,Field Msr/Obs,Surface Water,8/8/2022,Secchi Disk,"Depth, Secchi disk depth",17.7,m
Missanabie Cree First Nation Community-led water quality monitoring,10848,Dog Lake:MartinVille (MV-WM-C,48.313915,-84.0620812,Lake/Pond,Field Msr/Obs,Surface Water,9/24/2024,,pH,7.2,None
Missanabie Cree First Nation Community-led water quality monitoring,10850,Dog lake:IVC-WM-A,48.3125996,-84.0359051,Lake/Pond,Field Msr/Obs,Surface Water,9/24/2024,,pH,7.2,None
Missanabie Cree First Nation Community-led water quality monitoring,10850,Dog lake:IVC-WM-A,48.3125996,-84.0359051,Lake/Pond,Field Msr/Obs,Surface Water,7/28/2022,Probe/Sensor,Dissolved oxygen (DO),8,mg/L
Missanabie Cree First Nation Community-led water quality monitoring,10848,Dog Lake:MartinVille (MV-WM-C,48.313915,-84.0620812,Lake/Pond,Field Msr/Obs,Surface Water,8/8/2022,,pH,7.7,None
Missanabie Cree First Nation Community-led water quality monitoring,10847,Hawk Lake:Hawk Lake boat launch (HL-WM-D),48.080144,-84.5518761,Lake/Pond,Field Msr/Obs,Surface Water,7/31/2022,Probe/Sensor,"Temperature, air",12,deg C
Missanabie Cree First Nation Community-led water quality monitoring,10848,Dog Lake:MartinVille (MV-WM-C,48.313915,-84.0620812,Lake/Pond,Field Msr/Obs,Surface Water,8/28/2022,,pH,8,None
Missanabie Cree First Nation Community-led water quality monitoring,23048,Dreany Lake:Dreany Lake southwest location post culvert - Island Gold Mine Reference Lake,48.3271982,-84.500463,Lake/Pond,Field Msr/Obs,Surface Water,11/5/2024,Probe/Sensor,"Temperature, air",12.5,deg C
Missanabie Cree First Nation Community-led water quality monitoring,10850,Dog lake:IVC-WM-A,48.3125996,-84.0359051,Lake/Pond,Field Msr/Obs,Surface Water,11/3/2024,Test strip,Total hardness,0,mg/L
Missanabie Cree First Nation Community-led water quality monitoring,23112,McVeigh Creek:McVeigh Cr. Upstream from Goudreau Pits,48.2830488,-84.5026946,River/Stream,Field Msr/Obs,Surface Water,11/5/2024,Probe/Sensor,Total dissolved solids,132,ppm
Missanabie Cree First Nation Community-led water quality monitoring,23112,McVeigh Creek:McVeigh Cr. Upstream from Goudreau Pits,48.2830488,-84.5026946,River/Stream,Field Msr/Obs,Surface Water,11/5/2024,Probe/Sensor,Salinity,142,ppm
Missanabie Cree First Nation Community-led water quality monitoring,23113,McVeigh Creek:McVeigh Cr. Intersection with Goudreau Pit Iron Leaching,48.2823452,-84.5039606,River/Stream,Field Msr/Obs,Surface Water,11/5/2024,Test strip,Chlorine,0,ppm
Missanabie Cree First Nation Community-led water quality monitoring,23115,Otto Lake - Herman Lake Narrows:Magino Mine Effluent Tracking,48.2956191,-84.514904,Lake/Pond,Field Msr/Obs,Surface Water,11/5/2024,Probe/Sensor,Conductivity,453,uS/cm
Missanabie Cree First Nation Community-led water quality monitoring,10846,Michipicoten River:Michipicoten River (MRM-WM-E),47.9222696,-84.8045415,River/Stream,Field Msr/Obs,Surface Water,11/3/2024,Test strip,"Alkalinity, total",20,mg/L
Missanabie Cree First Nation Community-led water quality monitoring,10848,Dog Lake:MartinVille (MV-WM-C,48.313915,-84.0620812,Lake/Pond,Field Msr/Obs,Surface Water,11/3/2024,Probe/Sensor,"Temperature, water",7.8,deg C
Missanabie Cree First Nation Community-led water quality monitoring,23046,Trout Lake Creek:Lorraine's Culvert,48.348592,-84.3745923,River/Stream,Field Msr/Obs,Surface Water,11/4/2024,Probe/Sensor,Conductivity,141,uS/cm
Missanabie Cree First Nation Community-led water quality monitoring,23115,Otto Lake - Herman Lake Narrows:Magino Mine Effluent Tracking,48.2956191,-84.514904,Lake/Pond,Field Msr/Obs,Surface Water,11/5/2024,Probe/Sensor,Total dissolved solids,226,ppm
Missanabie Cree First Nation Community-led water quality monitoring,23013,Maskinonge Lake:Island Gold pumphouse for non-potable and mill processing,48.3097282,-84.4236016,Lake/Pond,Field Msr/Obs,Surface Water,11/4/2024,Probe/Sensor,Conductivity,78,uS/cm
Missanabie Cree First Nation Community-led water quality monitoring,10848,Dog Lake:MartinVille (MV-WM-C,48.313915,-84.0620812,Lake/Pond,Field Msr/Obs,Surface Water,11/3/2024,Secchi Disk,Depth of water column,0.25,m
Missanabie Cree First Nation Community-led water quality monitoring,23046,Trout Lake Creek:Lorraine's Culvert,48.348592,-84.3745923,River/Stream,Field Msr/Obs,Surface Water,11/4/2024,Test strip,Chlorine,0,ppm
Missanabie Cree First Nation Community-led water quality monitoring,23013,Maskinonge Lake:Island Gold pumphouse for non-potable and mill processing,48.3097282,-84.4236016,Lake/Pond,Field Msr/Obs,Surface Water,11/4/2024,Probe/Sensor,"Temperature, water",7.3,deg C
Missanabie Cree First Nation Community-led water quality monitoring,23046,Trout Lake Creek:Lorraine's Culvert,48.348592,-84.3745923,River/Stream,Field Msr/Obs,Surface Water,11/4/2024,Secchi Disk,Depth of water column,0.25,m
Missanabie Cree First Nation Community-led water quality monitoring,23113,McVeigh Creek:McVeigh Cr. Intersection with Goudreau Pit Iron Leaching,48.2823452,-84.5039606,River/Stream,Field Msr/Obs,Surface Water,11/5/2024,Test strip,Total hardness,0,mg/L
Missanabie Cree First Nation Community-led water quality monitoring,23115,Otto Lake - Herman Lake Narrows:Magino Mine Effluent Tracking,48.2956191,-84.514904,Lake/Pond,Field Msr/Obs,Surface Water,11/5/2024,Test strip,"Alkalinity, total",120,mg/L
Missanabie Cree First Nation Community-led water quality monitoring,23013,Maskinonge Lake:Island Gold pumphouse for non-potable and mill processing,48.3097282,-84.4236016,Lake/Pond,Field Msr/Obs,Surface Water,11/4/2024,Probe/Sensor,Dissolved oxygen (DO),9,mg/L
Missanabie Cree First Nation Community-led water quality monitoring,10846,Michipicoten River:Michipicoten River (MRM-WM-E),47.9222696,-84.8045415,River/Stream,Field Msr/Obs,Surface Water,11/3/2024,Probe/Sensor,Conductivity,69,uS/cm
Missanabie Cree First Nation Community-led water quality monitoring,23046,Trout Lake Creek:Lorraine's Culvert,48.348592,-84.3745923,River/Stream,Field Msr/Obs,Surface Water,11/4/2024,Probe/Sensor,Total dissolved solids,72,ppm
Missanabie Cree First Nation Community-led water quality monitoring,23047,Smithy Lake:Smithy Lake Boat Launch(Northwest Shore) - Magino Mine Reference Lake,48.3307204,-84.5478201,Lake/Pond,Field Msr/Obs,Surface Water,11/5/2024,Test strip,Total hardness,0,mg/L
Missanabie Cree First Nation Community-led water quality monitoring,23046,Trout Lake Creek:Lorraine's Culvert,48.348592,-84.3745923,River/Stream,Field Msr/Obs,Surface Water,11/4/2024,Test strip,Total hardness,0,mg/L
Missanabie Cree First Nation Community-led water quality monitoring,10850,Dog lake:IVC-WM-A,48.3125996,-84.0359051,Lake/Pond,Field Msr/Obs,Surface Water,11/3/2024,Test strip,"Alkalinity, total",80,mg/L
Missanabie Cree First Nation Community-led water quality monitoring,23113,McVeigh Creek:McVeigh Cr. Intersection with Goudreau Pit Iron Leaching,48.2823452,-84.5039606,River/Stream,Field Msr/Obs,Surface Water,11/5/2024,Probe/Sensor,Dissolved oxygen (DO),7,mg/L
Missanabie Cree First Nation Community-led water quality monitoring,3945,"Wawa Lake:Wawa, Ontario",47.9991001,-84.7705997,Lake/Pond,Field Msr/Obs,Surface Water,11/3/2024,Test strip,"Alkalinity, total",80,mg/L
Missanabie Cree First Nation Community-led water quality monitoring,23113,McVeigh Creek:McVeigh Cr. Intersection with Goudreau Pit Iron Leaching,48.2823452,-84.5039606,River/Stream,Field Msr/Obs,Surface Water,11/5/2024,Probe/Sensor,"Temperature, water",8.5,deg C
Missanabie Cree First Nation Community-led water quality monitoring,23013,Maskinonge Lake:Island Gold pumphouse for non-potable and mill processing,48.3097282,-84.4236016,Lake/Pond,Field Msr/Obs,Surface Water,11/4/2024,,pH,7.2,None
Missanabie Cree First Nation Community-led water quality monitoring,10848,Dog Lake:MartinVille (MV-WM-C,48.313915,-84.0620812,Lake/Pond,Field Msr/Obs,Surface Water,11/3/2024,,pH,7.2,None
Missanabie Cree First Nation Community-led water quality monitoring,23115,Otto Lake - Herman Lake Narrows:Magino Mine Effluent Tracking,48.2956191,-84.514904,Lake/Pond,Field Msr/Obs,Surface Water,11/5/2024,Probe/Sensor,Salinity,242,ppth
Missanabie Cree First Nation Community-led water quality monitoring,23113,McVeigh Creek:McVeigh Cr. Intersection with Goudreau Pit Iron Leaching,48.2823452,-84.5039606,River/Stream,Field Msr/Obs,Surface Water,11/5/2024,Secchi Disk,Depth of water column,0.25,m
Missanabie Cree First Nation Community-led water quality monitoring,23048,Dreany Lake:Dreany Lake southwest location post culvert - Island Gold Mine Reference Lake,48.3271982,-84.500463,Lake/Pond,Field Msr/Obs,Surface Water,11/5/2024,Test strip,Total hardness,0,mg/L
Missanabie Cree First Nation Community-led water quality monitoring,10850,Dog lake:IVC-WM-A,48.3125996,-84.0359051,Lake/Pond,Field Msr/Obs,Surface Water,11/3/2024,Test strip,Chlorine,0,ppm
Missanabie Cree First Nation Community-led water quality monitoring,10848,Dog Lake:MartinVille (MV-WM-C,48.313915,-84.0620812,Lake/Pond,Field Msr/Obs,Surface Water,11/3/2024,Probe/Sensor,Salinity,62,ppm
Missanabie Cree First Nation Community-led water quality monitoring,3945,"Wawa Lake:Wawa, Ontario",47.9991001,-84.7705997,Lake/Pond,Field Msr/Obs,Surface Water,11/3/2024,Test strip,Chlorine,0,ppm
Missanabie Cree First Nation Community-led water quality monitoring,10846,Michipicoten River:Michipicoten River (MRM-WM-E),47.9222696,-84.8045415,River/Stream,Field Msr/Obs,Surface Water,11/3/2024,Probe/Sensor,Dissolved oxygen (DO),10,mg/L
Missanabie Cree First Nation Community-led water quality monitoring,10849,Eskay Lake:Eskay lake boat launch (EL-WM—B),48.3337018,-84.0383211,Lake/Pond,Field Msr/Obs,Surface Water,11/3/2024,Test strip,"Alkalinity, total",55,mg/L
Missanabie Cree First Nation Community-led water quality monitoring,23115,Otto Lake - Herman Lake Narrows:Magino Mine Effluent Tracking,48.2956191,-84.514904,Lake/Pond,Field Msr/Obs,Surface Water,11/5/2024,Probe/Sensor,"Temperature, water",7.1,deg C
Missanabie Cree First Nation Community-led water quality monitoring,10850,Dog lake:IVC-WM-A,48.3125996,-84.0359051,Lake/Pond,Field Msr/Obs,Surface Water,11/3/2024,Probe/Sensor,Dissolved oxygen (DO),9,mg/L
Missanabie Cree First Nation Community-led water quality monitoring,23048,Dreany Lake:Dreany Lake southwest location post culvert - Island Gold Mine Reference Lake,48.3271982,-84.500463,Lake/Pond,Field Msr/Obs,Surface Water,11/5/2024,Probe/Sensor,Salinity,40,ppm
Missanabie Cree First Nation Community-led water quality monitoring,23047,Smithy Lake:Smithy Lake Boat Launch(Northwest Shore) - Magino Mine Reference Lake,48.3307204,-84.5478201,Lake/Pond,Field Msr/Obs,Surface Water,11/5/2024,Test strip,"Alkalinity, total",95,mg/L
Missanabie Cree First Nation Community-led water quality monitoring,23115,Otto Lake - Herman Lake Narrows:Magino Mine Effluent Tracking,48.2956191,-84.514904,Lake/Pond,Field Msr/Obs,Surface Water,11/5/2024,Test strip,Total hardness,225,mg/L
Missanabie Cree First Nation Community-led water quality monitoring,23112,McVeigh Creek:McVeigh Cr. Upstream from Goudreau Pits,48.2830488,-84.5026946,River/Stream,Field Msr/Obs,Surface Water,11/5/2024,Test strip,"Alkalinity, total",80,mg/L
Missanabie Cree First Nation Community-led water quality monitoring,23047,Smithy Lake:Smithy Lake Boat Launch(Northwest Shore) - Magino Mine Reference Lake,48.3307204,-84.5478201,Lake/Pond,Field Msr/Obs,Surface Water,11/5/2024,Probe/Sensor,Total dissolved solids,30,ppm
Missanabie Cree First Nation Community-led water quality monitoring,23113,McVeigh Creek:McVeigh Cr. Intersection with Goudreau Pit Iron Leaching,48.2823452,-84.5039606,River/Stream,Field Msr/Obs,Surface Water,11/5/2024,Probe/Sensor,Total dissolved solids,181,ppm
Missanabie Cree First Nation Community-led water quality monitoring,23112,McVeigh Creek:McVeigh Cr. Upstream from Goudreau Pits,48.2830488,-84.5026946,River/Stream,Field Msr/Obs,Surface Water,11/5/2024,Probe/Sensor,"Temperature, air",14,deg C
Missanabie Cree First Nation Community-led water quality monitoring,23112,McVeigh Creek:McVeigh Cr. Upstream from Goudreau Pits,48.2830488,-84.5026946,River/Stream,Field Msr/Obs,Surface Water,11/5/2024,Secchi Disk,Depth of water column,0.25,m
Missanabie Cree First Nation Community-led water quality monitoring,10848,Dog Lake:MartinVille (MV-WM-C,48.313915,-84.0620812,Lake/Pond,Field Msr/Obs,Surface Water,11/3/2024,Test strip,Chlorine,0,ppm
Missanabie Cree First Nation Community-led water quality monitoring,10849,Eskay Lake:Eskay lake boat launch (EL-WM—B),48.3337018,-84.0383211,Lake/Pond,Field Msr/Obs,Surface Water,11/3/2024,Probe/Sensor,Conductivity,82,uS/cm
Missanabie Cree First Nation Community-led water quality monitoring,10850,Dog lake:IVC-WM-A,48.3125996,-84.0359051,Lake/Pond,Field Msr/Obs,Surface Water,11/3/2024,Probe/Sensor,"Temperature, air",8,deg C
Missanabie Cree First Nation Community-led water quality monitoring,10850,Dog lake:IVC-WM-A,48.3125996,-84.0359051,Lake/Pond,Field Msr/Obs,Surface Water,11/3/2024,Probe/Sensor,Total dissolved solids,49,ppm
Missanabie Cree First Nation Community-led water quality monitoring,23112,McVeigh Creek:McVeigh Cr. Upstream from Goudreau Pits,48.2830488,-84.5026946,River/Stream,Field Msr/Obs,Surface Water,11/5/2024,,pH,7,None
Missanabie Cree First Nation Community-led water quality monitoring,23048,Dreany Lake:Dreany Lake southwest location post culvert - Island Gold Mine Reference Lake,48.3271982,-84.500463,Lake/Pond,Field Msr/Obs,Surface Water,11/5/2024,Probe/Sensor,Total dissolved solids,44,ppm
Missanabie Cree First Nation Community-led water quality monitoring,23013,Maskinonge Lake:Island Gold pumphouse for non-potable and mill processing,48.3097282,-84.4236016,Lake/Pond,Field Msr/Obs,Surface Water,11/4/2024,Probe/Sensor,Total dissolved solids,39,ppm
Missanabie Cree First Nation Community-led water quality monitoring,23113,McVeigh Creek:McVeigh Cr. Intersection with Goudreau Pit Iron Leaching,48.2823452,-84.5039606,River/Stream,Field Msr/Obs,Surface Water,11/5/2024,Probe/Sensor,"Temperature, air",14,deg C
Missanabie Cree First Nation Community-led water quality monitoring,23112,McVeigh Creek:McVeigh Cr. Upstream from Goudreau Pits,48.2830488,-84.5026946,River/Stream,Field Msr/Obs,Surface Water,11/5/2024,Probe/Sensor,Dissolved oxygen (DO),6,mg/L
Missanabie Cree First Nation Community-led water quality monitoring,3945,"Wawa Lake:Wawa, Ontario",47.9991001,-84.7705997,Lake/Pond,Field Msr/Obs,Surface Water,11/3/2024,Probe/Sensor,Conductivity,133,uS/cm
Missanabie Cree First Nation Community-led water quality monitoring,10846,Michipicoten River:Michipicoten River (MRM-WM-E),47.9222696,-84.8045415,River/Stream,Field Msr/Obs,Surface Water,11/3/2024,Probe/Sensor,"Temperature, air",11,deg C
Missanabie Cree First Nation Community-led water quality monitoring,23048,Dreany Lake:Dreany Lake southwest location post culvert - Island Gold Mine Reference Lake,48.3271982,-84.500463,Lake/Pond,Field Msr/Obs,Surface Water,11/5/2024,Probe/Sensor,Dissolved oxygen (DO),9,mg/L
Missanabie Cree First Nation Community-led water quality monitoring,10846,Michipicoten River:Michipicoten River (MRM-WM-E),47.9222696,-84.8045415,River/Stream,Field Msr/Obs,Surface Water,11/3/2024,Probe/Sensor,"Temperature, water",8.3,deg C
Missanabie Cree First Nation Community-led water quality monitoring,3945,"Wawa Lake:Wawa, Ontario",47.9991001,-84.7705997,Lake/Pond,Field Msr/Obs,Surface Water,11/3/2024,Secchi Disk,Depth of water column,0.25,m
Missanabie Cree First Nation Community-led water quality monitoring,23115,Otto Lake - Herman Lake Narrows:Magino Mine Effluent Tracking,48.2956191,-84.514904,Lake/Pond,Field Msr/Obs,Surface Water,11/5/2024,Probe/Sensor,Dissolved oxygen (DO),9.5,mg/L
Missanabie Cree First Nation Community-led water quality monitoring,23046,Trout Lake Creek:Lorraine's Culvert,48.348592,-84.3745923,River/Stream,Field Msr/Obs,Surface Water,11/4/2024,Test strip,"Alkalinity, total",120,mg/L
Missanabie Cree First Nation Community-led water quality monitoring,3945,"Wawa Lake:Wawa, Ontario",47.9991001,-84.7705997,Lake/Pond,Field Msr/Obs,Surface Water,11/3/2024,Probe/Sensor,Dissolved oxygen (DO),9,mg/L
Missanabie Cree First Nation Community-led water quality monitoring,23112,McVeigh Creek:McVeigh Cr. Upstream from Goudreau Pits,48.2830488,-84.5026946,River/Stream,Field Msr/Obs,Surface Water,11/5/2024,Probe/Sensor,Conductivity,264,uS/cm
Missanabie Cree First Nation Community-led water quality monitoring,23048,Dreany Lake:Dreany Lake southwest location post culvert - Island Gold Mine Reference Lake,48.3271982,-84.500463,Lake/Pond,Field Msr/Obs,Surface Water,11/5/2024,Test strip,Chlorine,0,ppm
Missanabie Cree First Nation Community-led water quality monitoring,10849,Eskay Lake:Eskay lake boat launch (EL-WM—B),48.3337018,-84.0383211,Lake/Pond,Field Msr/Obs,Surface Water,11/3/2024,Probe/Sensor,"Temperature, air",8,deg C
Missanabie Cree First Nation Community-led water quality monitoring,10850,Dog lake:IVC-WM-A,48.3125996,-84.0359051,Lake/Pond,Field Msr/Obs,Surface Water,11/3/2024,Secchi Disk,Depth of water column,0.25,m
Missanabie Cree First Nation Community-led water quality monitoring,23046,Trout Lake Creek:Lorraine's Culvert,48.348592,-84.3745923,River/Stream,Field Msr/Obs,Surface Water,11/4/2024,Probe/Sensor,Salinity,80,ppm
Missanabie Cree First Nation Community-led water quality monitoring,10850,Dog lake:IVC-WM-A,48.3125996,-84.0359051,Lake/Pond,Field Msr/Obs,Surface Water,11/3/2024,Probe/Sensor,"Temperature, water",7.4,deg C
Missanabie Cree First Nation Community-led water quality monitoring,23013,Maskinonge Lake:Island Gold pumphouse for non-potable and mill processing,48.3097282,-84.4236016,Lake/Pond,Field Msr/Obs,Surface Water,11/4/2024,Probe/Sensor,"Temperature, air",16,deg C
Missanabie Cree First Nation Community-led water quality monitoring,10846,Michipicoten River:Michipicoten River (MRM-WM-E),47.9222696,-84.8045415,River/Stream,Field Msr/Obs,Surface Water,11/3/2024,Test strip,Chlorine,0,ppm
Missanabie Cree First Nation Community-led water quality monitoring,23046,Trout Lake Creek:Lorraine's Culvert,48.348592,-84.3745923,River/Stream,Field Msr/Obs,Surface Water,11/4/2024,Probe/Sensor,Dissolved oxygen (DO),8.5,mg/L
Missanabie Cree First Nation Community-led water quality monitoring,10849,Eskay Lake:Eskay lake boat launch (EL-WM—B),48.3337018,-84.0383211,Lake/Pond,Field Msr/Obs,Surface Water,11/3/2024,Test strip,Chlorine,0,ppm
Missanabie Cree First Nation Community-led water quality monitoring,23115,Otto Lake - Herman Lake Narrows:Magino Mine Effluent Tracking,48.2956191,-84.514904,Lake/Pond,Field Msr/Obs,Surface Water,11/5/2024,Test strip,Chlorine,0,ppm
Missanabie Cree First Nation Community-led water quality monitoring,10849,Eskay Lake:Eskay lake boat launch (EL-WM—B),48.3337018,-84.0383211,Lake/Pond,Field Msr/Obs,Surface Water,11/3/2024,Secchi Disk,Depth of water column,0.25,m
Missanabie Cree First Nation Community-led water quality monitoring,23113,McVeigh Creek:McVeigh Cr. Intersection with Goudreau Pit Iron Leaching,48.2823452,-84.5039606,River/Stream,Field Msr/Obs,Surface Water,11/5/2024,Probe/Sensor,Conductivity,363,uS/cm
Missanabie Cree First Nation Community-led water quality monitoring,23046,Trout Lake Creek:Lorraine's Culvert,48.348592,-84.3745923,River/Stream,Field Msr/Obs,Surface Water,11/4/2024,Probe/Sensor,"Temperature, water",6,deg C
Missanabie Cree First Nation Community-led water quality monitoring,23048,Dreany Lake:Dreany Lake southwest location post culvert - Island Gold Mine Reference Lake,48.3271982,-84.500463,Lake/Pond,Field Msr/Obs,Surface Water,11/5/2024,Probe/Sensor,Conductivity,88,uS/cm
Missanabie Cree First Nation Community-led water quality monitoring,3945,"Wawa Lake:Wawa, Ontario",47.9991001,-84.7705997,Lake/Pond,Field Msr/Obs,Surface Water,11/3/2024,Probe/Sensor,"Temperature, air",11,deg C
Missanabie Cree First Nation Community-led water quality monitoring,23113,McVeigh Creek:McVeigh Cr. Intersection with Goudreau Pit Iron Leaching,48.2823452,-84.5039606,River/Stream,Field Msr/Obs,Surface Water,11/5/2024,,pH,8,None
Missanabie Cree First Nation Community-led water quality monitoring,23046,Trout Lake Creek:Lorraine's Culvert,48.348592,-84.3745923,River/Stream,Field Msr/Obs,Surface Water,11/4/2024,Probe/Sensor,"Temperature, air",9,deg C
Missanabie Cree First Nation Community-led water quality monitoring,10850,Dog lake:IVC-WM-A,48.3125996,-84.0359051,Lake/Pond,Field Msr/Obs,Surface Water,11/3/2024,,pH,7.8,None
Missanabie Cree First Nation Community-led water quality monitoring,23115,Otto Lake - Herman Lake Narrows:Magino Mine Effluent Tracking,48.2956191,-84.514904,Lake/Pond,Field Msr/Obs,Surface Water,11/5/2024,,pH,6.8,None
Missanabie Cree First Nation Community-led water quality monitoring,10848,Dog Lake:MartinVille (MV-WM-C,48.313915,-84.0620812,Lake/Pond,Field Msr/Obs,Surface Water,11/3/2024,Probe/Sensor,Dissolved oxygen (DO),9,mg/L
Missanabie Cree First Nation Community-led water quality monitoring,3945,"Wawa Lake:Wawa, Ontario",47.9991001,-84.7705997,Lake/Pond,Field Msr/Obs,Surface Water,11/3/2024,Probe/Sensor,"Temperature, water",5,deg C
Missanabie Cree First Nation Community-led water quality monitoring,23047,Smithy Lake:Smithy Lake Boat Launch(Northwest Shore) - Magino Mine Reference Lake,48.3307204,-84.5478201,Lake/Pond,Field Msr/Obs,Surface Water,11/5/2024,Probe/Sensor,"Temperature, air",12,deg C
Missanabie Cree First Nation Community-led water quality monitoring,10846,Michipicoten River:Michipicoten River (MRM-WM-E),47.9222696,-84.8045415,River/Stream,Field Msr/Obs,Surface Water,11/3/2024,Probe/Sensor,Total dissolved solids,35,ppm
Missanabie Cree First Nation Community-led water quality monitoring,23047,Smithy Lake:Smithy Lake Boat Launch(Northwest Shore) - Magino Mine Reference Lake,48.3307204,-84.5478201,Lake/Pond,Field Msr/Obs,Surface Water,11/5/2024,Probe/Sensor,Salinity,33,ppm
Missanabie Cree First Nation Community-led water quality monitoring,10846,Michipicoten River:Michipicoten River (MRM-WM-E),47.9222696,-84.8045415,River/Stream,Field Msr/Obs,Surface Water,11/3/2024,Test strip,Total hardness,0,mg/L
Missanabie Cree First Nation Community-led water quality monitoring,23047,Smithy Lake:Smithy Lake Boat Launch(Northwest Shore) - Magino Mine Reference Lake,48.3307204,-84.5478201,Lake/Pond,Field Msr/Obs,Surface Water,11/5/2024,Secchi Disk,Depth of water column,0.25,m
Missanabie Cree First Nation Community-led water quality monitoring,23112,McVeigh Creek:McVeigh Cr. Upstream from Goudreau Pits,48.2830488,-84.5026946,River/Stream,Field Msr/Obs,Surface Water,11/5/2024,Test strip,Total hardness,0,mg/L
Missanabie Cree First Nation Community-led water quality monitoring,23013,Maskinonge Lake:Island Gold pumphouse for non-potable and mill processing,48.3097282,-84.4236016,Lake/Pond,Field Msr/Obs,Surface Water,11/4/2024,Test strip,"Alkalinity, total",70,mg/L
Missanabie Cree First Nation Community-led water quality monitoring,23115,Otto Lake - Herman Lake Narrows:Magino Mine Effluent Tracking,48.2956191,-84.514904,Lake/Pond,Field Msr/Obs,Surface Water,11/5/2024,Probe/Sensor,"Temperature, air",11,deg C
Missanabie Cree First Nation Community-led water quality monitoring,23048,Dreany Lake:Dreany Lake southwest location post culvert - Island Gold Mine Reference Lake,48.3271982,-84.500463,Lake/Pond,Field Msr/Obs,Surface Water,11/5/2024,,pH,6.8,None
Missanabie Cree First Nation Community-led water quality monitoring,3945,"Wawa Lake:Wawa, Ontario",47.9991001,-84.7705997,Lake/Pond,Field Msr/Obs,Surface Water,11/3/2024,Probe/Sensor,Total dissolved solids,66,ppm
Missanabie Cree First Nation Community-led water quality monitoring,23046,Trout Lake Creek:Lorraine's Culvert,48.348592,-84.3745923,River/Stream,Field Msr/Obs,Surface Water,11/4/2024,,pH,8.4,None
Missanabie Cree First Nation Community-led water quality monitoring,10846,Michipicoten River:Michipicoten River (MRM-WM-E),47.9222696,-84.8045415,River/Stream,Field Msr/Obs,Surface Water,11/3/2024,Secchi Disk,Depth of water column,0.25,m
Missanabie Cree First Nation Community-led water quality monitoring,23047,Smithy Lake:Smithy Lake Boat Launch(Northwest Shore) - Magino Mine Reference Lake,48.3307204,-84.5478201,Lake/Pond,Field Msr/Obs,Surface Water,11/5/2024,Test strip,Chlorine,0,ppm
Missanabie Cree First Nation Community-led water quality monitoring,23047,Smithy Lake:Smithy Lake Boat Launch(Northwest Shore) - Magino Mine Reference Lake,48.3307204,-84.5478201,Lake/Pond,Field Msr/Obs,Surface Water,11/5/2024,,pH,7.2,None
Missanabie Cree First Nation Community-led water quality monitoring,23013,Maskinonge Lake:Island Gold pumphouse for non-potable and mill processing,48.3097282,-84.4236016,Lake/Pond,Field Msr/Obs,Surface Water,11/4/2024,Secchi Disk,Depth of water column,0.25,m
Missanabie Cree First Nation Community-led water quality monitoring,10849,Eskay Lake:Eskay lake boat launch (EL-WM—B),48.3337018,-84.0383211,Lake/Pond,Field Msr/Obs,Surface Water,11/3/2024,,pH,6.9,None
Missanabie Cree First Nation Community-led water quality monitoring,23112,McVeigh Creek:McVeigh Cr. Upstream from Goudreau Pits,48.2830488,-84.5026946,River/Stream,Field Msr/Obs,Surface Water,11/5/2024,Test strip,Chlorine,0,ppm
Missanabie Cree First Nation Community-led water quality monitoring,23047,Smithy Lake:Smithy Lake Boat Launch(Northwest Shore) - Magino Mine Reference Lake,48.3307204,-84.5478201,Lake/Pond,Field Msr/Obs,Surface Water,11/5/2024,Probe/Sensor,Dissolved oxygen (DO),9,mg/L
Missanabie Cree First Nation Community-led water quality monitoring,23115,Otto Lake - Herman Lake Narrows:Magino Mine Effluent Tracking,48.2956191,-84.514904,Lake/Pond,Field Msr/Obs,Surface Water,11/5/2024,Secchi Disk,Depth of water column,0.25,m
Missanabie Cree First Nation Community-led water quality monitoring,23013,Maskinonge Lake:Island Gold pumphouse for non-potable and mill processing,48.3097282,-84.4236016,Lake/Pond,Field Msr/Obs,Surface Water,11/4/2024,Test strip,Chlorine,0,ppm
Missanabie Cree First Nation Community-led water quality monitoring,23047,Smithy Lake:Smithy Lake Boat Launch(Northwest Shore) - Magino Mine Reference Lake,48.3307204,-84.5478201,Lake/Pond,Field Msr/Obs,Surface Water,11/5/2024,Probe/Sensor,Conductivity,60,uS/cm
Missanabie Cree First Nation Community-led water quality monitoring,23048,Dreany Lake:Dreany Lake southwest location post culvert - Island Gold Mine Reference Lake,48.3271982,-84.500463,Lake/Pond,Field Msr/Obs,Surface Water,11/5/2024,Test strip,"Alkalinity, total",40,mg/L
Missanabie Cree First Nation Community-led water quality monitoring,10849,Eskay Lake:Eskay lake boat launch (EL-WM—B),48.3337018,-84.0383211,Lake/Pond,Field Msr/Obs,Surface Water,11/3/2024,Probe/Sensor,Total dissolved solids,41,ppm
Missanabie Cree First Nation Community-led water quality monitoring,23112,McVeigh Creek:McVeigh Cr. Upstream from Goudreau Pits,48.2830488,-84.5026946,River/Stream,Field Msr/Obs,Surface Water,11/5/2024,Probe/Sensor,"Temperature, water",8,deg C
Missanabie Cree First Nation Community-led water quality monitoring,23048,Dreany Lake:Dreany Lake southwest location post culvert - Island Gold Mine Reference Lake,48.3271982,-84.500463,Lake/Pond,Field Msr/Obs,Surface Water,11/5/2024,Secchi Disk,Depth of water column,0.25,m
Missanabie Cree First Nation Community-led water quality monitoring,23113,McVeigh Creek:McVeigh Cr. Intersection with Goudreau Pit Iron Leaching,48.2823452,-84.5039606,River/Stream,Field Msr/Obs,Surface Water,11/5/2024,Test strip,"Alkalinity, total",100,mg/L
Missanabie Cree First Nation Community-led water quality monitoring,3945,"Wawa Lake:Wawa, Ontario",47.9991001,-84.7705997,Lake/Pond,Field Msr/Obs,Surface Water,11/3/2024,Test strip,Total hardness,0,mg/L
Missanabie Cree First Nation Community-led water quality monitoring,23113,McVeigh Creek:McVeigh Cr. Intersection with Goudreau Pit Iron Leaching,48.2823452,-84.5039606,River/Stream,Field Msr/Obs,Surface Water,11/5/2024,Probe/Sensor,Salinity,191,ppm
Missanabie Cree First Nation Community-led water quality monitoring,23047,Smithy Lake:Smithy Lake Boat Launch(Northwest Shore) - Magino Mine Reference Lake,48.3307204,-84.5478201,Lake/Pond,Field Msr/Obs,Surface Water,11/5/2024,Probe/Sensor,"Temperature, water",6.8,deg C
Missanabie Cree First Nation Community-led water quality monitoring,3945,"Wawa Lake:Wawa, Ontario",47.9991001,-84.7705997,Lake/Pond,Field Msr/Obs,Surface Water,11/3/2024,,pH,7.2,None
Missanabie Cree First Nation Community-led water quality monitoring,10849,Eskay Lake:Eskay lake boat launch (EL-WM—B),48.3337018,-84.0383211,Lake/Pond,Field Msr/Obs,Surface Water,11/3/2024,Probe/Sensor,Dissolved oxygen (DO),9,mg/L
Missanabie Cree First Nation Community-led water quality monitoring,10848,Dog Lake:MartinVille (MV-WM-C,48.313915,-84.0620812,Lake/Pond,Field Msr/Obs,Surface Water,11/3/2024,Probe/Sensor,Total dissolved solids,81,ppm
Missanabie Cree First Nation Community-led water quality monitoring,10848,Dog Lake:MartinVille (MV-WM-C,48.313915,-84.0620812,Lake/Pond,Field Msr/Obs,Surface Water,11/3/2024,Test strip,Total hardness,0,mg/L
Missanabie Cree First Nation Community-led water quality monitoring,10849,Eskay Lake:Eskay lake boat launch (EL-WM—B),48.3337018,-84.0383211,Lake/Pond,Field Msr/Obs,Surface Water,11/3/2024,Test strip,Total hardness,0,mg/L
Missanabie Cree First Nation Community-led water quality monitoring,23013,Maskinonge Lake:Island Gold pumphouse for non-potable and mill processing,48.3097282,-84.4236016,Lake/Pond,Field Msr/Obs,Surface Water,11/4/2024,Test strip,Total hardness,0,mg/L
Missanabie Cree First Nation Community-led water quality monitoring,3945,"Wawa Lake:Wawa, Ontario",47.9991001,-84.7705997,Lake/Pond,Field Msr/Obs,Surface Water,11/3/2024,Probe/Sensor,Salinity,83,ppm
Missanabie Cree First Nation Community-led water quality monitoring,10850,Dog lake:IVC-WM-A,48.3125996,-84.0359051,Lake/Pond,Field Msr/Obs,Surface Water,11/3/2024,Probe/Sensor,Conductivity,98,uS/cm
Missanabie Cree First Nation Community-led water quality monitoring,23048,Dreany Lake:Dreany Lake southwest location post culvert - Island Gold Mine Reference Lake,48.3271982,-84.500463,Lake/Pond,Field Msr/Obs,Surface Water,11/5/2024,Probe/Sensor,"Temperature, water",7,deg C
Missanabie Cree First Nation Community-led water quality monitoring,10848,Dog Lake:MartinVille (MV-WM-C,48.313915,-84.0620812,Lake/Pond,Field Msr/Obs,Surface Water,11/3/2024,Probe/Sensor,"Temperature, air",8,deg C
Missanabie Cree First Nation Community-led water quality monitoring,10849,Eskay Lake:Eskay lake boat launch (EL-WM—B),48.3337018,-84.0383211,Lake/Pond,Field Msr/Obs,Surface Water,11/3/2024,Probe/Sensor,"Temperature, water",7.2,deg C
Missanabie Cree First Nation Community-led water quality monitoring,10848,Dog Lake:MartinVille (MV-WM-C,48.313915,-84.0620812,Lake/Pond,Field Msr/Obs,Surface Water,11/3/2024,Test strip,"Alkalinity, total",120,mg/L
Missanabie Cree First Nation Community-led water quality monitoring,10846,Michipicoten River:Michipicoten River (MRM-WM-E),47.9222696,-84.8045415,River/Stream,Field Msr/Obs,Surface Water,11/3/2024,,pH,6.6,None
Missanabie Cree First Nation Community-led water quality monitoring,10848,Dog Lake:MartinVille (MV-WM-C,48.313915,-84.0620812,Lake/Pond,Field Msr/Obs,Surface Water,11/3/2024,Probe/Sensor,Conductivity,67,uS/cm
Sault Ste. Marie Water Rangers Task Team,11707,Root River Branch:Root River Branch Fourth Line E,46.5676351,-84.3005633,River/Stream,Field Msr/Obs,Surface Water,6/7/2024,Test strip,Chlorine,0,ppm
Sault Ste. Marie Water Rangers Task Team,11718,East Davignon Creek:East Davignon Creek Allens Side (N of 2nd Ln W),46.559108,-84.4037962,River/Stream,Field Msr/Obs,Surface Water,6/7/2024,Test strip,"Alkalinity, total",0,mg/L
Sault Ste. Marie Water Rangers Task Team,11704,Root River:Root River Wishart Park,46.5637702,-84.2936325,River/Stream,Field Msr/Obs,Surface Water,5/11/2024,Secchi Disk,Depth of water column,0.58,m
Sault Ste. Marie Water Rangers Task Team,11715,Little Carp River:Little Carp River Carpin Beach Rd,46.5097352,-84.4441581,River/Stream,Field Msr/Obs,Surface Water,4/19/2024,Probe/Sensor,Conductivity,70,uS/cm
Sault Ste. Marie Water Rangers Task Team,11709,Canon Creek:Canon Creek Old Goulais Bay Rd,46.5915743,-84.3430281,River/Stream,Field Msr/Obs,Surface Water,3/27/2024,Test strip,"Alkalinity, total",0,mg/L
Sault Ste. Marie Water Rangers Task Team,11713,East Davignon Creek:East Davignon Farwell Terrace (near Tim Hortons),46.5367668,-84.3616748,River/Stream,Field Msr/Obs,Surface Water,6/3/2024,Probe/Sensor,"Temperature, air",31,deg C
Sault Ste. Marie Water Rangers Task Team,11703,Root River:Root River Old Garden River,46.5629144,-84.2812943,River/Stream,Field Msr/Obs,Surface Water,3/10/2024,Secchi Disk,"Depth, Secchi disk depth",0.43,m
Sault Ste. Marie Water Rangers Task Team,11709,Canon Creek:Canon Creek Old Goulais Bay Rd,46.5915743,-84.3430281,River/Stream,Field Msr/Obs,Surface Water,6/3/2024,Probe/Sensor,Conductivity,40,uS/cm
Sault Ste. Marie Water Rangers Task Team,11710,Root River:Root River Hwy 17E,46.5459338,-84.2184019,River/Stream,Field Msr/Obs,Surface Water,4/22/2024,Probe/Sensor,Conductivity,81,uS/cm
Sault Ste. Marie Water Rangers Task Team,11708,Root River:Root River off Hwy 17 N (near Teen Challenge),46.5717047,-84.3206692,River/Stream,Field Msr/Obs,Surface Water,5/5/2024,Probe/Sensor,Conductivity,66,uS/cm
Sault Ste. Marie Water Rangers Task Team,11718,East Davignon Creek:East Davignon Creek Allens Side (N of 2nd Ln W),46.559108,-84.4037962,River/Stream,Field Msr/Obs,Surface Water,5/18/2024,Probe/Sensor,"Temperature, water",18.2,deg C
Sault Ste. Marie Water Rangers Task Team,11709,Canon Creek:Canon Creek Old Goulais Bay Rd,46.5915743,-84.3430281,River/Stream,Field Msr/Obs,Surface Water,4/26/2024,Test strip,"Alkalinity, total",0,mg/L
Sault Ste. Marie Water Rangers Task Team,11717,Upper Carp River:Upper Carp River at Creek Rd/Third Line W,46.5480272,-84.4551659,River/Stream,Field Msr/Obs,Surface Water,4/13/2024,Test strip,Chlorine,0,ppm
Sault Ste. Marie Water Rangers Task Team,11703,Root River:Root River Old Garden River,46.5629144,-84.2812943,River/Stream,Field Msr/Obs,Surface Water,5/12/2024,Probe/Sensor,"Temperature, water",16.9,deg C
Sault Ste. Marie Water Rangers Task Team,11716,Big Carp River:Big Carp River Herkimer Rd,46.5062632,-84.4498873,River/Stream,Field Msr/Obs,Surface Water,5/10/2024,Probe/Sensor,"Temperature, air",17,deg C
Sault Ste. Marie Water Rangers Task Team,11711,Duck pond:Bellevue Park duck pond,46.5004401,-84.2993188,Lake/Pond,Field Msr/Obs,Surface Water,4/23/2024,Test strip,Total hardness,200,mg/L
Sault Ste. Marie Water Rangers Task Team,11708,Root River:Root River off Hwy 17 N (near Teen Challenge),46.5717047,-84.3206692,River/Stream,Field Msr/Obs,Surface Water,5/10/2024,Probe/Sensor,Dissolved oxygen (DO),7,mg/L
Sault Ste. Marie Water Rangers Task Team,11703,Root River:Root River Old Garden River,46.5629144,-84.2812943,River/Stream,Field Msr/Obs,Surface Water,7/24/2024,Test strip,"Alkalinity, total",40,mg/L
Sault Ste. Marie Water Rangers Task Team,11718,East Davignon Creek:East Davignon Creek Allens Side (N of 2nd Ln W),46.559108,-84.4037962,River/Stream,Field Msr/Obs,Surface Water,6/3/2024,Probe/Sensor,"Temperature, air",26,deg C
Sault Ste. Marie Water Rangers Task Team,11713,East Davignon Creek:East Davignon Farwell Terrace (near Tim Hortons),46.5367668,-84.3616748,River/Stream,Field Msr/Obs,Surface Water,3/9/2024,Probe/Sensor,Dissolved oxygen (DO),11,mg/L
Sault Ste. Marie Water Rangers Task Team,11714,West Davignon Creek:West Davignon Brookfield Ave,46.5307892,-84.3968654,River/Stream,Field Msr/Obs,Surface Water,3/31/2024,Test strip,Total hardness,0,mg/L
Sault Ste. Marie Water Rangers Task Team,11716,Big Carp River:Big Carp River Herkimer Rd,46.5062632,-84.4498873,River/Stream,Field Msr/Obs,Surface Water,3/27/2024,Probe/Sensor,Conductivity,50,uS/cm
Sault Ste. Marie Water Rangers Task Team,11710,Root River:Root River Hwy 17E,46.5459338,-84.2184019,River/Stream,Field Msr/Obs,Surface Water,6/21/2024,Probe/Sensor,Conductivity,169,uS/cm
Sault Ste. Marie Water Rangers Task Team,11719,SSM TEST SITE:SSM TEST SITE,46.5038247,-84.2879248,Unspecified,Field Msr/Obs,Surface Water,2/23/2024,Test strip,"Alkalinity, total",40,mg/L
Sault Ste. Marie Water Rangers Task Team,11714,West Davignon Creek:West Davignon Brookfield Ave,46.5307892,-84.3968654,River/Stream,Field Msr/Obs,Surface Water,4/28/2024,Probe/Sensor,Dissolved oxygen (DO),12,mg/L
Sault Ste. Marie Water Rangers Task Team,11718,East Davignon Creek:East Davignon Creek Allens Side (N of 2nd Ln W),46.559108,-84.4037962,River/Stream,Field Msr/Obs,Surface Water,3/27/2024,Probe/Sensor,"Temperature, water",1.3,deg C
Sault Ste. Marie Water Rangers Task Team,11711,Duck pond:Bellevue Park duck pond,46.5004401,-84.2993188,Lake/Pond,Field Msr/Obs,Surface Water,5/17/2024,Probe/Sensor,Conductivity,0,uS/cm
Sault Ste. Marie Water Rangers Task Team,11702,Cold Water Creek:Cold Water Creek at Old Garden River Road,46.5636057,-84.2783117,River/Stream,Field Msr/Obs,Surface Water,6/24/2024,,pH,7.5,None
Sault Ste. Marie Water Rangers Task Team,11712,Fort Creek:Fort Creek Channel at Carmen's Way,46.5363508,-84.3442512,River/Stream,Field Msr/Obs,Surface Water,4/5/2024,,pH,7,None
Sault Ste. Marie Water Rangers Task Team,11710,Root River:Root River Hwy 17E,46.5459338,-84.2184019,River/Stream,Field Msr/Obs,Surface Water,6/21/2024,Probe/Sensor,"Temperature, water",21.5,deg C
Sault Ste. Marie Water Rangers Task Team,11710,Root River:Root River Hwy 17E,46.5459338,-84.2184019,River/Stream,Field Msr/Obs,Surface Water,3/15/2024,Probe/Sensor,Dissolved oxygen (DO),10,mg/L
Sault Ste. Marie Water Rangers Task Team,11707,Root River Branch:Root River Branch Fourth Line E,46.5676351,-84.3005633,River/Stream,Field Msr/Obs,Surface Water,5/11/2024,Test strip,Chlorine,0,ppm
Sault Ste. Marie Water Rangers Task Team,11718,East Davignon Creek:East Davignon Creek Allens Side (N of 2nd Ln W),46.559108,-84.4037962,River/Stream,Field Msr/Obs,Surface Water,4/13/2024,Test strip,Chlorine,0,ppm
Sault Ste. Marie Water Rangers Task Team,11712,Fort Creek:Fort Creek Channel at Carmen's Way,46.5363508,-84.3442512,River/Stream,Field Msr/Obs,Surface Water,3/1/2024,,pH,6.6,None
Sault Ste. Marie Water Rangers Task Team,11702,Cold Water Creek:Cold Water Creek at Old Garden River Road,46.5636057,-84.2783117,River/Stream,Field Msr/Obs,Surface Water,5/5/2024,Probe/Sensor,"Temperature, water",8.7,deg C
Sault Ste. Marie Water Rangers Task Team,11713,East Davignon Creek:East Davignon Farwell Terrace (near Tim Hortons),46.5367668,-84.3616748,River/Stream,Field Msr/Obs,Surface Water,3/8/2024,,pH,6.8,None
Sault Ste. Marie Water Rangers Task Team,11715,Little Carp River:Little Carp River Carpin Beach Rd,46.5097352,-84.4441581,River/Stream,Field Msr/Obs,Surface Water,3/27/2024,Probe/Sensor,"Temperature, water",1.1,deg C
Sault Ste. Marie Water Rangers Task Team,11712,Fort Creek:Fort Creek Channel at Carmen's Way,46.5363508,-84.3442512,River/Stream,Field Msr/Obs,Surface Water,3/27/2024,,pH,6.4,None
Sault Ste. Marie Water Rangers Task Team,11702,Cold Water Creek:Cold Water Creek at Old Garden River Road,46.5636057,-84.2783117,River/Stream,Field Msr/Obs,Surface Water,6/28/2024,Probe/Sensor,"Temperature, air",10.1,deg C
Sault Ste. Marie Water Rangers Task Team,11713,East Davignon Creek:East Davignon Farwell Terrace (near Tim Hortons),46.5367668,-84.3616748,River/Stream,Field Msr/Obs,Surface Water,4/28/2024,Probe/Sensor,Conductivity,204,uS/cm
Sault Ste. Marie Water Rangers Task Team,11717,Upper Carp River:Upper Carp River at Creek Rd/Third Line W,46.5480272,-84.4551659,River/Stream,Field Msr/Obs,Surface Water,4/19/2024,Secchi Disk,Depth of water column,0.14,m
Sault Ste. Marie Water Rangers Task Team,11711,Duck pond:Bellevue Park duck pond,46.5004401,-84.2993188,Lake/Pond,Field Msr/Obs,Surface Water,4/7/2024,,pH,7.5,None
Sault Ste. Marie Water Rangers Task Team,11707,Root River Branch:Root River Branch Fourth Line E,46.5676351,-84.3005633,River/Stream,Field Msr/Obs,Surface Water,5/5/2024,Test strip,"Alkalinity, total",0,mg/L
Sault Ste. Marie Water Rangers Task Team,11707,Root River Branch:Root River Branch Fourth Line E,46.5676351,-84.3005633,River/Stream,Field Msr/Obs,Surface Water,3/1/2024,Test strip,Chlorine,0,ppm
Sault Ste. Marie Water Rangers Task Team,11718,East Davignon Creek:East Davignon Creek Allens Side (N of 2nd Ln W),46.559108,-84.4037962,River/Stream,Field Msr/Obs,Surface Water,6/7/2024,Test strip,Total hardness,0,mg/L
Sault Ste. Marie Water Rangers Task Team,11713,East Davignon Creek:East Davignon Farwell Terrace (near Tim Hortons),46.5367668,-84.3616748,River/Stream,Field Msr/Obs,Surface Water,6/3/2024,Test strip,Total hardness,100,mg/L
Sault Ste. Marie Water Rangers Task Team,11713,East Davignon Creek:East Davignon Farwell Terrace (near Tim Hortons),46.5367668,-84.3616748,River/Stream,Field Msr/Obs,Surface Water,4/7/2024,Probe/Sensor,Dissolved oxygen (DO),12,mg/L
Sault Ste. Marie Water Rangers Task Team,11711,Duck pond:Bellevue Park duck pond,46.5004401,-84.2993188,Lake/Pond,Field Msr/Obs,Surface Water,3/10/2024,Test strip,Total hardness,200,mg/L
Sault Ste. Marie Water Rangers Task Team,11709,Canon Creek:Canon Creek Old Goulais Bay Rd,46.5915743,-84.3430281,River/Stream,Field Msr/Obs,Surface Water,4/21/2024,Secchi Disk,"Depth, Secchi disk depth",0.52,m
Sault Ste. Marie Water Rangers Task Team,11718,East Davignon Creek:East Davignon Creek Allens Side (N of 2nd Ln W),46.559108,-84.4037962,River/Stream,Field Msr/Obs,Surface Water,6/7/2024,Probe/Sensor,Dissolved oxygen (DO),9,mg/L
Sault Ste. Marie Water Rangers Task Team,11706,Root River:Root River Fourth Line E,46.5672083,-84.3063569,River/Stream,Field Msr/Obs,Surface Water,5/5/2024,Secchi Disk,Depth of water column,0.29,m
Sault Ste. Marie Water Rangers Task Team,11718,East Davignon Creek:East Davignon Creek Allens Side (N of 2nd Ln W),46.559108,-84.4037962,River/Stream,Field Msr/Obs,Surface Water,6/8/2024,Probe/Sensor,Conductivity,55,uS/cm
Sault Ste. Marie Water Rangers Task Team,11704,Root River:Root River Wishart Park,46.5637702,-84.2936325,River/Stream,Field Msr/Obs,Surface Water,5/5/2024,Probe/Sensor,"Temperature, air",5,deg C
Sault Ste. Marie Water Rangers Task Team,11702,Cold Water Creek:Cold Water Creek at Old Garden River Road,46.5636057,-84.2783117,River/Stream,Field Msr/Obs,Surface Water,3/27/2024,Probe/Sensor,Dissolved oxygen (DO),6,mg/L
Sault Ste. Marie Water Rangers Task Team,11710,Root River:Root River Hwy 17E,46.5459338,-84.2184019,River/Stream,Field Msr/Obs,Surface Water,5/25/2024,Test strip,"Alkalinity, total",0,mg/L
Sault Ste. Marie Water Rangers Task Team,11718,East Davignon Creek:East Davignon Creek Allens Side (N of 2nd Ln W),46.559108,-84.4037962,River/Stream,Field Msr/Obs,Surface Water,4/13/2024,Probe/Sensor,Dissolved oxygen (DO),9,mg/L
Sault Ste. Marie Water Rangers Task Team,11702,Cold Water Creek:Cold Water Creek at Old Garden River Road,46.5636057,-84.2783117,River/Stream,Field Msr/Obs,Surface Water,4/12/2024,Probe/Sensor,"Temperature, air",4,deg C
Sault Ste. Marie Water Rangers Task Team,11709,Canon Creek:Canon Creek Old Goulais Bay Rd,46.5915743,-84.3430281,River/Stream,Field Msr/Obs,Surface Water,4/21/2024,Test strip,"Alkalinity, total",10,mg/L
Sault Ste. Marie Water Rangers Task Team,11702,Cold Water Creek:Cold Water Creek at Old Garden River Road,46.5636057,-84.2783117,River/Stream,Field Msr/Obs,Surface Water,4/26/2024,Test strip,"Alkalinity, total",2,mg/L
Sault Ste. Marie Water Rangers Task Team,11702,Cold Water Creek:Cold Water Creek at Old Garden River Road,46.5636057,-84.2783117,River/Stream,Field Msr/Obs,Surface Water,6/10/2024,Test strip,Total hardness,0,mg/L
Sault Ste. Marie Water Rangers Task Team,11718,East Davignon Creek:East Davignon Creek Allens Side (N of 2nd Ln W),46.559108,-84.4037962,River/Stream,Field Msr/Obs,Surface Water,6/8/2024,Probe/Sensor,"Temperature, air",14,deg C
Sault Ste. Marie Water Rangers Task Team,11718,East Davignon Creek:East Davignon Creek Allens Side (N of 2nd Ln W),46.559108,-84.4037962,River/Stream,Field Msr/Obs,Surface Water,6/3/2024,,pH,7.2,None
Sault Ste. Marie Water Rangers Task Team,11718,East Davignon Creek:East Davignon Creek Allens Side (N of 2nd Ln W),46.559108,-84.4037962,River/Stream,Field Msr/Obs,Surface Water,6/3/2024,Test strip,"Alkalinity, total",20,mg/L
Sault Ste. Marie Water Rangers Task Team,11703,Root River:Root River Old Garden River,46.5629144,-84.2812943,River/Stream,Field Msr/Obs,Surface Water,6/10/2024,Test strip,"Alkalinity, total",20,mg/L
Sault Ste. Marie Water Rangers Task Team,11703,Root River:Root River Old Garden River,46.5629144,-84.2812943,River/Stream,Field Msr/Obs,Surface Water,5/27/2024,Probe/Sensor,Conductivity,98,uS/cm
Sault Ste. Marie Water Rangers Task Team,11703,Root River:Root River Old Garden River,46.5629144,-84.2812943,River/Stream,Field Msr/Obs,Surface Water,3/10/2024,Probe/Sensor,Conductivity,55,uS/cm
Sault Ste. Marie Water Rangers Task Team,11717,Upper Carp River:Upper Carp River at Creek Rd/Third Line W,46.5480272,-84.4551659,River/Stream,Field Msr/Obs,Surface Water,4/13/2024,,pH,6.4,None
Sault Ste. Marie Water Rangers Task Team,11703,Root River:Root River Old Garden River,46.5629144,-84.2812943,River/Stream,Field Msr/Obs,Surface Water,5/10/2024,Probe/Sensor,"Temperature, air",15,deg C
Sault Ste. Marie Water Rangers Task Team,11704,Root River:Root River Wishart Park,46.5637702,-84.2936325,River/Stream,Field Msr/Obs,Surface Water,3/27/2024,Test strip,Total hardness,0,mg/L
Sault Ste. Marie Water Rangers Task Team,11715,Little Carp River:Little Carp River Carpin Beach Rd,46.5097352,-84.4441581,River/Stream,Field Msr/Obs,Surface Water,4/19/2024,Test strip,"Alkalinity, total",0,mg/L
Sault Ste. Marie Water Rangers Task Team,11709,Canon Creek:Canon Creek Old Goulais Bay Rd,46.5915743,-84.3430281,River/Stream,Field Msr/Obs,Surface Water,3/27/2024,Probe/Sensor,Dissolved oxygen (DO),8,mg/L
Sault Ste. Marie Water Rangers Task Team,11706,Root River:Root River Fourth Line E,46.5672083,-84.3063569,River/Stream,Field Msr/Obs,Surface Water,5/17/2024,Secchi Disk,Depth of water column,0.1,m
Sault Ste. Marie Water Rangers Task Team,11708,Root River:Root River off Hwy 17 N (near Teen Challenge),46.5717047,-84.3206692,River/Stream,Field Msr/Obs,Surface Water,5/24/2024,Test strip,Chlorine,0,ppm
Sault Ste. Marie Water Rangers Task Team,11718,East Davignon Creek:East Davignon Creek Allens Side (N of 2nd Ln W),46.559108,-84.4037962,River/Stream,Field Msr/Obs,Surface Water,4/6/2024,Test strip,Total hardness,0,mg/L
Sault Ste. Marie Water Rangers Task Team,11715,Little Carp River:Little Carp River Carpin Beach Rd,46.5097352,-84.4441581,River/Stream,Field Msr/Obs,Surface Water,3/27/2024,Test strip,"Alkalinity, total",0,mg/L
Sault Ste. Marie Water Rangers Task Team,11701,St. Marys River:Bellevue Park Topsail Island,46.4952016,-84.297452,River/Stream,Field Msr/Obs,Surface Water,2/22/2024,Test strip,"Alkalinity, total",20,mg/L
Sault Ste. Marie Water Rangers Task Team,11702,Cold Water Creek:Cold Water Creek at Old Garden River Road,46.5636057,-84.2783117,River/Stream,Field Msr/Obs,Surface Water,7/24/2024,,pH,7.2,None
Sault Ste. Marie Water Rangers Task Team,11709,Canon Creek:Canon Creek Old Goulais Bay Rd,46.5915743,-84.3430281,River/Stream,Field Msr/Obs,Surface Water,6/3/2024,Test strip,"Alkalinity, total",0,mg/L
Sault Ste. Marie Water Rangers Task Team,11712,Fort Creek:Fort Creek Channel at Carmen's Way,46.5363508,-84.3442512,River/Stream,Field Msr/Obs,Surface Water,3/15/2024,Probe/Sensor,"Temperature, water",4.1,deg C
Sault Ste. Marie Water Rangers Task Team,11713,East Davignon Creek:East Davignon Farwell Terrace (near Tim Hortons),46.5367668,-84.3616748,River/Stream,Field Msr/Obs,Surface Water,4/14/2024,Test strip,Chlorine,0,ppm
Sault Ste. Marie Water Rangers Task Team,11712,Fort Creek:Fort Creek Channel at Carmen's Way,46.5363508,-84.3442512,River/Stream,Field Msr/Obs,Surface Water,3/15/2024,Probe/Sensor,Conductivity,811,uS/cm
Sault Ste. Marie Water Rangers Task Team,11717,Upper Carp River:Upper Carp River at Creek Rd/Third Line W,46.5480272,-84.4551659,River/Stream,Field Msr/Obs,Surface Water,5/10/2024,Probe/Sensor,Conductivity,33,uS/cm
Sault Ste. Marie Water Rangers Task Team,11716,Big Carp River:Big Carp River Herkimer Rd,46.5062632,-84.4498873,River/Stream,Field Msr/Obs,Surface Water,5/24/2024,Probe/Sensor,Conductivity,96,uS/cm
Sault Ste. Marie Water Rangers Task Team,11711,Duck pond:Bellevue Park duck pond,46.5004401,-84.2993188,Lake/Pond,Field Msr/Obs,Surface Water,3/15/2024,Probe/Sensor,"Temperature, water",5.7,deg C
Sault Ste. Marie Water Rangers Task Team,11705,Coldwater Creek:Lower Coldwater Creek Case Rd,46.5646992,-84.2689991,River/Stream,Field Msr/Obs,Surface Water,3/15/2024,Probe/Sensor,Conductivity,27,uS/cm
Sault Ste. Marie Water Rangers Task Team,11717,Upper Carp River:Upper Carp River at Creek Rd/Third Line W,46.5480272,-84.4551659,River/Stream,Field Msr/Obs,Surface Water,5/18/2024,Test strip,"Alkalinity, total",20,mg/L
Sault Ste. Marie Water Rangers Task Team,11718,East Davignon Creek:East Davignon Creek Allens Side (N of 2nd Ln W),46.559108,-84.4037962,River/Stream,Field Msr/Obs,Surface Water,5/24/2024,Secchi Disk,Depth of water column,0.17,m
Sault Ste. Marie Water Rangers Task Team,11704,Root River:Root River Wishart Park,46.5637702,-84.2936325,River/Stream,Field Msr/Obs,Surface Water,3/10/2024,Test strip,Total hardness,0,mg/L
Sault Ste. Marie Water Rangers Task Team,11702,Cold Water Creek:Cold Water Creek at Old Garden River Road,46.5636057,-84.2783117,River/Stream,Field Msr/Obs,Surface Water,5/19/2024,Probe/Sensor,Conductivity,194,uS/cm
Sault Ste. Marie Water Rangers Task Team,11716,Big Carp River:Big Carp River Herkimer Rd,46.5062632,-84.4498873,River/Stream,Field Msr/Obs,Surface Water,4/13/2024,Test strip,"Alkalinity, total",0,mg/L
Sault Ste. Marie Water Rangers Task Team,11717,Upper Carp River:Upper Carp River at Creek Rd/Third Line W,46.5480272,-84.4551659,River/Stream,Field Msr/Obs,Surface Water,5/24/2024,Test strip,Total hardness,0,mg/L
Sault Ste. Marie Water Rangers Task Team,11713,East Davignon Creek:East Davignon Farwell Terrace (near Tim Hortons),46.5367668,-84.3616748,River/Stream,Field Msr/Obs,Surface Water,6/3/2024,Test strip,"Alkalinity, total",80,mg/L
Sault Ste. Marie Water Rangers Task Team,11702,Cold Water Creek:Cold Water Creek at Old Garden River Road,46.5636057,-84.2783117,River/Stream,Field Msr/Obs,Surface Water,4/19/2024,Test strip,Total hardness,0,mg/L
Sault Ste. Marie Water Rangers Task Team,11710,Root River:Root River Hwy 17E,46.5459338,-84.2184019,River/Stream,Field Msr/Obs,Surface Water,3/27/2024,Probe/Sensor,"Temperature, air",-1,deg C
Sault Ste. Marie Water Rangers Task Team,11704,Root River:Root River Wishart Park,46.5637702,-84.2936325,River/Stream,Field Msr/Obs,Surface Water,4/12/2024,Test strip,Total hardness,0,mg/L
Sault Ste. Marie Water Rangers Task Team,11718,East Davignon Creek:East Davignon Creek Allens Side (N of 2nd Ln W),46.559108,-84.4037962,River/Stream,Field Msr/Obs,Surface Water,3/16/2024,,pH,6.6,None
Sault Ste. Marie Water Rangers Task Team,11706,Root River:Root River Fourth Line E,46.5672083,-84.3063569,River/Stream,Field Msr/Obs,Surface Water,4/19/2024,Secchi Disk,Depth of water column,0.25,m
Sault Ste. Marie Water Rangers Task Team,11703,Root River:Root River Old Garden River,46.5629144,-84.2812943,River/Stream,Field Msr/Obs,Surface Water,6/14/2024,Test strip,Chlorine,0,ppm
Sault Ste. Marie Water Rangers Task Team,11705,Coldwater Creek:Lower Coldwater Creek Case Rd,46.5646992,-84.2689991,River/Stream,Field Msr/Obs,Surface Water,5/19/2024,Probe/Sensor,"Temperature, air",21,deg C
Sault Ste. Marie Water Rangers Task Team,11713,East Davignon Creek:East Davignon Farwell Terrace (near Tim Hortons),46.5367668,-84.3616748,River/Stream,Field Msr/Obs,Surface Water,3/27/2024,,pH,6.4,None
Sault Ste. Marie Water Rangers Task Team,11702,Cold Water Creek:Cold Water Creek at Old Garden River Road,46.5636057,-84.2783117,River/Stream,Field Msr/Obs,Surface Water,3/27/2024,Test strip,"Alkalinity, total",0,mg/L
Sault Ste. Marie Water Rangers Task Team,11709,Canon Creek:Canon Creek Old Goulais Bay Rd,46.5915743,-84.3430281,River/Stream,Field Msr/Obs,Surface Water,3/15/2024,Probe/Sensor,Dissolved oxygen (DO),6,mg/L
Sault Ste. Marie Water Rangers Task Team,11710,Root River:Root River Hwy 17E,46.5459338,-84.2184019,River/Stream,Field Msr/Obs,Surface Water,4/22/2024,Test strip,Chlorine,0,ppm
Sault Ste. Marie Water Rangers Task Team,11709,Canon Creek:Canon Creek Old Goulais Bay Rd,46.5915743,-84.3430281,River/Stream,Field Msr/Obs,Surface Water,5/12/2024,Probe/Sensor,"Temperature, water",10.6,deg C
Sault Ste. Marie Water Rangers Task Team,11707,Root River Branch:Root River Branch Fourth Line E,46.5676351,-84.3005633,River/Stream,Field Msr/Obs,Surface Water,5/24/2024,Secchi Disk,Depth of water column,0.08,m
Sault Ste. Marie Water Rangers Task Team,11712,Fort Creek:Fort Creek Channel at Carmen's Way,46.5363508,-84.3442512,River/Stream,Field Msr/Obs,Surface Water,3/15/2024,Secchi Disk,"Depth, Secchi disk depth",0.32,m
Sault Ste. Marie Water Rangers Task Team,11718,East Davignon Creek:East Davignon Creek Allens Side (N of 2nd Ln W),46.559108,-84.4037962,River/Stream,Field Msr/Obs,Surface Water,3/10/2024,Probe/Sensor,Dissolved oxygen (DO),11,mg/L
Sault Ste. Marie Water Rangers Task Team,11712,Fort Creek:Fort Creek Channel at Carmen's Way,46.5363508,-84.3442512,River/Stream,Field Msr/Obs,Surface Water,5/12/2024,Probe/Sensor,Conductivity,771,uS/cm
Sault Ste. Marie Water Rangers Task Team,11718,East Davignon Creek:East Davignon Creek Allens Side (N of 2nd Ln W),46.559108,-84.4037962,River/Stream,Field Msr/Obs,Surface Water,5/18/2024,Secchi Disk,Depth of water column,0.24,m
Sault Ste. Marie Water Rangers Task Team,11703,Root River:Root River Old Garden River,46.5629144,-84.2812943,River/Stream,Field Msr/Obs,Surface Water,6/10/2024,,pH,7.2,None
Sault Ste. Marie Water Rangers Task Team,11709,Canon Creek:Canon Creek Old Goulais Bay Rd,46.5915743,-84.3430281,River/Stream,Field Msr/Obs,Surface Water,4/21/2024,Probe/Sensor,"Temperature, water",2.9,deg C
Sault Ste. Marie Water Rangers Task Team,11714,West Davignon Creek:West Davignon Brookfield Ave,46.5307892,-84.3968654,River/Stream,Field Msr/Obs,Surface Water,3/31/2024,Probe/Sensor,Dissolved oxygen (DO),10,mg/L
Sault Ste. Marie Water Rangers Task Team,11701,St. Marys River:Bellevue Park Topsail Island,46.4952016,-84.297452,River/Stream,Field Msr/Obs,Surface Water,3/15/2024,Probe/Sensor,Dissolved oxygen (DO),8,mg/L
Sault Ste. Marie Water Rangers Task Team,11719,SSM TEST SITE:SSM TEST SITE,46.5038247,-84.2879248,Unspecified,Field Msr/Obs,Surface Water,2/23/2024,Probe/Sensor,"Temperature, air",-11,deg C
Sault Ste. Marie Water Rangers Task Team,11713,East Davignon Creek:East Davignon Farwell Terrace (near Tim Hortons),46.5367668,-84.3616748,River/Stream,Field Msr/Obs,Surface Water,6/7/2024,Probe/Sensor,Dissolved oxygen (DO),9,mg/L
Sault Ste. Marie Water Rangers Task Team,11715,Little Carp River:Little Carp River Carpin Beach Rd,46.5097352,-84.4441581,River/Stream,Field Msr/Obs,Surface Water,5/18/2024,Test strip,Chlorine,0,ppm
Sault Ste. Marie Water Rangers Task Team,11702,Cold Water Creek:Cold Water Creek at Old Garden River Road,46.5636057,-84.2783117,River/Stream,Field Msr/Obs,Surface Water,4/26/2024,,pH,6.4,None
Sault Ste. Marie Water Rangers Task Team,11716,Big Carp River:Big Carp River Herkimer Rd,46.5062632,-84.4498873,River/Stream,Field Msr/Obs,Surface Water,4/19/2024,Probe/Sensor,Conductivity,58,uS/cm
Sault Ste. Marie Water Rangers Task Team,11703,Root River:Root River Old Garden River,46.5629144,-84.2812943,River/Stream,Field Msr/Obs,Surface Water,7/7/2024,Probe/Sensor,Conductivity,64,uS/cm
Sault Ste. Marie Water Rangers Task Team,11709,Canon Creek:Canon Creek Old Goulais Bay Rd,46.5915743,-84.3430281,River/Stream,Field Msr/Obs,Surface Water,4/26/2024,Secchi Disk,Depth of water column,0.3,m
Sault Ste. Marie Water Rangers Task Team,11703,Root River:Root River Old Garden River,46.5629144,-84.2812943,River/Stream,Field Msr/Obs,Surface Water,3/10/2024,Test strip,"Alkalinity, total",0,mg/L
Sault Ste. Marie Water Rangers Task Team,11713,East Davignon Creek:East Davignon Farwell Terrace (near Tim Hortons),46.5367668,-84.3616748,River/Stream,Field Msr/Obs,Surface Water,3/8/2024,Test strip,Chlorine,0,ppm
Sault Ste. Marie Water Rangers Task Team,11713,East Davignon Creek:East Davignon Farwell Terrace (near Tim Hortons),46.5367668,-84.3616748,River/Stream,Field Msr/Obs,Surface Water,3/31/2024,Probe/Sensor,Conductivity,127,uS/cm
Sault Ste. Marie Water Rangers Task Team,11712,Fort Creek:Fort Creek Channel at Carmen's Way,46.5363508,-84.3442512,River/Stream,Field Msr/Obs,Surface Water,3/27/2024,Test strip,"Alkalinity, total",20,mg/L
Sault Ste. Marie Water Rangers Task Team,11714,West Davignon Creek:West Davignon Brookfield Ave,46.5307892,-84.3968654,River/Stream,Field Msr/Obs,Surface Water,4/28/2024,Probe/Sensor,"Temperature, air",5,deg C
Sault Ste. Marie Water Rangers Task Team,11702,Cold Water Creek:Cold Water Creek at Old Garden River Road,46.5636057,-84.2783117,River/Stream,Field Msr/Obs,Surface Water,3/10/2024,Probe/Sensor,"Temperature, air",4,deg C
Sault Ste. Marie Water Rangers Task Team,11707,Root River Branch:Root River Branch Fourth Line E,46.5676351,-84.3005633,River/Stream,Field Msr/Obs,Surface Water,7/20/2024,Test strip,Chlorine,0,ppm
Sault Ste. Marie Water Rangers Task Team,11717,Upper Carp River:Upper Carp River at Creek Rd/Third Line W,46.5480272,-84.4551659,River/Stream,Field Msr/Obs,Surface Water,5/18/2024,Probe/Sensor,"Temperature, water",15.7,deg C
Sault Ste. Marie Water Rangers Task Team,11707,Root River Branch:Root River Branch Fourth Line E,46.5676351,-84.3005633,River/Stream,Field Msr/Obs,Surface Water,7/25/2024,Test strip,"Alkalinity, total",70,mg/L
Sault Ste. Marie Water Rangers Task Team,11707,Root River Branch:Root River Branch Fourth Line E,46.5676351,-84.3005633,River/Stream,Field Msr/Obs,Surface Water,6/7/2024,,pH,7.4,None
Sault Ste. Marie Water Rangers Task Team,11712,Fort Creek:Fort Creek Channel at Carmen's Way,46.5363508,-84.3442512,River/Stream,Field Msr/Obs,Surface Water,6/14/2024,Probe/Sensor,Dissolved oxygen (DO),9,mg/L
Sault Ste. Marie Water Rangers Task Team,11702,Cold Water Creek:Cold Water Creek at Old Garden River Road,46.5636057,-84.2783117,River/Stream,Field Msr/Obs,Surface Water,3/15/2024,Probe/Sensor,Conductivity,194,uS/cm
Sault Ste. Marie Water Rangers Task Team,11705,Coldwater Creek:Lower Coldwater Creek Case Rd,46.5646992,-84.2689991,River/Stream,Field Msr/Obs,Surface Water,4/12/2024,Probe/Sensor,Dissolved oxygen (DO),9,mg/L
Sault Ste. Marie Water Rangers Task Team,11709,Canon Creek:Canon Creek Old Goulais Bay Rd,46.5915743,-84.3430281,River/Stream,Field Msr/Obs,Surface Water,6/3/2024,Probe/Sensor,"Temperature, water",20.6,deg C
Sault Ste. Marie Water Rangers Task Team,11710,Root River:Root River Hwy 17E,46.5459338,-84.2184019,River/Stream,Field Msr/Obs,Surface Water,6/14/2024,Test strip,"Alkalinity, total",10,mg/L
Sault Ste. Marie Water Rangers Task Team,11714,West Davignon Creek:West Davignon Brookfield Ave,46.5307892,-84.3968654,River/Stream,Field Msr/Obs,Surface Water,5/10/2024,Probe/Sensor,"Temperature, air",23,deg C
Sault Ste. Marie Water Rangers Task Team,11705,Coldwater Creek:Lower Coldwater Creek Case Rd,46.5646992,-84.2689991,River/Stream,Field Msr/Obs,Surface Water,4/7/2024,Test strip,Total hardness,0,mg/L
Sault Ste. Marie Water Rangers Task Team,11712,Fort Creek:Fort Creek Channel at Carmen's Way,46.5363508,-84.3442512,River/Stream,Field Msr/Obs,Surface Water,3/27/2024,Probe/Sensor,Dissolved oxygen (DO),10,mg/L
Sault Ste. Marie Water Rangers Task Team,11703,Root River:Root River Old Garden River,46.5629144,-84.2812943,River/Stream,Field Msr/Obs,Surface Water,7/7/2024,Test strip,"Alkalinity, total",0,mg/L
Sault Ste. Marie Water Rangers Task Team,11710,Root River:Root River Hwy 17E,46.5459338,-84.2184019,River/Stream,Field Msr/Obs,Surface Water,6/14/2024,Probe/Sensor,Dissolved oxygen (DO),11,mg/L
Sault Ste. Marie Water Rangers Task Team,11704,Root River:Root River Wishart Park,46.5637702,-84.2936325,River/Stream,Field Msr/Obs,Surface Water,3/10/2024,Probe/Sensor,"Temperature, air",5,deg C
Sault Ste. Marie Water Rangers Task Team,11702,Cold Water Creek:Cold Water Creek at Old Garden River Road,46.5636057,-84.2783117,River/Stream,Field Msr/Obs,Surface Water,3/1/2024,Probe/Sensor,"Temperature, water",5.1,deg C
Sault Ste. Marie Water Rangers Task Team,11717,Upper Carp River:Upper Carp River at Creek Rd/Third Line W,46.5480272,-84.4551659,River/Stream,Field Msr/Obs,Surface Water,5/24/2024,Probe/Sensor,"Temperature, air",16,deg C
Sault Ste. Marie Water Rangers Task Team,11702,Cold Water Creek:Cold Water Creek at Old Garden River Road,46.5636057,-84.2783117,River/Stream,Field Msr/Obs,Surface Water,4/5/2024,Test strip,"Alkalinity, total",0,mg/L
Sault Ste. Marie Water Rangers Task Team,11707,Root River Branch:Root River Branch Fourth Line E,46.5676351,-84.3005633,River/Stream,Field Msr/Obs,Surface Water,7/25/2024,Probe/Sensor,"Temperature, air",22,deg C
Sault Ste. Marie Water Rangers Task Team,11704,Root River:Root River Wishart Park,46.5637702,-84.2936325,River/Stream,Field Msr/Obs,Surface Water,3/10/2024,Test strip,"Alkalinity, total",0,mg/L
Sault Ste. Marie Water Rangers Task Team,11705,Coldwater Creek:Lower Coldwater Creek Case Rd,46.5646992,-84.2689991,River/Stream,Field Msr/Obs,Surface Water,4/7/2024,Probe/Sensor,Dissolved oxygen (DO),8,mg/L
Sault Ste. Marie Water Rangers Task Team,11708,Root River:Root River off Hwy 17 N (near Teen Challenge),46.5717047,-84.3206692,River/Stream,Field Msr/Obs,Surface Water,4/19/2024,Test strip,"Alkalinity, total",40,mg/L
Sault Ste. Marie Water Rangers Task Team,11715,Little Carp River:Little Carp River Carpin Beach Rd,46.5097352,-84.4441581,River/Stream,Field Msr/Obs,Surface Water,5/24/2024,Probe/Sensor,Conductivity,107,uS/cm
Sault Ste. Marie Water Rangers Task Team,11716,Big Carp River:Big Carp River Herkimer Rd,46.5062632,-84.4498873,River/Stream,Field Msr/Obs,Surface Water,3/16/2024,,pH,6.4,None
Sault Ste. Marie Water Rangers Task Team,11714,West Davignon Creek:West Davignon Brookfield Ave,46.5307892,-84.3968654,River/Stream,Field Msr/Obs,Surface Water,3/8/2024,Test strip,Total hardness,100,mg/L
Sault Ste. Marie Water Rangers Task Team,11703,Root River:Root River Old Garden River,46.5629144,-84.2812943,River/Stream,Field Msr/Obs,Surface Water,7/24/2024,Probe/Sensor,Conductivity,101,uS/cm
Sault Ste. Marie Water Rangers Task Team,11705,Coldwater Creek:Lower Coldwater Creek Case Rd,46.5646992,-84.2689991,River/Stream,Field Msr/Obs,Surface Water,4/7/2024,Probe/Sensor,Conductivity,24,uS/cm
Sault Ste. Marie Water Rangers Task Team,11709,Canon Creek:Canon Creek Old Goulais Bay Rd,46.5915743,-84.3430281,River/Stream,Field Msr/Obs,Surface Water,6/8/2024,Probe/Sensor,Dissolved oxygen (DO),7,mg/L
Sault Ste. Marie Water Rangers Task Team,11706,Root River:Root River Fourth Line E,46.5672083,-84.3063569,River/Stream,Field Msr/Obs,Surface Water,5/10/2024,Test strip,Chlorine,0,ppm
Sault Ste. Marie Water Rangers Task Team,11714,West Davignon Creek:West Davignon Brookfield Ave,46.5307892,-84.3968654,River/Stream,Field Msr/Obs,Surface Water,3/31/2024,Probe/Sensor,"Temperature, air",-1,deg C
Sault Ste. Marie Water Rangers Task Team,11719,SSM TEST SITE:SSM TEST SITE,46.5038247,-84.2879248,Unspecified,Field Msr/Obs,Surface Water,2/23/2024,Probe/Sensor,Dissolved oxygen (DO),5.9,mg/L
Sault Ste. Marie Water Rangers Task Team,11705,Coldwater Creek:Lower Coldwater Creek Case Rd,46.5646992,-84.2689991,River/Stream,Field Msr/Obs,Surface Water,4/12/2024,Probe/Sensor,Conductivity,25,uS/cm
Sault Ste. Marie Water Rangers Task Team,11712,Fort Creek:Fort Creek Channel at Carmen's Way,46.5363508,-84.3442512,River/Stream,Field Msr/Obs,Surface Water,4/28/2024,Probe/Sensor,Dissolved oxygen (DO),11,mg/L
Sault Ste. Marie Water Rangers Task Team,11710,Root River:Root River Hwy 17E,46.5459338,-84.2184019,River/Stream,Field Msr/Obs,Surface Water,4/22/2024,,pH,6.4,None
Sault Ste. Marie Water Rangers Task Team,11706,Root River:Root River Fourth Line E,46.5672083,-84.3063569,River/Stream,Field Msr/Obs,Surface Water,3/27/2024,,pH,6.8,None
Sault Ste. Marie Water Rangers Task Team,11702,Cold Water Creek:Cold Water Creek at Old Garden River Road,46.5636057,-84.2783117,River/Stream,Field Msr/Obs,Surface Water,4/19/2024,Probe/Sensor,Dissolved oxygen (DO),9,mg/L
Sault Ste. Marie Water Rangers Task Team,11715,Little Carp River:Little Carp River Carpin Beach Rd,46.5097352,-84.4441581,River/Stream,Field Msr/Obs,Surface Water,3/27/2024,Probe/Sensor,Dissolved oxygen (DO),9,mg/L
Sault Ste. Marie Water Rangers Task Team,11708,Root River:Root River off Hwy 17 N (near Teen Challenge),46.5717047,-84.3206692,River/Stream,Field Msr/Obs,Surface Water,4/13/2024,Test strip,Total hardness,0,mg/L
Sault Ste. Marie Water Rangers Task Team,11713,East Davignon Creek:East Davignon Farwell Terrace (near Tim Hortons),46.5367668,-84.3616748,River/Stream,Field Msr/Obs,Surface Water,5/12/2024,Secchi Disk,Depth of water column,0.2,m
Sault Ste. Marie Water Rangers Task Team,11713,East Davignon Creek:East Davignon Farwell Terrace (near Tim Hortons),46.5367668,-84.3616748,River/Stream,Field Msr/Obs,Surface Water,3/27/2024,Probe/Sensor,Dissolved oxygen (DO),11,mg/L
Sault Ste. Marie Water Rangers Task Team,11702,Cold Water Creek:Cold Water Creek at Old Garden River Road,46.5636057,-84.2783117,River/Stream,Field Msr/Obs,Surface Water,3/15/2024,Test strip,Chlorine,0,ppm
Sault Ste. Marie Water Rangers Task Team,11714,West Davignon Creek:West Davignon Brookfield Ave,46.5307892,-84.3968654,River/Stream,Field Msr/Obs,Surface Water,4/14/2024,,pH,6.4,None
Sault Ste. Marie Water Rangers Task Team,11710,Root River:Root River Hwy 17E,46.5459338,-84.2184019,River/Stream,Field Msr/Obs,Surface Water,3/10/2024,Probe/Sensor,"Temperature, air",2,deg C
Sault Ste. Marie Water Rangers Task Team,11718,East Davignon Creek:East Davignon Creek Allens Side (N of 2nd Ln W),46.559108,-84.4037962,River/Stream,Field Msr/Obs,Surface Water,5/24/2024,Test strip,Total hardness,0,mg/L
Sault Ste. Marie Water Rangers Task Team,11716,Big Carp River:Big Carp River Herkimer Rd,46.5062632,-84.4498873,River/Stream,Field Msr/Obs,Surface Water,5/10/2024,Test strip,Total hardness,0,mg/L
Sault Ste. Marie Water Rangers Task Team,11718,East Davignon Creek:East Davignon Creek Allens Side (N of 2nd Ln W),46.559108,-84.4037962,River/Stream,Field Msr/Obs,Surface Water,3/1/2024,,pH,6.6,None
Sault Ste. Marie Water Rangers Task Team,11708,Root River:Root River off Hwy 17 N (near Teen Challenge),46.5717047,-84.3206692,River/Stream,Field Msr/Obs,Surface Water,3/14/2024,Test strip,Chlorine,0,ppm
Sault Ste. Marie Water Rangers Task Team,11716,Big Carp River:Big Carp River Herkimer Rd,46.5062632,-84.4498873,River/Stream,Field Msr/Obs,Surface Water,4/19/2024,Test strip,Total hardness,0,mg/L
Sault Ste. Marie Water Rangers Task Team,11707,Root River Branch:Root River Branch Fourth Line E,46.5676351,-84.3005633,River/Stream,Field Msr/Obs,Surface Water,6/7/2024,Test strip,"Alkalinity, total",40,mg/L
Sault Ste. Marie Water Rangers Task Team,11717,Upper Carp River:Upper Carp River at Creek Rd/Third Line W,46.5480272,-84.4551659,River/Stream,Field Msr/Obs,Surface Water,4/19/2024,Probe/Sensor,"Temperature, air",6,deg C
Sault Ste. Marie Water Rangers Task Team,11702,Cold Water Creek:Cold Water Creek at Old Garden River Road,46.5636057,-84.2783117,River/Stream,Field Msr/Obs,Surface Water,5/27/2024,Secchi Disk,Depth of water column,0.28,m
Sault Ste. Marie Water Rangers Task Team,11717,Upper Carp River:Upper Carp River at Creek Rd/Third Line W,46.5480272,-84.4551659,River/Stream,Field Msr/Obs,Surface Water,5/18/2024,Test strip,Chlorine,0,ppm
Sault Ste. Marie Water Rangers Task Team,11703,Root River:Root River Old Garden River,46.5629144,-84.2812943,River/Stream,Field Msr/Obs,Surface Water,6/14/2024,Probe/Sensor,Dissolved oxygen (DO),8,mg/L
Sault Ste. Marie Water Rangers Task Team,11706,Root River:Root River Fourth Line E,46.5672083,-84.3063569,River/Stream,Field Msr/Obs,Surface Water,5/5/2024,Probe/Sensor,Conductivity,65,uS/cm
Sault Ste. Marie Water Rangers Task Team,11718,East Davignon Creek:East Davignon Creek Allens Side (N of 2nd Ln W),46.559108,-84.4037962,River/Stream,Field Msr/Obs,Surface Water,4/13/2024,Secchi Disk,Depth of water column,0.24,m
Sault Ste. Marie Water Rangers Task Team,11706,Root River:Root River Fourth Line E,46.5672083,-84.3063569,River/Stream,Field Msr/Obs,Surface Water,4/13/2024,Test strip,"Alkalinity, total",30,mg/L
Sault Ste. Marie Water Rangers Task Team,11709,Canon Creek:Canon Creek Old Goulais Bay Rd,46.5915743,-84.3430281,River/Stream,Field Msr/Obs,Surface Water,4/5/2024,Probe/Sensor,"Temperature, air",7,deg C
Sault Ste. Marie Water Rangers Task Team,11715,Little Carp River:Little Carp River Carpin Beach Rd,46.5097352,-84.4441581,River/Stream,Field Msr/Obs,Surface Water,4/19/2024,Secchi Disk,"Depth, Secchi disk depth",0.12,m
Sault Ste. Marie Water Rangers Task Team,11713,East Davignon Creek:East Davignon Farwell Terrace (near Tim Hortons),46.5367668,-84.3616748,River/Stream,Field Msr/Obs,Surface Water,3/15/2024,Probe/Sensor,Dissolved oxygen (DO),13,mg/L
Sault Ste. Marie Water Rangers Task Team,11707,Root River Branch:Root River Branch Fourth Line E,46.5676351,-84.3005633,River/Stream,Field Msr/Obs,Surface Water,7/25/2024,Probe/Sensor,Dissolved oxygen (DO),8,mg/L
Sault Ste. Marie Water Rangers Task Team,11711,Duck pond:Bellevue Park duck pond,46.5004401,-84.2993188,Lake/Pond,Field Msr/Obs,Surface Water,3/10/2024,Probe/Sensor,"Temperature, air",-2,deg C
Sault Ste. Marie Water Rangers Task Team,11705,Coldwater Creek:Lower Coldwater Creek Case Rd,46.5646992,-84.2689991,River/Stream,Field Msr/Obs,Surface Water,3/15/2024,Secchi Disk,"Depth, Secchi disk depth",0.68,m
Sault Ste. Marie Water Rangers Task Team,11712,Fort Creek:Fort Creek Channel at Carmen's Way,46.5363508,-84.3442512,River/Stream,Field Msr/Obs,Surface Water,3/31/2024,Probe/Sensor,Dissolved oxygen (DO),10,mg/L
Sault Ste. Marie Water Rangers Task Team,11709,Canon Creek:Canon Creek Old Goulais Bay Rd,46.5915743,-84.3430281,River/Stream,Field Msr/Obs,Surface Water,6/3/2024,Test strip,Total hardness,0,mg/L
Sault Ste. Marie Water Rangers Task Team,11712,Fort Creek:Fort Creek Channel at Carmen's Way,46.5363508,-84.3442512,River/Stream,Field Msr/Obs,Surface Water,3/8/2024,,pH,6.8,None
Sault Ste. Marie Water Rangers Task Team,11717,Upper Carp River:Upper Carp River at Creek Rd/Third Line W,46.5480272,-84.4551659,River/Stream,Field Msr/Obs,Surface Water,5/18/2024,Secchi Disk,Depth of water column,0.17,m
Sault Ste. Marie Water Rangers Task Team,11706,Root River:Root River Fourth Line E,46.5672083,-84.3063569,River/Stream,Field Msr/Obs,Surface Water,5/24/2024,Probe/Sensor,"Temperature, air",21,deg C
Sault Ste. Marie Water Rangers Task Team,11718,East Davignon Creek:East Davignon Creek Allens Side (N of 2nd Ln W),46.559108,-84.4037962,River/Stream,Field Msr/Obs,Surface Water,4/13/2024,,pH,6.6,None
Sault Ste. Marie Water Rangers Task Team,11716,Big Carp River:Big Carp River Herkimer Rd,46.5062632,-84.4498873,River/Stream,Field Msr/Obs,Surface Water,6/8/2024,Test strip,Chlorine,0,ppm
Sault Ste. Marie Water Rangers Task Team,11718,East Davignon Creek:East Davignon Creek Allens Side (N of 2nd Ln W),46.559108,-84.4037962,River/Stream,Field Msr/Obs,Surface Water,6/3/2024,Test strip,Chlorine,0,ppm
Sault Ste. Marie Water Rangers Task Team,11705,Coldwater Creek:Lower Coldwater Creek Case Rd,46.5646992,-84.2689991,River/Stream,Field Msr/Obs,Surface Water,4/26/2024,Probe/Sensor,"Temperature, air",14,deg C
Sault Ste. Marie Water Rangers Task Team,11705,Coldwater Creek:Lower Coldwater Creek Case Rd,46.5646992,-84.2689991,River/Stream,Field Msr/Obs,Surface Water,3/10/2024,Test strip,"Alkalinity, total",0,mg/L
Sault Ste. Marie Water Rangers Task Team,11714,West Davignon Creek:West Davignon Brookfield Ave,46.5307892,-84.3968654,River/Stream,Field Msr/Obs,Surface Water,4/28/2024,Probe/Sensor,Conductivity,110,uS/cm
Sault Ste. Marie Water Rangers Task Team,11714,West Davignon Creek:West Davignon Brookfield Ave,46.5307892,-84.3968654,River/Stream,Field Msr/Obs,Surface Water,3/15/2024,Test strip,Chlorine,0,ppm
Sault Ste. Marie Water Rangers Task Team,11713,East Davignon Creek:East Davignon Farwell Terrace (near Tim Hortons),46.5367668,-84.3616748,River/Stream,Field Msr/Obs,Surface Water,3/9/2024,Test strip,"Alkalinity, total",30,mg/L
Sault Ste. Marie Water Rangers Task Team,11712,Fort Creek:Fort Creek Channel at Carmen's Way,46.5363508,-84.3442512,River/Stream,Field Msr/Obs,Surface Water,3/15/2024,,pH,6.8,None
Sault Ste. Marie Water Rangers Task Team,11707,Root River Branch:Root River Branch Fourth Line E,46.5676351,-84.3005633,River/Stream,Field Msr/Obs,Surface Water,7/20/2024,Secchi Disk,Depth of water column,0.13,m
Sault Ste. Marie Water Rangers Task Team,11717,Upper Carp River:Upper Carp River at Creek Rd/Third Line W,46.5480272,-84.4551659,River/Stream,Field Msr/Obs,Surface Water,5/24/2024,Test strip,Chlorine,0,ppm
Sault Ste. Marie Water Rangers Task Team,11715,Little Carp River:Little Carp River Carpin Beach Rd,46.5097352,-84.4441581,River/Stream,Field Msr/Obs,Surface Water,4/19/2024,Probe/Sensor,"Temperature, water",7.2,deg C
Sault Ste. Marie Water Rangers Task Team,11711,Duck pond:Bellevue Park duck pond,46.5004401,-84.2993188,Lake/Pond,Field Msr/Obs,Surface Water,4/23/2024,Probe/Sensor,"Temperature, water",15,deg C
Sault Ste. Marie Water Rangers Task Team,11704,Root River:Root River Wishart Park,46.5637702,-84.2936325,River/Stream,Field Msr/Obs,Surface Water,3/27/2024,Test strip,Chlorine,0,ppm
Sault Ste. Marie Water Rangers Task Team,11715,Little Carp River:Little Carp River Carpin Beach Rd,46.5097352,-84.4441581,River/Stream,Field Msr/Obs,Surface Water,4/19/2024,Probe/Sensor,Dissolved oxygen (DO),10,mg/L
Sault Ste. Marie Water Rangers Task Team,11717,Upper Carp River:Upper Carp River at Creek Rd/Third Line W,46.5480272,-84.4551659,River/Stream,Field Msr/Obs,Surface Water,5/18/2024,Probe/Sensor,Conductivity,40,uS/cm
Sault Ste. Marie Water Rangers Task Team,11702,Cold Water Creek:Cold Water Creek at Old Garden River Road,46.5636057,-84.2783117,River/Stream,Field Msr/Obs,Surface Water,3/27/2024,Probe/Sensor,"Temperature, air",-1,deg C
Sault Ste. Marie Water Rangers Task Team,11707,Root River Branch:Root River Branch Fourth Line E,46.5676351,-84.3005633,River/Stream,Field Msr/Obs,Surface Water,4/21/2024,Probe/Sensor,"Temperature, water",6.9,deg C
Sault Ste. Marie Water Rangers Task Team,11718,East Davignon Creek:East Davignon Creek Allens Side (N of 2nd Ln W),46.559108,-84.4037962,River/Stream,Field Msr/Obs,Surface Water,4/6/2024,Probe/Sensor,"Temperature, water",4.2,deg C
Sault Ste. Marie Water Rangers Task Team,11712,Fort Creek:Fort Creek Channel at Carmen's Way,46.5363508,-84.3442512,River/Stream,Field Msr/Obs,Surface Water,3/31/2024,Probe/Sensor,"Temperature, water",3.7,deg C
Sault Ste. Marie Water Rangers Task Team,11714,West Davignon Creek:West Davignon Brookfield Ave,46.5307892,-84.3968654,River/Stream,Field Msr/Obs,Surface Water,3/8/2024,Probe/Sensor,Conductivity,75,uS/cm
Sault Ste. Marie Water Rangers Task Team,11704,Root River:Root River Wishart Park,46.5637702,-84.2936325,River/Stream,Field Msr/Obs,Surface Water,3/10/2024,Probe/Sensor,Conductivity,39,uS/cm
Sault Ste. Marie Water Rangers Task Team,11714,West Davignon Creek:West Davignon Brookfield Ave,46.5307892,-84.3968654,River/Stream,Field Msr/Obs,Surface Water,3/8/2024,Test strip,"Alkalinity, total",30,mg/L
Sault Ste. Marie Water Rangers Task Team,11702,Cold Water Creek:Cold Water Creek at Old Garden River Road,46.5636057,-84.2783117,River/Stream,Field Msr/Obs,Surface Water,4/26/2024,Test strip,Total hardness,0,mg/L
Sault Ste. Marie Water Rangers Task Team,11718,East Davignon Creek:East Davignon Creek Allens Side (N of 2nd Ln W),46.559108,-84.4037962,River/Stream,Field Msr/Obs,Surface Water,4/6/2024,Probe/Sensor,"Temperature, air",6,deg C
Sault Ste. Marie Water Rangers Task Team,11705,Coldwater Creek:Lower Coldwater Creek Case Rd,46.5646992,-84.2689991,River/Stream,Field Msr/Obs,Surface Water,5/10/2024,Test strip,"Alkalinity, total",20,mg/L
Sault Ste. Marie Water Rangers Task Team,11703,Root River:Root River Old Garden River,46.5629144,-84.2812943,River/Stream,Field Msr/Obs,Surface Water,6/24/2024,Probe/Sensor,Conductivity,138,uS/cm
Sault Ste. Marie Water Rangers Task Team,11705,Coldwater Creek:Lower Coldwater Creek Case Rd,46.5646992,-84.2689991,River/Stream,Field Msr/Obs,Surface Water,5/10/2024,,pH,6.4,None
Sault Ste. Marie Water Rangers Task Team,11704,Root River:Root River Wishart Park,46.5637702,-84.2936325,River/Stream,Field Msr/Obs,Surface Water,3/10/2024,Secchi Disk,Depth of water column,0.31,m
Sault Ste. Marie Water Rangers Task Team,11716,Big Carp River:Big Carp River Herkimer Rd,46.5062632,-84.4498873,River/Stream,Field Msr/Obs,Surface Water,5/18/2024,Test strip,Chlorine,0,ppm
Sault Ste. Marie Water Rangers Task Team,11703,Root River:Root River Old Garden River,46.5629144,-84.2812943,River/Stream,Field Msr/Obs,Surface Water,7/24/2024,Probe/Sensor,"Temperature, water",20.1,deg C
Sault Ste. Marie Water Rangers Task Team,11711,Duck pond:Bellevue Park duck pond,46.5004401,-84.2993188,Lake/Pond,Field Msr/Obs,Surface Water,3/27/2024,Test strip,Chlorine,0,ppm
Sault Ste. Marie Water Rangers Task Team,11712,Fort Creek:Fort Creek Channel at Carmen's Way,46.5363508,-84.3442512,River/Stream,Field Msr/Obs,Surface Water,3/8/2024,Secchi Disk,"Depth, Secchi disk depth",0.15,m
Sault Ste. Marie Water Rangers Task Team,11708,Root River:Root River off Hwy 17 N (near Teen Challenge),46.5717047,-84.3206692,River/Stream,Field Msr/Obs,Surface Water,3/10/2024,Test strip,Total hardness,0,mg/L
Sault Ste. Marie Water Rangers Task Team,11711,Duck pond:Bellevue Park duck pond,46.5004401,-84.2993188,Lake/Pond,Field Msr/Obs,Surface Water,4/14/2024,Probe/Sensor,"Temperature, water",11.2,deg C
Sault Ste. Marie Water Rangers Task Team,11704,Root River:Root River Wishart Park,46.5637702,-84.2936325,River/Stream,Field Msr/Obs,Surface Water,6/14/2024,Probe/Sensor,"Temperature, air",20,deg C
Sault Ste. Marie Water Rangers Task Team,11713,East Davignon Creek:East Davignon Farwell Terrace (near Tim Hortons),46.5367668,-84.3616748,River/Stream,Field Msr/Obs,Surface Water,3/15/2024,,pH,6.4,None
Sault Ste. Marie Water Rangers Task Team,11714,West Davignon Creek:West Davignon Brookfield Ave,46.5307892,-84.3968654,River/Stream,Field Msr/Obs,Surface Water,5/10/2024,Test strip,Total hardness,0,mg/L
Sault Ste. Marie Water Rangers Task Team,11714,West Davignon Creek:West Davignon Brookfield Ave,46.5307892,-84.3968654,River/Stream,Field Msr/Obs,Surface Water,3/15/2024,Secchi Disk,Depth of water column,0.4,m
Sault Ste. Marie Water Rangers Task Team,11710,Root River:Root River Hwy 17E,46.5459338,-84.2184019,River/Stream,Field Msr/Obs,Surface Water,4/14/2024,Probe/Sensor,"Temperature, water",8.9,deg C
Sault Ste. Marie Water Rangers Task Team,11703,Root River:Root River Old Garden River,46.5629144,-84.2812943,River/Stream,Field Msr/Obs,Surface Water,7/7/2024,Test strip,Chlorine,0,ppm
Sault Ste. Marie Water Rangers Task Team,11707,Root River Branch:Root River Branch Fourth Line E,46.5676351,-84.3005633,River/Stream,Field Msr/Obs,Surface Water,3/1/2024,Probe/Sensor,"Temperature, water",1.2,deg C
Sault Ste. Marie Water Rangers Task Team,11718,East Davignon Creek:East Davignon Creek Allens Side (N of 2nd Ln W),46.559108,-84.4037962,River/Stream,Field Msr/Obs,Surface Water,5/18/2024,Probe/Sensor,"Temperature, air",21,deg C
Sault Ste. Marie Water Rangers Task Team,11718,East Davignon Creek:East Davignon Creek Allens Side (N of 2nd Ln W),46.559108,-84.4037962,River/Stream,Field Msr/Obs,Surface Water,5/18/2024,Test strip,"Alkalinity, total",0,mg/L
Sault Ste. Marie Water Rangers Task Team,11718,East Davignon Creek:East Davignon Creek Allens Side (N of 2nd Ln W),46.559108,-84.4037962,River/Stream,Field Msr/Obs,Surface Water,4/6/2024,Test strip,"Alkalinity, total",0,mg/L
Sault Ste. Marie Water Rangers Task Team,11715,Little Carp River:Little Carp River Carpin Beach Rd,46.5097352,-84.4441581,River/Stream,Field Msr/Obs,Surface Water,4/6/2024,Probe/Sensor,"Temperature, air",9,deg C
Sault Ste. Marie Water Rangers Task Team,11709,Canon Creek:Canon Creek Old Goulais Bay Rd,46.5915743,-84.3430281,River/Stream,Field Msr/Obs,Surface Water,5/12/2024,Probe/Sensor,Conductivity,31,uS/cm
Sault Ste. Marie Water Rangers Task Team,11719,SSM TEST SITE:SSM TEST SITE,46.5038247,-84.2879248,Unspecified,Field Msr/Obs,Surface Water,2/23/2024,Test strip,Total hardness,0,mg/L
Sault Ste. Marie Water Rangers Task Team,11706,Root River:Root River Fourth Line E,46.5672083,-84.3063569,River/Stream,Field Msr/Obs,Surface Water,3/10/2024,Probe/Sensor,"Temperature, air",2,deg C
Sault Ste. Marie Water Rangers Task Team,11710,Root River:Root River Hwy 17E,46.5459338,-84.2184019,River/Stream,Field Msr/Obs,Surface Water,5/11/2024,Probe/Sensor,Conductivity,86,uS/cm
Sault Ste. Marie Water Rangers Task Team,11709,Canon Creek:Canon Creek Old Goulais Bay Rd,46.5915743,-84.3430281,River/Stream,Field Msr/Obs,Surface Water,4/12/2024,Probe/Sensor,"Temperature, air",7.5,deg C
Sault Ste. Marie Water Rangers Task Team,11714,West Davignon Creek:West Davignon Brookfield Ave,46.5307892,-84.3968654,River/Stream,Field Msr/Obs,Surface Water,3/10/2024,Probe/Sensor,"Temperature, air",-4,deg C
Sault Ste. Marie Water Rangers Task Team,11707,Root River Branch:Root River Branch Fourth Line E,46.5676351,-84.3005633,River/Stream,Field Msr/Obs,Surface Water,7/25/2024,Probe/Sensor,"Temperature, water",16.1,deg C
Sault Ste. Marie Water Rangers Task Team,11709,Canon Creek:Canon Creek Old Goulais Bay Rd,46.5915743,-84.3430281,River/Stream,Field Msr/Obs,Surface Water,6/3/2024,Probe/Sensor,"Temperature, air",24,deg C
Sault Ste. Marie Water Rangers Task Team,11704,Root River:Root River Wishart Park,46.5637702,-84.2936325,River/Stream,Field Msr/Obs,Surface Water,5/18/2024,Probe/Sensor,"Temperature, water",18.8,deg C
Sault Ste. Marie Water Rangers Task Team,11715,Little Carp River:Little Carp River Carpin Beach Rd,46.5097352,-84.4441581,River/Stream,Field Msr/Obs,Surface Water,3/27/2024,Probe/Sensor,Dissolved oxygen (DO),9,mg/L
Sault Ste. Marie Water Rangers Task Team,11703,Root River:Root River Old Garden River,46.5629144,-84.2812943,River/Stream,Field Msr/Obs,Surface Water,6/28/2024,Test strip,Total hardness,0,mg/L
Sault Ste. Marie Water Rangers Task Team,11704,Root River:Root River Wishart Park,46.5637702,-84.2936325,River/Stream,Field Msr/Obs,Surface Water,3/10/2024,Probe/Sensor,"Temperature, air",5,deg C
Sault Ste. Marie Water Rangers Task Team,11712,Fort Creek:Fort Creek Channel at Carmen's Way,46.5363508,-84.3442512,River/Stream,Field Msr/Obs,Surface Water,4/5/2024,Probe/Sensor,"Temperature, air",2,deg C
Sault Ste. Marie Water Rangers Task Team,11705,Coldwater Creek:Lower Coldwater Creek Case Rd,46.5646992,-84.2689991,River/Stream,Field Msr/Obs,Surface Water,5/19/2024,,pH,6.6,None
Sault Ste. Marie Water Rangers Task Team,11710,Root River:Root River Hwy 17E,46.5459338,-84.2184019,River/Stream,Field Msr/Obs,Surface Water,6/21/2024,Probe/Sensor,"Temperature, air",22,deg C
Sault Ste. Marie Water Rangers Task Team,11702,Cold Water Creek:Cold Water Creek at Old Garden River Road,46.5636057,-84.2783117,River/Stream,Field Msr/Obs,Surface Water,3/1/2024,Secchi Disk,"Depth, Secchi disk depth",0.47,m
Sault Ste. Marie Water Rangers Task Team,11709,Canon Creek:Canon Creek Old Goulais Bay Rd,46.5915743,-84.3430281,River/Stream,Field Msr/Obs,Surface Water,4/5/2024,Secchi Disk,"Depth, Secchi disk depth",0.53,m
Sault Ste. Marie Water Rangers Task Team,11704,Root River:Root River Wishart Park,46.5637702,-84.2936325,River/Stream,Field Msr/Obs,Surface Water,5/5/2024,Probe/Sensor,Dissolved oxygen (DO),9,mg/L
Sault Ste. Marie Water Rangers Task Team,11702,Cold Water Creek:Cold Water Creek at Old Garden River Road,46.5636057,-84.2783117,River/Stream,Field Msr/Obs,Surface Water,7/7/2024,,pH,7.5,None
Sault Ste. Marie Water Rangers Task Team,11709,Canon Creek:Canon Creek Old Goulais Bay Rd,46.5915743,-84.3430281,River/Stream,Field Msr/Obs,Surface Water,4/21/2024,Probe/Sensor,Conductivity,23,uS/cm
Sault Ste. Marie Water Rangers Task Team,11716,Big Carp River:Big Carp River Herkimer Rd,46.5062632,-84.4498873,River/Stream,Field Msr/Obs,Surface Water,6/8/2024,Probe/Sensor,"Temperature, air",14,deg C
Sault Ste. Marie Water Rangers Task Team,11711,Duck pond:Bellevue Park duck pond,46.5004401,-84.2993188,Lake/Pond,Field Msr/Obs,Surface Water,3/10/2024,,pH,6.4,None
Sault Ste. Marie Water Rangers Task Team,11706,Root River:Root River Fourth Line E,46.5672083,-84.3063569,River/Stream,Field Msr/Obs,Surface Water,5/5/2024,Test strip,Total hardness,0,mg/L
Sault Ste. Marie Water Rangers Task Team,11707,Root River Branch:Root River Branch Fourth Line E,46.5676351,-84.3005633,River/Stream,Field Msr/Obs,Surface Water,7/25/2024,Test strip,Chlorine,0,ppm
Sault Ste. Marie Water Rangers Task Team,11706,Root River:Root River Fourth Line E,46.5672083,-84.3063569,River/Stream,Field Msr/Obs,Surface Water,5/5/2024,,pH,6.4,None
Sault Ste. Marie Water Rangers Task Team,11713,East Davignon Creek:East Davignon Farwell Terrace (near Tim Hortons),46.5367668,-84.3616748,River/Stream,Field Msr/Obs,Surface Water,3/15/2024,Probe/Sensor,"Temperature, water",4.2,deg C
Sault Ste. Marie Water Rangers Task Team,11702,Cold Water Creek:Cold Water Creek at Old Garden River Road,46.5636057,-84.2783117,River/Stream,Field Msr/Obs,Surface Water,6/14/2024,,pH,6.5,None
Sault Ste. Marie Water Rangers Task Team,11712,Fort Creek:Fort Creek Channel at Carmen's Way,46.5363508,-84.3442512,River/Stream,Field Msr/Obs,Surface Water,3/8/2024,Probe/Sensor,Dissolved oxygen (DO),11,mg/L
Sault Ste. Marie Water Rangers Task Team,11716,Big Carp River:Big Carp River Herkimer Rd,46.5062632,-84.4498873,River/Stream,Field Msr/Obs,Surface Water,6/8/2024,Secchi Disk,"Depth, Secchi disk depth",0.7,m
Sault Ste. Marie Water Rangers Task Team,11713,East Davignon Creek:East Davignon Farwell Terrace (near Tim Hortons),46.5367668,-84.3616748,River/Stream,Field Msr/Obs,Surface Water,4/7/2024,Test strip,"Alkalinity, total",20,mg/L
Sault Ste. Marie Water Rangers Task Team,11718,East Davignon Creek:East Davignon Creek Allens Side (N of 2nd Ln W),46.559108,-84.4037962,River/Stream,Field Msr/Obs,Surface Water,3/1/2024,Secchi Disk,Depth of water column,0.18,m
Sault Ste. Marie Water Rangers Task Team,11705,Coldwater Creek:Lower Coldwater Creek Case Rd,46.5646992,-84.2689991,River/Stream,Field Msr/Obs,Surface Water,3/10/2024,Test strip,Chlorine,0,ppm
Sault Ste. Marie Water Rangers Task Team,11708,Root River:Root River off Hwy 17 N (near Teen Challenge),46.5717047,-84.3206692,River/Stream,Field Msr/Obs,Surface Water,3/14/2024,Probe/Sensor,"Temperature, water",3,deg C
Sault Ste. Marie Water Rangers Task Team,11703,Root River:Root River Old Garden River,46.5629144,-84.2812943,River/Stream,Field Msr/Obs,Surface Water,7/24/2024,Secchi Disk,"Depth, Secchi disk depth",0.22,m
Sault Ste. Marie Water Rangers Task Team,11717,Upper Carp River:Upper Carp River at Creek Rd/Third Line W,46.5480272,-84.4551659,River/Stream,Field Msr/Obs,Surface Water,4/19/2024,Probe/Sensor,"Temperature, water",6.4,deg C
Sault Ste. Marie Water Rangers Task Team,11713,East Davignon Creek:East Davignon Farwell Terrace (near Tim Hortons),46.5367668,-84.3616748,River/Stream,Field Msr/Obs,Surface Water,3/27/2024,Test strip,"Alkalinity, total",0,mg/L
Sault Ste. Marie Water Rangers Task Team,11703,Root River:Root River Old Garden River,46.5629144,-84.2812943,River/Stream,Field Msr/Obs,Surface Water,5/12/2024,Test strip,Chlorine,0,ppm
Sault Ste. Marie Water Rangers Task Team,11718,East Davignon Creek:East Davignon Creek Allens Side (N of 2nd Ln W),46.559108,-84.4037962,River/Stream,Field Msr/Obs,Surface Water,5/18/2024,,pH,7,None
Sault Ste. Marie Water Rangers Task Team,11706,Root River:Root River Fourth Line E,46.5672083,-84.3063569,River/Stream,Field Msr/Obs,Surface Water,5/10/2024,Secchi Disk,Depth of water column,0.18,m
Sault Ste. Marie Water Rangers Task Team,11709,Canon Creek:Canon Creek Old Goulais Bay Rd,46.5915743,-84.3430281,River/Stream,Field Msr/Obs,Surface Water,3/15/2024,Test strip,Total hardness,0,mg/L
Sault Ste. Marie Water Rangers Task Team,11716,Big Carp River:Big Carp River Herkimer Rd,46.5062632,-84.4498873,River/Stream,Field Msr/Obs,Surface Water,5/24/2024,Probe/Sensor,"Temperature, water",15.6,deg C
Sault Ste. Marie Water Rangers Task Team,11705,Coldwater Creek:Lower Coldwater Creek Case Rd,46.5646992,-84.2689991,River/Stream,Field Msr/Obs,Surface Water,3/15/2024,Test strip,"Alkalinity, total",0,mg/L
Sault Ste. Marie Water Rangers Task Team,11718,East Davignon Creek:East Davignon Creek Allens Side (N of 2nd Ln W),46.559108,-84.4037962,River/Stream,Field Msr/Obs,Surface Water,3/10/2024,Probe/Sensor,"Temperature, air",-4,deg C
Sault Ste. Marie Water Rangers Task Team,11704,Root River:Root River Wishart Park,46.5637702,-84.2936325,River/Stream,Field Msr/Obs,Surface Water,5/18/2024,Test strip,"Alkalinity, total",0,mg/L
Sault Ste. Marie Water Rangers Task Team,11707,Root River Branch:Root River Branch Fourth Line E,46.5676351,-84.3005633,River/Stream,Field Msr/Obs,Surface Water,5/11/2024,Probe/Sensor,Dissolved oxygen (DO),7,mg/L
Sault Ste. Marie Water Rangers Task Team,11701,St. Marys River:Bellevue Park Topsail Island,46.4952016,-84.297452,River/Stream,Field Msr/Obs,Surface Water,3/15/2024,Secchi Disk,"Depth, Secchi disk depth",0.23,m
Sault Ste. Marie Water Rangers Task Team,11709,Canon Creek:Canon Creek Old Goulais Bay Rd,46.5915743,-84.3430281,River/Stream,Field Msr/Obs,Surface Water,5/12/2024,Secchi Disk,Depth of water column,0.37,m
Sault Ste. Marie Water Rangers Task Team,11703,Root River:Root River Old Garden River,46.5629144,-84.2812943,River/Stream,Field Msr/Obs,Surface Water,3/10/2024,Probe/Sensor,Dissolved oxygen (DO),8,mg/L
Sault Ste. Marie Water Rangers Task Team,11714,West Davignon Creek:West Davignon Brookfield Ave,46.5307892,-84.3968654,River/Stream,Field Msr/Obs,Surface Water,5/10/2024,Test strip,"Alkalinity, total",40,mg/L
Sault Ste. Marie Water Rangers Task Team,11717,Upper Carp River:Upper Carp River at Creek Rd/Third Line W,46.5480272,-84.4551659,River/Stream,Field Msr/Obs,Surface Water,5/24/2024,Probe/Sensor,Conductivity,50,uS/cm
Sault Ste. Marie Water Rangers Task Team,11713,East Davignon Creek:East Davignon Farwell Terrace (near Tim Hortons),46.5367668,-84.3616748,River/Stream,Field Msr/Obs,Surface Water,3/15/2024,Test strip,Chlorine,0,ppm
Sault Ste. Marie Water Rangers Task Team,11704,Root River:Root River Wishart Park,46.5637702,-84.2936325,River/Stream,Field Msr/Obs,Surface Water,3/15/2024,Probe/Sensor,Conductivity,61,uS/cm
Sault Ste. Marie Water Rangers Task Team,11706,Root River:Root River Fourth Line E,46.5672083,-84.3063569,River/Stream,Field Msr/Obs,Surface Water,3/10/2024,Test strip,"Alkalinity, total",0,mg/L
Sault Ste. Marie Water Rangers Task Team,11718,East Davignon Creek:East Davignon Creek Allens Side (N of 2nd Ln W),46.559108,-84.4037962,River/Stream,Field Msr/Obs,Surface Water,3/27/2024,Test strip,Total hardness,0,mg/L
Sault Ste. Marie Water Rangers Task Team,11702,Cold Water Creek:Cold Water Creek at Old Garden River Road,46.5636057,-84.2783117,River/Stream,Field Msr/Obs,Surface Water,4/26/2024,Secchi Disk,Depth of water column,0.37,m
Sault Ste. Marie Water Rangers Task Team,11713,East Davignon Creek:East Davignon Farwell Terrace (near Tim Hortons),46.5367668,-84.3616748,River/Stream,Field Msr/Obs,Surface Water,4/14/2024,Test strip,Total hardness,50,mg/L
Sault Ste. Marie Water Rangers Task Team,11711,Duck pond:Bellevue Park duck pond,46.5004401,-84.2993188,Lake/Pond,Field Msr/Obs,Surface Water,4/23/2024,Probe/Sensor,"Temperature, air",15,deg C
Sault Ste. Marie Water Rangers Task Team,11703,Root River:Root River Old Garden River,46.5629144,-84.2812943,River/Stream,Field Msr/Obs,Surface Water,5/12/2024,Test strip,Total hardness,0,mg/L
Sault Ste. Marie Water Rangers Task Team,11709,Canon Creek:Canon Creek Old Goulais Bay Rd,46.5915743,-84.3430281,River/Stream,Field Msr/Obs,Surface Water,4/12/2024,Test strip,Total hardness,0,mg/L
Sault Ste. Marie Water Rangers Task Team,11702,Cold Water Creek:Cold Water Creek at Old Garden River Road,46.5636057,-84.2783117,River/Stream,Field Msr/Obs,Surface Water,5/5/2024,Probe/Sensor,Conductivity,185,uS/cm
Sault Ste. Marie Water Rangers Task Team,11711,Duck pond:Bellevue Park duck pond,46.5004401,-84.2993188,Lake/Pond,Field Msr/Obs,Surface Water,3/10/2024,Probe/Sensor,Dissolved oxygen (DO),10,mg/L
Sault Ste. Marie Water Rangers Task Team,11712,Fort Creek:Fort Creek Channel at Carmen's Way,46.5363508,-84.3442512,River/Stream,Field Msr/Obs,Surface Water,3/8/2024,,pH,6.8,None
Sault Ste. Marie Water Rangers Task Team,11715,Little Carp River:Little Carp River Carpin Beach Rd,46.5097352,-84.4441581,River/Stream,Field Msr/Obs,Surface Water,5/10/2024,Probe/Sensor,"Temperature, air",20,deg C
Sault Ste. Marie Water Rangers Task Team,11716,Big Carp River:Big Carp River Herkimer Rd,46.5062632,-84.4498873,River/Stream,Field Msr/Obs,Surface Water,4/13/2024,Test strip,Total hardness,0,mg/L
Sault Ste. Marie Water Rangers Task Team,11718,East Davignon Creek:East Davignon Creek Allens Side (N of 2nd Ln W),46.559108,-84.4037962,River/Stream,Field Msr/Obs,Surface Water,3/10/2024,Test strip,"Alkalinity, total",20,mg/L
Sault Ste. Marie Water Rangers Task Team,11716,Big Carp River:Big Carp River Herkimer Rd,46.5062632,-84.4498873,River/Stream,Field Msr/Obs,Surface Water,4/6/2024,Probe/Sensor,"Temperature, water",4.6,deg C
Sault Ste. Marie Water Rangers Task Team,11704,Root River:Root River Wishart Park,46.5637702,-84.2936325,River/Stream,Field Msr/Obs,Surface Water,4/26/2024,Test strip,Total hardness,0,mg/L
Sault Ste. Marie Water Rangers Task Team,11718,East Davignon Creek:East Davignon Creek Allens Side (N of 2nd Ln W),46.559108,-84.4037962,River/Stream,Field Msr/Obs,Surface Water,5/24/2024,Test strip,Chlorine,0,ppm
Sault Ste. Marie Water Rangers Task Team,11711,Duck pond:Bellevue Park duck pond,46.5004401,-84.2993188,Lake/Pond,Field Msr/Obs,Surface Water,4/7/2024,Test strip,Total hardness,200,mg/L
Sault Ste. Marie Water Rangers Task Team,11718,East Davignon Creek:East Davignon Creek Allens Side (N of 2nd Ln W),46.559108,-84.4037962,River/Stream,Field Msr/Obs,Surface Water,6/3/2024,Probe/Sensor,Dissolved oxygen (DO),9,mg/L
Sault Ste. Marie Water Rangers Task Team,11702,Cold Water Creek:Cold Water Creek at Old Garden River Road,46.5636057,-84.2783117,River/Stream,Field Msr/Obs,Surface Water,5/5/2024,Probe/Sensor,"Temperature, air",5,deg C
Sault Ste. Marie Water Rangers Task Team,11714,West Davignon Creek:West Davignon Brookfield Ave,46.5307892,-84.3968654,River/Stream,Field Msr/Obs,Surface Water,3/15/2024,Test strip,Total hardness,50,mg/L
Sault Ste. Marie Water Rangers Task Team,11704,Root River:Root River Wishart Park,46.5637702,-84.2936325,River/Stream,Field Msr/Obs,Surface Water,3/15/2024,Probe/Sensor,"Temperature, air",9,deg C
Sault Ste. Marie Water Rangers Task Team,11708,Root River:Root River off Hwy 17 N (near Teen Challenge),46.5717047,-84.3206692,River/Stream,Field Msr/Obs,Surface Water,5/10/2024,Probe/Sensor,"Temperature, air",14,deg C
Sault Ste. Marie Water Rangers Task Team,11718,East Davignon Creek:East Davignon Creek Allens Side (N of 2nd Ln W),46.559108,-84.4037962,River/Stream,Field Msr/Obs,Surface Water,6/3/2024,Probe/Sensor,Conductivity,74,uS/cm
Sault Ste. Marie Water Rangers Task Team,11715,Little Carp River:Little Carp River Carpin Beach Rd,46.5097352,-84.4441581,River/Stream,Field Msr/Obs,Surface Water,5/10/2024,Probe/Sensor,Dissolved oxygen (DO),10,mg/L
Sault Ste. Marie Water Rangers Task Team,11709,Canon Creek:Canon Creek Old Goulais Bay Rd,46.5915743,-84.3430281,River/Stream,Field Msr/Obs,Surface Water,4/5/2024,Probe/Sensor,Dissolved oxygen (DO),10,mg/L
Sault Ste. Marie Water Rangers Task Team,11713,East Davignon Creek:East Davignon Farwell Terrace (near Tim Hortons),46.5367668,-84.3616748,River/Stream,Field Msr/Obs,Surface Water,3/27/2024,Probe/Sensor,Conductivity,127,uS/cm
Sault Ste. Marie Water Rangers Task Team,11712,Fort Creek:Fort Creek Channel at Carmen's Way,46.5363508,-84.3442512,River/Stream,Field Msr/Obs,Surface Water,3/31/2024,Probe/Sensor,Conductivity,323,uS/cm
Sault Ste. Marie Water Rangers Task Team,11707,Root River Branch:Root River Branch Fourth Line E,46.5676351,-84.3005633,River/Stream,Field Msr/Obs,Surface Water,5/11/2024,Test strip,Total hardness,0,mg/L
Sault Ste. Marie Water Rangers Task Team,11715,Little Carp River:Little Carp River Carpin Beach Rd,46.5097352,-84.4441581,River/Stream,Field Msr/Obs,Surface Water,4/6/2024,,pH,6.6,None
Sault Ste. Marie Water Rangers Task Team,11708,Root River:Root River off Hwy 17 N (near Teen Challenge),46.5717047,-84.3206692,River/Stream,Field Msr/Obs,Surface Water,5/24/2024,Probe/Sensor,"Temperature, water",17,deg C
Sault Ste. Marie Water Rangers Task Team,11708,Root River:Root River off Hwy 17 N (near Teen Challenge),46.5717047,-84.3206692,River/Stream,Field Msr/Obs,Surface Water,3/14/2024,,pH,6.4,None
Sault Ste. Marie Water Rangers Task Team,11714,West Davignon Creek:West Davignon Brookfield Ave,46.5307892,-84.3968654,River/Stream,Field Msr/Obs,Surface Water,5/10/2024,Probe/Sensor,"Temperature, water",18.1,deg C
Sault Ste. Marie Water Rangers Task Team,11703,Root River:Root River Old Garden River,46.5629144,-84.2812943,River/Stream,Field Msr/Obs,Surface Water,5/27/2024,,pH,7.5,None
Sault Ste. Marie Water Rangers Task Team,11703,Root River:Root River Old Garden River,46.5629144,-84.2812943,River/Stream,Field Msr/Obs,Surface Water,6/28/2024,Probe/Sensor,"Temperature, air",17,deg C
Sault Ste. Marie Water Rangers Task Team,11702,Cold Water Creek:Cold Water Creek at Old Garden River Road,46.5636057,-84.2783117,River/Stream,Field Msr/Obs,Surface Water,3/1/2024,Probe/Sensor,Dissolved oxygen (DO),10,mg/L
Sault Ste. Marie Water Rangers Task Team,11705,Coldwater Creek:Lower Coldwater Creek Case Rd,46.5646992,-84.2689991,River/Stream,Field Msr/Obs,Surface Water,4/26/2024,,pH,6.4,None
Sault Ste. Marie Water Rangers Task Team,11716,Big Carp River:Big Carp River Herkimer Rd,46.5062632,-84.4498873,River/Stream,Field Msr/Obs,Surface Water,5/10/2024,,pH,7.5,None
Sault Ste. Marie Water Rangers Task Team,11711,Duck pond:Bellevue Park duck pond,46.5004401,-84.2993188,Lake/Pond,Field Msr/Obs,Surface Water,3/10/2024,Probe/Sensor,"Temperature, air",-2,deg C
Sault Ste. Marie Water Rangers Task Team,11703,Root River:Root River Old Garden River,46.5629144,-84.2812943,River/Stream,Field Msr/Obs,Surface Water,6/10/2024,Probe/Sensor,Conductivity,135,uS/cm
Sault Ste. Marie Water Rangers Task Team,11706,Root River:Root River Fourth Line E,46.5672083,-84.3063569,River/Stream,Field Msr/Obs,Surface Water,5/5/2024,Test strip,"Alkalinity, total",0,mg/L
Sault Ste. Marie Water Rangers Task Team,11717,Upper Carp River:Upper Carp River at Creek Rd/Third Line W,46.5480272,-84.4551659,River/Stream,Field Msr/Obs,Surface Water,5/10/2024,Probe/Sensor,Dissolved oxygen (DO),11,mg/L
Sault Ste. Marie Water Rangers Task Team,11711,Duck pond:Bellevue Park duck pond,46.5004401,-84.2993188,Lake/Pond,Field Msr/Obs,Surface Water,3/27/2024,,pH,7.2,None
Sault Ste. Marie Water Rangers Task Team,11716,Big Carp River:Big Carp River Herkimer Rd,46.5062632,-84.4498873,River/Stream,Field Msr/Obs,Surface Water,4/19/2024,Probe/Sensor,"Temperature, air",5,deg C
Sault Ste. Marie Water Rangers Task Team,11709,Canon Creek:Canon Creek Old Goulais Bay Rd,46.5915743,-84.3430281,River/Stream,Field Msr/Obs,Surface Water,4/26/2024,Test strip,Total hardness,0,mg/L
Sault Ste. Marie Water Rangers Task Team,11702,Cold Water Creek:Cold Water Creek at Old Garden River Road,46.5636057,-84.2783117,River/Stream,Field Msr/Obs,Surface Water,3/10/2024,Test strip,Chlorine,0,ppm
Sault Ste. Marie Water Rangers Task Team,11717,Upper Carp River:Upper Carp River at Creek Rd/Third Line W,46.5480272,-84.4551659,River/Stream,Field Msr/Obs,Surface Water,4/6/2024,Probe/Sensor,Conductivity,30,uS/cm
Sault Ste. Marie Water Rangers Task Team,11715,Little Carp River:Little Carp River Carpin Beach Rd,46.5097352,-84.4441581,River/Stream,Field Msr/Obs,Surface Water,3/16/2024,Secchi Disk,Depth of water column,0.22,m
Sault Ste. Marie Water Rangers Task Team,11709,Canon Creek:Canon Creek Old Goulais Bay Rd,46.5915743,-84.3430281,River/Stream,Field Msr/Obs,Surface Water,3/27/2024,,pH,6.8,None
Sault Ste. Marie Water Rangers Task Team,11707,Root River Branch:Root River Branch Fourth Line E,46.5676351,-84.3005633,River/Stream,Field Msr/Obs,Surface Water,7/20/2024,Probe/Sensor,Dissolved oxygen (DO),8,mg/L
Sault Ste. Marie Water Rangers Task Team,11703,Root River:Root River Old Garden River,46.5629144,-84.2812943,River/Stream,Field Msr/Obs,Surface Water,6/24/2024,Probe/Sensor,"Temperature, water",21.2,deg C
Sault Ste. Marie Water Rangers Task Team,11703,Root River:Root River Old Garden River,46.5629144,-84.2812943,River/Stream,Field Msr/Obs,Surface Water,6/14/2024,Test strip,"Alkalinity, total",10,mg/L
Sault Ste. Marie Water Rangers Task Team,11709,Canon Creek:Canon Creek Old Goulais Bay Rd,46.5915743,-84.3430281,River/Stream,Field Msr/Obs,Surface Water,4/21/2024,,pH,6.4,None
Sault Ste. Marie Water Rangers Task Team,11709,Canon Creek:Canon Creek Old Goulais Bay Rd,46.5915743,-84.3430281,River/Stream,Field Msr/Obs,Surface Water,6/8/2024,Test strip,Total hardness,0,mg/L
Sault Ste. Marie Water Rangers Task Team,11709,Canon Creek:Canon Creek Old Goulais Bay Rd,46.5915743,-84.3430281,River/Stream,Field Msr/Obs,Surface Water,3/15/2024,Secchi Disk,"Depth, Secchi disk depth",0.59,m
Sault Ste. Marie Water Rangers Task Team,11709,Canon Creek:Canon Creek Old Goulais Bay Rd,46.5915743,-84.3430281,River/Stream,Field Msr/Obs,Surface Water,6/3/2024,Probe/Sensor,Dissolved oxygen (DO),8,mg/L
Sault Ste. Marie Water Rangers Task Team,11712,Fort Creek:Fort Creek Channel at Carmen's Way,46.5363508,-84.3442512,River/Stream,Field Msr/Obs,Surface Water,4/5/2024,Test strip,Chlorine,0,ppm
Sault Ste. Marie Water Rangers Task Team,11714,West Davignon Creek:West Davignon Brookfield Ave,46.5307892,-84.3968654,River/Stream,Field Msr/Obs,Surface Water,3/15/2024,Test strip,"Alkalinity, total",20,mg/L
Sault Ste. Marie Water Rangers Task Team,11707,Root River Branch:Root River Branch Fourth Line E,46.5676351,-84.3005633,River/Stream,Field Msr/Obs,Surface Water,4/21/2024,Secchi Disk,Depth of water column,0.12,m
Sault Ste. Marie Water Rangers Task Team,11704,Root River:Root River Wishart Park,46.5637702,-84.2936325,River/Stream,Field Msr/Obs,Surface Water,6/21/2024,Probe/Sensor,"Temperature, water",20.9,deg C
Sault Ste. Marie Water Rangers Task Team,11704,Root River:Root River Wishart Park,46.5637702,-84.2936325,River/Stream,Field Msr/Obs,Surface Water,4/13/2024,Probe/Sensor,"Temperature, air",8,deg C
Sault Ste. Marie Water Rangers Task Team,11709,Canon Creek:Canon Creek Old Goulais Bay Rd,46.5915743,-84.3430281,River/Stream,Field Msr/Obs,Surface Water,3/27/2024,Test strip,Total hardness,0,mg/L
Sault Ste. Marie Water Rangers Task Team,11718,East Davignon Creek:East Davignon Creek Allens Side (N of 2nd Ln W),46.559108,-84.4037962,River/Stream,Field Msr/Obs,Surface Water,5/18/2024,Probe/Sensor,Conductivity,37,uS/cm
Sault Ste. Marie Water Rangers Task Team,11708,Root River:Root River off Hwy 17 N (near Teen Challenge),46.5717047,-84.3206692,River/Stream,Field Msr/Obs,Surface Water,5/24/2024,Test strip,"Alkalinity, total",10,mg/L
Sault Ste. Marie Water Rangers Task Team,11714,West Davignon Creek:West Davignon Brookfield Ave,46.5307892,-84.3968654,River/Stream,Field Msr/Obs,Surface Water,3/10/2024,Test strip,"Alkalinity, total",20,mg/L
Sault Ste. Marie Water Rangers Task Team,11704,Root River:Root River Wishart Park,46.5637702,-84.2936325,River/Stream,Field Msr/Obs,Surface Water,4/5/2024,Probe/Sensor,Dissolved oxygen (DO),12,mg/L
Sault Ste. Marie Water Rangers Task Team,11701,St. Marys River:Bellevue Park Topsail Island,46.4952016,-84.297452,River/Stream,Field Msr/Obs,Surface Water,3/15/2024,Test strip,Total hardness,0,mg/L
Sault Ste. Marie Water Rangers Task Team,11711,Duck pond:Bellevue Park duck pond,46.5004401,-84.2993188,Lake/Pond,Field Msr/Obs,Surface Water,4/14/2024,Probe/Sensor,Dissolved oxygen (DO),10,mg/L
Sault Ste. Marie Water Rangers Task Team,11708,Root River:Root River off Hwy 17 N (near Teen Challenge),46.5717047,-84.3206692,River/Stream,Field Msr/Obs,Surface Water,5/24/2024,Probe/Sensor,"Temperature, air",17,deg C
Sault Ste. Marie Water Rangers Task Team,11702,Cold Water Creek:Cold Water Creek at Old Garden River Road,46.5636057,-84.2783117,River/Stream,Field Msr/Obs,Surface Water,3/15/2024,Test strip,Total hardness,0,mg/L
Sault Ste. Marie Water Rangers Task Team,11710,Root River:Root River Hwy 17E,46.5459338,-84.2184019,River/Stream,Field Msr/Obs,Surface Water,4/22/2024,Probe/Sensor,"Temperature, air",15,deg C
Sault Ste. Marie Water Rangers Task Team,11704,Root River:Root River Wishart Park,46.5637702,-84.2936325,River/Stream,Field Msr/Obs,Surface Water,4/26/2024,Test strip,Chlorine,0,ppm
Sault Ste. Marie Water Rangers Task Team,11706,Root River:Root River Fourth Line E,46.5672083,-84.3063569,River/Stream,Field Msr/Obs,Surface Water,5/24/2024,Test strip,Total hardness,0,mg/L
Sault Ste. Marie Water Rangers Task Team,11712,Fort Creek:Fort Creek Channel at Carmen's Way,46.5363508,-84.3442512,River/Stream,Field Msr/Obs,Surface Water,3/1/2024,Test strip,"Alkalinity, total",100,mg/L
Sault Ste. Marie Water Rangers Task Team,11703,Root River:Root River Old Garden River,46.5629144,-84.2812943,River/Stream,Field Msr/Obs,Surface Water,3/10/2024,,pH,6.4,None
Sault Ste. Marie Water Rangers Task Team,11706,Root River:Root River Fourth Line E,46.5672083,-84.3063569,River/Stream,Field Msr/Obs,Surface Water,3/27/2024,Probe/Sensor,"Temperature, water",1.3,deg C
Sault Ste. Marie Water Rangers Task Team,11705,Coldwater Creek:Lower Coldwater Creek Case Rd,46.5646992,-84.2689991,River/Stream,Field Msr/Obs,Surface Water,5/10/2024,Probe/Sensor,"Temperature, water",15.6,deg C
Sault Ste. Marie Water Rangers Task Team,11703,Root River:Root River Old Garden River,46.5629144,-84.2812943,River/Stream,Field Msr/Obs,Surface Water,6/28/2024,Test strip,Chlorine,0,ppm
Sault Ste. Marie Water Rangers Task Team,11705,Coldwater Creek:Lower Coldwater Creek Case Rd,46.5646992,-84.2689991,River/Stream,Field Msr/Obs,Surface Water,5/19/2024,Test strip,Chlorine,0,ppm
Sault Ste. Marie Water Rangers Task Team,11713,East Davignon Creek:East Davignon Farwell Terrace (near Tim Hortons),46.5367668,-84.3616748,River/Stream,Field Msr/Obs,Surface Water,6/3/2024,Test strip,Chlorine,0,ppm
Sault Ste. Marie Water Rangers Task Team,11703,Root River:Root River Old Garden River,46.5629144,-84.2812943,River/Stream,Field Msr/Obs,Surface Water,7/7/2024,,pH,7.2,None
Sault Ste. Marie Water Rangers Task Team,11702,Cold Water Creek:Cold Water Creek at Old Garden River Road,46.5636057,-84.2783117,River/Stream,Field Msr/Obs,Surface Water,5/19/2024,Probe/Sensor,"Temperature, water",10.7,deg C
Sault Ste. Marie Water Rangers Task Team,11719,SSM TEST SITE:SSM TEST SITE,46.5038247,-84.2879248,Unspecified,Field Msr/Obs,Surface Water,2/23/2024,,pH,6.6,None
Sault Ste. Marie Water Rangers Task Team,11705,Coldwater Creek:Lower Coldwater Creek Case Rd,46.5646992,-84.2689991,River/Stream,Field Msr/Obs,Surface Water,4/7/2024,Secchi Disk,Depth of water column,0.38,m
Sault Ste. Marie Water Rangers Task Team,11715,Little Carp River:Little Carp River Carpin Beach Rd,46.5097352,-84.4441581,River/Stream,Field Msr/Obs,Surface Water,4/19/2024,Test strip,Chlorine,0,ppm
Sault Ste. Marie Water Rangers Task Team,11705,Coldwater Creek:Lower Coldwater Creek Case Rd,46.5646992,-84.2689991,River/Stream,Field Msr/Obs,Surface Water,4/19/2024,,pH,6.4,None
Sault Ste. Marie Water Rangers Task Team,11702,Cold Water Creek:Cold Water Creek at Old Garden River Road,46.5636057,-84.2783117,River/Stream,Field Msr/Obs,Surface Water,4/26/2024,Test strip,Chlorine,0,ppm
Sault Ste. Marie Water Rangers Task Team,11716,Big Carp River:Big Carp River Herkimer Rd,46.5062632,-84.4498873,River/Stream,Field Msr/Obs,Surface Water,3/27/2024,Test strip,Chlorine,0,ppm
Sault Ste. Marie Water Rangers Task Team,11711,Duck pond:Bellevue Park duck pond,46.5004401,-84.2993188,Lake/Pond,Field Msr/Obs,Surface Water,4/23/2024,,pH,7.5,None
Sault Ste. Marie Water Rangers Task Team,11713,East Davignon Creek:East Davignon Farwell Terrace (near Tim Hortons),46.5367668,-84.3616748,River/Stream,Field Msr/Obs,Surface Water,4/28/2024,Test strip,Chlorine,0,ppm
Sault Ste. Marie Water Rangers Task Team,11713,East Davignon Creek:East Davignon Farwell Terrace (near Tim Hortons),46.5367668,-84.3616748,River/Stream,Field Msr/Obs,Surface Water,4/7/2024,Probe/Sensor,"Temperature, air",4.5,deg C
Sault Ste. Marie Water Rangers Task Team,11715,Little Carp River:Little Carp River Carpin Beach Rd,46.5097352,-84.4441581,River/Stream,Field Msr/Obs,Surface Water,5/10/2024,,pH,6.4,None
Sault Ste. Marie Water Rangers Task Team,11710,Root River:Root River Hwy 17E,46.5459338,-84.2184019,River/Stream,Field Msr/Obs,Surface Water,4/14/2024,Probe/Sensor,Conductivity,77,uS/cm
Sault Ste. Marie Water Rangers Task Team,11704,Root River:Root River Wishart Park,46.5637702,-84.2936325,River/Stream,Field Msr/Obs,Surface Water,5/5/2024,Probe/Sensor,Conductivity,74,uS/cm
Sault Ste. Marie Water Rangers Task Team,11716,Big Carp River:Big Carp River Herkimer Rd,46.5062632,-84.4498873,River/Stream,Field Msr/Obs,Surface Water,3/16/2024,Probe/Sensor,"Temperature, air",5,deg C
Sault Ste. Marie Water Rangers Task Team,11702,Cold Water Creek:Cold Water Creek at Old Garden River Road,46.5636057,-84.2783117,River/Stream,Field Msr/Obs,Surface Water,4/12/2024,Secchi Disk,Depth of water column,0.61,m
Sault Ste. Marie Water Rangers Task Team,11704,Root River:Root River Wishart Park,46.5637702,-84.2936325,River/Stream,Field Msr/Obs,Surface Water,5/11/2024,Probe/Sensor,"Temperature, water",15.4,deg C
Sault Ste. Marie Water Rangers Task Team,11712,Fort Creek:Fort Creek Channel at Carmen's Way,46.5363508,-84.3442512,River/Stream,Field Msr/Obs,Surface Water,4/14/2024,,pH,6.8,None
Sault Ste. Marie Water Rangers Task Team,11716,Big Carp River:Big Carp River Herkimer Rd,46.5062632,-84.4498873,River/Stream,Field Msr/Obs,Surface Water,3/16/2024,Test strip,Chlorine,0,ppm
Sault Ste. Marie Water Rangers Task Team,11719,SSM TEST SITE:SSM TEST SITE,46.5038247,-84.2879248,Unspecified,Field Msr/Obs,Surface Water,2/23/2024,Test strip,Chlorine,0,ppm
Sault Ste. Marie Water Rangers Task Team,11702,Cold Water Creek:Cold Water Creek at Old Garden River Road,46.5636057,-84.2783117,River/Stream,Field Msr/Obs,Surface Water,3/15/2024,Secchi Disk,"Depth, Secchi disk depth",0.34,m
Sault Ste. Marie Water Rangers Task Team,11713,East Davignon Creek:East Davignon Farwell Terrace (near Tim Hortons),46.5367668,-84.3616748,River/Stream,Field Msr/Obs,Surface Water,4/14/2024,Test strip,"Alkalinity, total",20,mg/L
Sault Ste. Marie Water Rangers Task Team,11706,Root River:Root River Fourth Line E,46.5672083,-84.3063569,River/Stream,Field Msr/Obs,Surface Water,5/10/2024,Test strip,"Alkalinity, total",5,mg/L
Sault Ste. Marie Water Rangers Task Team,11718,East Davignon Creek:East Davignon Creek Allens Side (N of 2nd Ln W),46.559108,-84.4037962,River/Stream,Field Msr/Obs,Surface Water,3/10/2024,Secchi Disk,Depth of water column,0.26,m
Sault Ste. Marie Water Rangers Task Team,11710,Root River:Root River Hwy 17E,46.5459338,-84.2184019,River/Stream,Field Msr/Obs,Surface Water,3/27/2024,Probe/Sensor,Conductivity,56,uS/cm
Sault Ste. Marie Water Rangers Task Team,11708,Root River:Root River off Hwy 17 N (near Teen Challenge),46.5717047,-84.3206692,River/Stream,Field Msr/Obs,Surface Water,5/5/2024,Test strip,Total hardness,0,mg/L
Sault Ste. Marie Water Rangers Task Team,11709,Canon Creek:Canon Creek Old Goulais Bay Rd,46.5915743,-84.3430281,River/Stream,Field Msr/Obs,Surface Water,5/5/2024,Probe/Sensor,Dissolved oxygen (DO),7,mg/L
Sault Ste. Marie Water Rangers Task Team,11704,Root River:Root River Wishart Park,46.5637702,-84.2936325,River/Stream,Field Msr/Obs,Surface Water,3/10/2024,Probe/Sensor,"Temperature, water",2,deg C
Sault Ste. Marie Water Rangers Task Team,11712,Fort Creek:Fort Creek Channel at Carmen's Way,46.5363508,-84.3442512,River/Stream,Field Msr/Obs,Surface Water,3/1/2024,Test strip,Total hardness,150,mg/L
Sault Ste. Marie Water Rangers Task Team,11706,Root River:Root River Fourth Line E,46.5672083,-84.3063569,River/Stream,Field Msr/Obs,Surface Water,5/24/2024,Probe/Sensor,"Temperature, water",18.8,deg C
Sault Ste. Marie Water Rangers Task Team,11705,Coldwater Creek:Lower Coldwater Creek Case Rd,46.5646992,-84.2689991,River/Stream,Field Msr/Obs,Surface Water,5/10/2024,Test strip,Total hardness,0,mg/L
Sault Ste. Marie Water Rangers Task Team,11718,East Davignon Creek:East Davignon Creek Allens Side (N of 2nd Ln W),46.559108,-84.4037962,River/Stream,Field Msr/Obs,Surface Water,3/10/2024,,pH,6.4,None
Sault Ste. Marie Water Rangers Task Team,11717,Upper Carp River:Upper Carp River at Creek Rd/Third Line W,46.5480272,-84.4551659,River/Stream,Field Msr/Obs,Surface Water,5/24/2024,Probe/Sensor,"Temperature, water",14.1,deg C
Sault Ste. Marie Water Rangers Task Team,11715,Little Carp River:Little Carp River Carpin Beach Rd,46.5097352,-84.4441581,River/Stream,Field Msr/Obs,Surface Water,3/27/2024,Probe/Sensor,"Temperature, air",-2,deg C
Sault Ste. Marie Water Rangers Task Team,11714,West Davignon Creek:West Davignon Brookfield Ave,46.5307892,-84.3968654,River/Stream,Field Msr/Obs,Surface Water,3/27/2024,Test strip,Chlorine,0,ppm
Sault Ste. Marie Water Rangers Task Team,11707,Root River Branch:Root River Branch Fourth Line E,46.5676351,-84.3005633,River/Stream,Field Msr/Obs,Surface Water,3/1/2024,Secchi Disk,Depth of water column,2.5,m
Sault Ste. Marie Water Rangers Task Team,11712,Fort Creek:Fort Creek Channel at Carmen's Way,46.5363508,-84.3442512,River/Stream,Field Msr/Obs,Surface Water,3/8/2024,Secchi Disk,Depth of water column,0.2,m
Sault Ste. Marie Water Rangers Task Team,11710,Root River:Root River Hwy 17E,46.5459338,-84.2184019,River/Stream,Field Msr/Obs,Surface Water,3/10/2024,Test strip,Chlorine,0,ppm
Sault Ste. Marie Water Rangers Task Team,11718,East Davignon Creek:East Davignon Creek Allens Side (N of 2nd Ln W),46.559108,-84.4037962,River/Stream,Field Msr/Obs,Surface Water,3/10/2024,Probe/Sensor,"Temperature, air",-4,deg C
Sault Ste. Marie Water Rangers Task Team,11702,Cold Water Creek:Cold Water Creek at Old Garden River Road,46.5636057,-84.2783117,River/Stream,Field Msr/Obs,Surface Water,3/27/2024,,pH,6.8,None
Sault Ste. Marie Water Rangers Task Team,11704,Root River:Root River Wishart Park,46.5637702,-84.2936325,River/Stream,Field Msr/Obs,Surface Water,5/18/2024,Test strip,Chlorine,0,ppm
Sault Ste. Marie Water Rangers Task Team,11707,Root River Branch:Root River Branch Fourth Line E,46.5676351,-84.3005633,River/Stream,Field Msr/Obs,Surface Water,3/1/2024,Test strip,Total hardness,0,mg/L
Sault Ste. Marie Water Rangers Task Team,11705,Coldwater Creek:Lower Coldwater Creek Case Rd,46.5646992,-84.2689991,River/Stream,Field Msr/Obs,Surface Water,3/15/2024,,pH,6.4,None
Sault Ste. Marie Water Rangers Task Team,11702,Cold Water Creek:Cold Water Creek at Old Garden River Road,46.5636057,-84.2783117,River/Stream,Field Msr/Obs,Surface Water,6/14/2024,Test strip,Chlorine,0,ppm
Sault Ste. Marie Water Rangers Task Team,11702,Cold Water Creek:Cold Water Creek at Old Garden River Road,46.5636057,-84.2783117,River/Stream,Field Msr/Obs,Surface Water,4/19/2024,Probe/Sensor,Conductivity,196,uS/cm
Sault Ste. Marie Water Rangers Task Team,11702,Cold Water Creek:Cold Water Creek at Old Garden River Road,46.5636057,-84.2783117,River/Stream,Field Msr/Obs,Surface Water,6/14/2024,Probe/Sensor,Dissolved oxygen (DO),9,mg/L
Sault Ste. Marie Water Rangers Task Team,11714,West Davignon Creek:West Davignon Brookfield Ave,46.5307892,-84.3968654,River/Stream,Field Msr/Obs,Surface Water,4/5/2024,Test strip,"Alkalinity, total",0,mg/L
Sault Ste. Marie Water Rangers Task Team,11715,Little Carp River:Little Carp River Carpin Beach Rd,46.5097352,-84.4441581,River/Stream,Field Msr/Obs,Surface Water,4/13/2024,Test strip,Total hardness,0,mg/L
Sault Ste. Marie Water Rangers Task Team,11711,Duck pond:Bellevue Park duck pond,46.5004401,-84.2993188,Lake/Pond,Field Msr/Obs,Surface Water,5/17/2024,Test strip,"Alkalinity, total",240,mg/L
Sault Ste. Marie Water Rangers Task Team,11703,Root River:Root River Old Garden River,46.5629144,-84.2812943,River/Stream,Field Msr/Obs,Surface Water,7/24/2024,Secchi Disk,Depth of water column,0.27,m
Sault Ste. Marie Water Rangers Task Team,11702,Cold Water Creek:Cold Water Creek at Old Garden River Road,46.5636057,-84.2783117,River/Stream,Field Msr/Obs,Surface Water,5/19/2024,,pH,6.8,None
Sault Ste. Marie Water Rangers Task Team,11708,Root River:Root River off Hwy 17 N (near Teen Challenge),46.5717047,-84.3206692,River/Stream,Field Msr/Obs,Surface Water,5/5/2024,Probe/Sensor,Dissolved oxygen (DO),10,mg/L
Sault Ste. Marie Water Rangers Task Team,11706,Root River:Root River Fourth Line E,46.5672083,-84.3063569,River/Stream,Field Msr/Obs,Surface Water,5/17/2024,,pH,6.4,None
Sault Ste. Marie Water Rangers Task Team,11718,East Davignon Creek:East Davignon Creek Allens Side (N of 2nd Ln W),46.559108,-84.4037962,River/Stream,Field Msr/Obs,Surface Water,3/10/2024,Test strip,Total hardness,0,mg/L
Sault Ste. Marie Water Rangers Task Team,11710,Root River:Root River Hwy 17E,46.5459338,-84.2184019,River/Stream,Field Msr/Obs,Surface Water,3/10/2024,Probe/Sensor,Conductivity,79,uS/cm
Sault Ste. Marie Water Rangers Task Team,11702,Cold Water Creek:Cold Water Creek at Old Garden River Road,46.5636057,-84.2783117,River/Stream,Field Msr/Obs,Surface Water,7/24/2024,Probe/Sensor,Conductivity,173,uS/cm
Sault Ste. Marie Water Rangers Task Team,11702,Cold Water Creek:Cold Water Creek at Old Garden River Road,46.5636057,-84.2783117,River/Stream,Field Msr/Obs,Surface Water,6/28/2024,Test strip,Total hardness,0,mg/L
Sault Ste. Marie Water Rangers Task Team,11714,West Davignon Creek:West Davignon Brookfield Ave,46.5307892,-84.3968654,River/Stream,Field Msr/Obs,Surface Water,3/8/2024,Probe/Sensor,"Temperature, water",4.1,deg C
Sault Ste. Marie Water Rangers Task Team,11716,Big Carp River:Big Carp River Herkimer Rd,46.5062632,-84.4498873,River/Stream,Field Msr/Obs,Surface Water,5/24/2024,Test strip,Total hardness,0,mg/L
Sault Ste. Marie Water Rangers Task Team,11718,East Davignon Creek:East Davignon Creek Allens Side (N of 2nd Ln W),46.559108,-84.4037962,River/Stream,Field Msr/Obs,Surface Water,4/6/2024,,pH,6.4,None
Sault Ste. Marie Water Rangers Task Team,11712,Fort Creek:Fort Creek Channel at Carmen's Way,46.5363508,-84.3442512,River/Stream,Field Msr/Obs,Surface Water,3/8/2024,Probe/Sensor,"Temperature, water",4,deg C
Sault Ste. Marie Water Rangers Task Team,11708,Root River:Root River off Hwy 17 N (near Teen Challenge),46.5717047,-84.3206692,River/Stream,Field Msr/Obs,Surface Water,4/13/2024,Probe/Sensor,"Temperature, air",11,deg C
Sault Ste. Marie Water Rangers Task Team,11712,Fort Creek:Fort Creek Channel at Carmen's Way,46.5363508,-84.3442512,River/Stream,Field Msr/Obs,Surface Water,3/31/2024,Test strip,Total hardness,50,mg/L
Sault Ste. Marie Water Rangers Task Team,11716,Big Carp River:Big Carp River Herkimer Rd,46.5062632,-84.4498873,River/Stream,Field Msr/Obs,Surface Water,3/31/2024,Test strip,Total hardness,0,mg/L
Sault Ste. Marie Water Rangers Task Team,11702,Cold Water Creek:Cold Water Creek at Old Garden River Road,46.5636057,-84.2783117,River/Stream,Field Msr/Obs,Surface Water,5/27/2024,Probe/Sensor,"Temperature, water",12.1,deg C
Sault Ste. Marie Water Rangers Task Team,11714,West Davignon Creek:West Davignon Brookfield Ave,46.5307892,-84.3968654,River/Stream,Field Msr/Obs,Surface Water,4/28/2024,Test strip,Total hardness,0,mg/L
Sault Ste. Marie Water Rangers Task Team,11718,East Davignon Creek:East Davignon Creek Allens Side (N of 2nd Ln W),46.559108,-84.4037962,River/Stream,Field Msr/Obs,Surface Water,3/1/2024,Test strip,Chlorine,0,ppm
Sault Ste. Marie Water Rangers Task Team,11713,East Davignon Creek:East Davignon Farwell Terrace (near Tim Hortons),46.5367668,-84.3616748,River/Stream,Field Msr/Obs,Surface Water,3/31/2024,Probe/Sensor,Dissolved oxygen (DO),11,mg/L
Sault Ste. Marie Water Rangers Task Team,11702,Cold Water Creek:Cold Water Creek at Old Garden River Road,46.5636057,-84.2783117,River/Stream,Field Msr/Obs,Surface Water,5/10/2024,Test strip,Total hardness,0,mg/L
Sault Ste. Marie Water Rangers Task Team,11712,Fort Creek:Fort Creek Channel at Carmen's Way,46.5363508,-84.3442512,River/Stream,Field Msr/Obs,Surface Water,6/7/2024,,pH,8.4,None
Sault Ste. Marie Water Rangers Task Team,11712,Fort Creek:Fort Creek Channel at Carmen's Way,46.5363508,-84.3442512,River/Stream,Field Msr/Obs,Surface Water,4/14/2024,Probe/Sensor,"Temperature, air",5,deg C
Sault Ste. Marie Water Rangers Task Team,11708,Root River:Root River off Hwy 17 N (near Teen Challenge),46.5717047,-84.3206692,River/Stream,Field Msr/Obs,Surface Water,4/19/2024,Probe/Sensor,Conductivity,50,uS/cm
Sault Ste. Marie Water Rangers Task Team,11703,Root River:Root River Old Garden River,46.5629144,-84.2812943,River/Stream,Field Msr/Obs,Surface Water,6/24/2024,Test strip,Chlorine,0,ppm
Sault Ste. Marie Water Rangers Task Team,11714,West Davignon Creek:West Davignon Brookfield Ave,46.5307892,-84.3968654,River/Stream,Field Msr/Obs,Surface Water,5/10/2024,Probe/Sensor,Dissolved oxygen (DO),9,mg/L
Sault Ste. Marie Water Rangers Task Team,11718,East Davignon Creek:East Davignon Creek Allens Side (N of 2nd Ln W),46.559108,-84.4037962,River/Stream,Field Msr/Obs,Surface Water,4/19/2024,Test strip,Chlorine,0,ppm
Sault Ste. Marie Water Rangers Task Team,11718,East Davignon Creek:East Davignon Creek Allens Side (N of 2nd Ln W),46.559108,-84.4037962,River/Stream,Field Msr/Obs,Surface Water,4/19/2024,Probe/Sensor,Conductivity,25,uS/cm
Sault Ste. Marie Water Rangers Task Team,11717,Upper Carp River:Upper Carp River at Creek Rd/Third Line W,46.5480272,-84.4551659,River/Stream,Field Msr/Obs,Surface Water,5/18/2024,Probe/Sensor,"Temperature, air",21,deg C
Sault Ste. Marie Water Rangers Task Team,11716,Big Carp River:Big Carp River Herkimer Rd,46.5062632,-84.4498873,River/Stream,Field Msr/Obs,Surface Water,3/27/2024,Test strip,"Alkalinity, total",0,mg/L
Sault Ste. Marie Water Rangers Task Team,11704,Root River:Root River Wishart Park,46.5637702,-84.2936325,River/Stream,Field Msr/Obs,Surface Water,6/14/2024,Test strip,Total hardness,0,mg/L
Sault Ste. Marie Water Rangers Task Team,11716,Big Carp River:Big Carp River Herkimer Rd,46.5062632,-84.4498873,River/Stream,Field Msr/Obs,Surface Water,4/6/2024,Probe/Sensor,"Temperature, air",11,deg C
Sault Ste. Marie Water Rangers Task Team,11717,Upper Carp River:Upper Carp River at Creek Rd/Third Line W,46.5480272,-84.4551659,River/Stream,Field Msr/Obs,Surface Water,5/24/2024,Secchi Disk,Depth of water column,0.19,m
Sault Ste. Marie Water Rangers Task Team,11706,Root River:Root River Fourth Line E,46.5672083,-84.3063569,River/Stream,Field Msr/Obs,Surface Water,5/5/2024,Probe/Sensor,"Temperature, air",5,deg C
Sault Ste. Marie Water Rangers Task Team,11704,Root River:Root River Wishart Park,46.5637702,-84.2936325,River/Stream,Field Msr/Obs,Surface Water,3/15/2024,Secchi Disk,Depth of water column,0.56,m
Sault Ste. Marie Water Rangers Task Team,11708,Root River:Root River off Hwy 17 N (near Teen Challenge),46.5717047,-84.3206692,River/Stream,Field Msr/Obs,Surface Water,5/24/2024,Probe/Sensor,Dissolved oxygen (DO),8,mg/L
Sault Ste. Marie Water Rangers Task Team,11709,Canon Creek:Canon Creek Old Goulais Bay Rd,46.5915743,-84.3430281,River/Stream,Field Msr/Obs,Surface Water,6/8/2024,Test strip,Chlorine,0,ppm
Sault Ste. Marie Water Rangers Task Team,11701,St. Marys River:Bellevue Park Topsail Island,46.4952016,-84.297452,River/Stream,Field Msr/Obs,Surface Water,3/15/2024,,pH,6.8,None
Sault Ste. Marie Water Rangers Task Team,11702,Cold Water Creek:Cold Water Creek at Old Garden River Road,46.5636057,-84.2783117,River/Stream,Field Msr/Obs,Surface Water,4/5/2024,Probe/Sensor,"Temperature, water",7.2,deg C
Sault Ste. Marie Water Rangers Task Team,11714,West Davignon Creek:West Davignon Brookfield Ave,46.5307892,-84.3968654,River/Stream,Field Msr/Obs,Surface Water,4/5/2024,Probe/Sensor,"Temperature, water",3.6,deg C
Sault Ste. Marie Water Rangers Task Team,11702,Cold Water Creek:Cold Water Creek at Old Garden River Road,46.5636057,-84.2783117,River/Stream,Field Msr/Obs,Surface Water,6/24/2024,Probe/Sensor,Conductivity,193,uS/cm
Sault Ste. Marie Water Rangers Task Team,11704,Root River:Root River Wishart Park,46.5637702,-84.2936325,River/Stream,Field Msr/Obs,Surface Water,3/10/2024,Secchi Disk,Depth of water column,0.31,m
Sault Ste. Marie Water Rangers Task Team,11715,Little Carp River:Little Carp River Carpin Beach Rd,46.5097352,-84.4441581,River/Stream,Field Msr/Obs,Surface Water,5/24/2024,Test strip,Total hardness,0,mg/L
Sault Ste. Marie Water Rangers Task Team,11707,Root River Branch:Root River Branch Fourth Line E,46.5676351,-84.3005633,River/Stream,Field Msr/Obs,Surface Water,6/22/2024,Probe/Sensor,Dissolved oxygen (DO),9,mg/L
Sault Ste. Marie Water Rangers Task Team,11707,Root River Branch:Root River Branch Fourth Line E,46.5676351,-84.3005633,River/Stream,Field Msr/Obs,Surface Water,3/1/2024,Probe/Sensor,Dissolved oxygen (DO),11,mg/L
Sault Ste. Marie Water Rangers Task Team,11702,Cold Water Creek:Cold Water Creek at Old Garden River Road,46.5636057,-84.2783117,River/Stream,Field Msr/Obs,Surface Water,7/7/2024,Probe/Sensor,"Temperature, water",13.5,deg C
Sault Ste. Marie Water Rangers Task Team,11704,Root River:Root River Wishart Park,46.5637702,-84.2936325,River/Stream,Field Msr/Obs,Surface Water,3/10/2024,,pH,6.8,None
Sault Ste. Marie Water Rangers Task Team,11703,Root River:Root River Old Garden River,46.5629144,-84.2812943,River/Stream,Field Msr/Obs,Surface Water,5/10/2024,,pH,6.4,None
Sault Ste. Marie Water Rangers Task Team,11706,Root River:Root River Fourth Line E,46.5672083,-84.3063569,River/Stream,Field Msr/Obs,Surface Water,5/17/2024,Probe/Sensor,Dissolved oxygen (DO),7,mg/L
Sault Ste. Marie Water Rangers Task Team,11704,Root River:Root River Wishart Park,46.5637702,-84.2936325,River/Stream,Field Msr/Obs,Surface Water,4/13/2024,Probe/Sensor,Conductivity,58,uS/cm
Sault Ste. Marie Water Rangers Task Team,11716,Big Carp River:Big Carp River Herkimer Rd,46.5062632,-84.4498873,River/Stream,Field Msr/Obs,Surface Water,4/19/2024,Probe/Sensor,"Temperature, water",7.6,deg C
Sault Ste. Marie Water Rangers Task Team,11714,West Davignon Creek:West Davignon Brookfield Ave,46.5307892,-84.3968654,River/Stream,Field Msr/Obs,Surface Water,4/5/2024,Probe/Sensor,Conductivity,62,uS/cm
Sault Ste. Marie Water Rangers Task Team,11714,West Davignon Creek:West Davignon Brookfield Ave,46.5307892,-84.3968654,River/Stream,Field Msr/Obs,Surface Water,4/14/2024,Probe/Sensor,Dissolved oxygen (DO),10,mg/L
Sault Ste. Marie Water Rangers Task Team,11709,Canon Creek:Canon Creek Old Goulais Bay Rd,46.5915743,-84.3430281,River/Stream,Field Msr/Obs,Surface Water,4/12/2024,,pH,6.4,None
Sault Ste. Marie Water Rangers Task Team,11718,East Davignon Creek:East Davignon Creek Allens Side (N of 2nd Ln W),46.559108,-84.4037962,River/Stream,Field Msr/Obs,Surface Water,3/27/2024,,pH,6.4,None
Sault Ste. Marie Water Rangers Task Team,11706,Root River:Root River Fourth Line E,46.5672083,-84.3063569,River/Stream,Field Msr/Obs,Surface Water,5/17/2024,Test strip,Chlorine,0,ppm
Sault Ste. Marie Water Rangers Task Team,11714,West Davignon Creek:West Davignon Brookfield Ave,46.5307892,-84.3968654,River/Stream,Field Msr/Obs,Surface Water,3/15/2024,Probe/Sensor,Conductivity,74,uS/cm
Sault Ste. Marie Water Rangers Task Team,11709,Canon Creek:Canon Creek Old Goulais Bay Rd,46.5915743,-84.3430281,River/Stream,Field Msr/Obs,Surface Water,4/26/2024,,pH,6.4,None
Sault Ste. Marie Water Rangers Task Team,11716,Big Carp River:Big Carp River Herkimer Rd,46.5062632,-84.4498873,River/Stream,Field Msr/Obs,Surface Water,4/6/2024,Test strip,"Alkalinity, total",0,mg/L
Sault Ste. Marie Water Rangers Task Team,11710,Root River:Root River Hwy 17E,46.5459338,-84.2184019,River/Stream,Field Msr/Obs,Surface Water,5/11/2024,Probe/Sensor,"Temperature, air",14,deg C
Sault Ste. Marie Water Rangers Task Team,11702,Cold Water Creek:Cold Water Creek at Old Garden River Road,46.5636057,-84.2783117,River/Stream,Field Msr/Obs,Surface Water,4/12/2024,Test strip,"Alkalinity, total",0,mg/L
Sault Ste. Marie Water Rangers Task Team,11716,Big Carp River:Big Carp River Herkimer Rd,46.5062632,-84.4498873,River/Stream,Field Msr/Obs,Surface Water,4/13/2024,Probe/Sensor,Dissolved oxygen (DO),9,mg/L
Sault Ste. Marie Water Rangers Task Team,11713,East Davignon Creek:East Davignon Farwell Terrace (near Tim Hortons),46.5367668,-84.3616748,River/Stream,Field Msr/Obs,Surface Water,3/9/2024,Probe/Sensor,Conductivity,132,uS/cm
Sault Ste. Marie Water Rangers Task Team,11707,Root River Branch:Root River Branch Fourth Line E,46.5676351,-84.3005633,River/Stream,Field Msr/Obs,Surface Water,7/20/2024,Probe/Sensor,Conductivity,127,uS/cm
Sault Ste. Marie Water Rangers Task Team,11706,Root River:Root River Fourth Line E,46.5672083,-84.3063569,River/Stream,Field Msr/Obs,Surface Water,3/10/2024,Probe/Sensor,Dissolved oxygen (DO),8,mg/L
Sault Ste. Marie Water Rangers Task Team,11705,Coldwater Creek:Lower Coldwater Creek Case Rd,46.5646992,-84.2689991,River/Stream,Field Msr/Obs,Surface Water,5/5/2024,Test strip,"Alkalinity, total",0,mg/L
Sault Ste. Marie Water Rangers Task Team,11708,Root River:Root River off Hwy 17 N (near Teen Challenge),46.5717047,-84.3206692,River/Stream,Field Msr/Obs,Surface Water,3/27/2024,Test strip,Chlorine,0,ppm
Sault Ste. Marie Water Rangers Task Team,11710,Root River:Root River Hwy 17E,46.5459338,-84.2184019,River/Stream,Field Msr/Obs,Surface Water,5/25/2024,Test strip,Chlorine,0,ppm
Sault Ste. Marie Water Rangers Task Team,11701,St. Marys River:Bellevue Park Topsail Island,46.4952016,-84.297452,River/Stream,Field Msr/Obs,Surface Water,3/15/2024,Probe/Sensor,Conductivity,121,uS/cm
Sault Ste. Marie Water Rangers Task Team,11704,Root River:Root River Wishart Park,46.5637702,-84.2936325,River/Stream,Field Msr/Obs,Surface Water,4/5/2024,Test strip,Chlorine,0,ppm
Sault Ste. Marie Water Rangers Task Team,11714,West Davignon Creek:West Davignon Brookfield Ave,46.5307892,-84.3968654,River/Stream,Field Msr/Obs,Surface Water,3/15/2024,Probe/Sensor,"Temperature, air",4,deg C
Sault Ste. Marie Water Rangers Task Team,11712,Fort Creek:Fort Creek Channel at Carmen's Way,46.5363508,-84.3442512,River/Stream,Field Msr/Obs,Surface Water,5/12/2024,Test strip,Chlorine,0,ppm
Sault Ste. Marie Water Rangers Task Team,11713,East Davignon Creek:East Davignon Farwell Terrace (near Tim Hortons),46.5367668,-84.3616748,River/Stream,Field Msr/Obs,Surface Water,4/14/2024,Probe/Sensor,Dissolved oxygen (DO),12,mg/L
Sault Ste. Marie Water Rangers Task Team,11703,Root River:Root River Old Garden River,46.5629144,-84.2812943,River/Stream,Field Msr/Obs,Surface Water,6/10/2024,Test strip,Total hardness,0,mg/L
Sault Ste. Marie Water Rangers Task Team,11716,Big Carp River:Big Carp River Herkimer Rd,46.5062632,-84.4498873,River/Stream,Field Msr/Obs,Surface Water,4/19/2024,Probe/Sensor,Dissolved oxygen (DO),10,mg/L
Sault Ste. Marie Water Rangers Task Team,11702,Cold Water Creek:Cold Water Creek at Old Garden River Road,46.5636057,-84.2783117,River/Stream,Field Msr/Obs,Surface Water,6/14/2024,Test strip,"Alkalinity, total",0,mg/L
Sault Ste. Marie Water Rangers Task Team,11715,Little Carp River:Little Carp River Carpin Beach Rd,46.5097352,-84.4441581,River/Stream,Field Msr/Obs,Surface Water,4/6/2024,Secchi Disk,Depth of water column,0.19,m
Sault Ste. Marie Water Rangers Task Team,11715,Little Carp River:Little Carp River Carpin Beach Rd,46.5097352,-84.4441581,River/Stream,Field Msr/Obs,Surface Water,3/10/2024,Probe/Sensor,Dissolved oxygen (DO),12,mg/L
Sault Ste. Marie Water Rangers Task Team,11707,Root River Branch:Root River Branch Fourth Line E,46.5676351,-84.3005633,River/Stream,Field Msr/Obs,Surface Water,6/7/2024,Probe/Sensor,Conductivity,113,uS/cm
Sault Ste. Marie Water Rangers Task Team,11708,Root River:Root River off Hwy 17 N (near Teen Challenge),46.5717047,-84.3206692,River/Stream,Field Msr/Obs,Surface Water,3/27/2024,Probe/Sensor,Dissolved oxygen (DO),8,mg/L
Sault Ste. Marie Water Rangers Task Team,11714,West Davignon Creek:West Davignon Brookfield Ave,46.5307892,-84.3968654,River/Stream,Field Msr/Obs,Surface Water,3/15/2024,,pH,6.6,None
Sault Ste. Marie Water Rangers Task Team,11715,Little Carp River:Little Carp River Carpin Beach Rd,46.5097352,-84.4441581,River/Stream,Field Msr/Obs,Surface Water,3/27/2024,Probe/Sensor,"Temperature, air",-2,deg C
Sault Ste. Marie Water Rangers Task Team,11715,Little Carp River:Little Carp River Carpin Beach Rd,46.5097352,-84.4441581,River/Stream,Field Msr/Obs,Surface Water,4/13/2024,Probe/Sensor,"Temperature, air",6,deg C
Sault Ste. Marie Water Rangers Task Team,11712,Fort Creek:Fort Creek Channel at Carmen's Way,46.5363508,-84.3442512,River/Stream,Field Msr/Obs,Surface Water,4/5/2024,Secchi Disk,"Depth, Secchi disk depth",0.15,m
Sault Ste. Marie Water Rangers Task Team,11708,Root River:Root River off Hwy 17 N (near Teen Challenge),46.5717047,-84.3206692,River/Stream,Field Msr/Obs,Surface Water,5/10/2024,Test strip,"Alkalinity, total",0,mg/L
Sault Ste. Marie Water Rangers Task Team,11712,Fort Creek:Fort Creek Channel at Carmen's Way,46.5363508,-84.3442512,River/Stream,Field Msr/Obs,Surface Water,3/8/2024,Test strip,"Alkalinity, total",80,mg/L
Sault Ste. Marie Water Rangers Task Team,11705,Coldwater Creek:Lower Coldwater Creek Case Rd,46.5646992,-84.2689991,River/Stream,Field Msr/Obs,Surface Water,4/7/2024,Secchi Disk,"Depth, Secchi disk depth",0.38,m
Sault Ste. Marie Water Rangers Task Team,11707,Root River Branch:Root River Branch Fourth Line E,46.5676351,-84.3005633,River/Stream,Field Msr/Obs,Surface Water,7/20/2024,,pH,7.5,None
Sault Ste. Marie Water Rangers Task Team,11713,East Davignon Creek:East Davignon Farwell Terrace (near Tim Hortons),46.5367668,-84.3616748,River/Stream,Field Msr/Obs,Surface Water,4/28/2024,,pH,6.6,None
Sault Ste. Marie Water Rangers Task Team,11704,Root River:Root River Wishart Park,46.5637702,-84.2936325,River/Stream,Field Msr/Obs,Surface Water,4/19/2024,Test strip,Total hardness,0,mg/L
Sault Ste. Marie Water Rangers Task Team,11712,Fort Creek:Fort Creek Channel at Carmen's Way,46.5363508,-84.3442512,River/Stream,Field Msr/Obs,Surface Water,4/14/2024,Test strip,"Alkalinity, total",100,mg/L
Sault Ste. Marie Water Rangers Task Team,11707,Root River Branch:Root River Branch Fourth Line E,46.5676351,-84.3005633,River/Stream,Field Msr/Obs,Surface Water,5/5/2024,Test strip,Chlorine,0,ppm
Sault Ste. Marie Water Rangers Task Team,11712,Fort Creek:Fort Creek Channel at Carmen's Way,46.5363508,-84.3442512,River/Stream,Field Msr/Obs,Surface Water,6/7/2024,Probe/Sensor,Dissolved oxygen (DO),7,mg/L
Sault Ste. Marie Water Rangers Task Team,11715,Little Carp River:Little Carp River Carpin Beach Rd,46.5097352,-84.4441581,River/Stream,Field Msr/Obs,Surface Water,5/18/2024,Probe/Sensor,Conductivity,97,uS/cm
Sault Ste. Marie Water Rangers Task Team,11713,East Davignon Creek:East Davignon Farwell Terrace (near Tim Hortons),46.5367668,-84.3616748,River/Stream,Field Msr/Obs,Surface Water,3/9/2024,,pH,6.8,None
Sault Ste. Marie Water Rangers Task Team,11709,Canon Creek:Canon Creek Old Goulais Bay Rd,46.5915743,-84.3430281,River/Stream,Field Msr/Obs,Surface Water,5/12/2024,Test strip,"Alkalinity, total",0,mg/L
Sault Ste. Marie Water Rangers Task Team,11718,East Davignon Creek:East Davignon Creek Allens Side (N of 2nd Ln W),46.559108,-84.4037962,River/Stream,Field Msr/Obs,Surface Water,3/27/2024,,pH,6.4,None
Sault Ste. Marie Water Rangers Task Team,11711,Duck pond:Bellevue Park duck pond,46.5004401,-84.2993188,Lake/Pond,Field Msr/Obs,Surface Water,3/15/2024,Test strip,Chlorine,0,ppm
Sault Ste. Marie Water Rangers Task Team,11716,Big Carp River:Big Carp River Herkimer Rd,46.5062632,-84.4498873,River/Stream,Field Msr/Obs,Surface Water,4/6/2024,Probe/Sensor,Conductivity,62,uS/cm
Sault Ste. Marie Water Rangers Task Team,11711,Duck pond:Bellevue Park duck pond,46.5004401,-84.2993188,Lake/Pond,Field Msr/Obs,Surface Water,3/27/2024,Secchi Disk,"Depth, Secchi disk depth",0.15,m
Sault Ste. Marie Water Rangers Task Team,11709,Canon Creek:Canon Creek Old Goulais Bay Rd,46.5915743,-84.3430281,River/Stream,Field Msr/Obs,Surface Water,3/27/2024,Test strip,Chlorine,0,ppm
Sault Ste. Marie Water Rangers Task Team,11708,Root River:Root River off Hwy 17 N (near Teen Challenge),46.5717047,-84.3206692,River/Stream,Field Msr/Obs,Surface Water,4/19/2024,Test strip,Chlorine,0,ppm
Sault Ste. Marie Water Rangers Task Team,11704,Root River:Root River Wishart Park,46.5637702,-84.2936325,River/Stream,Field Msr/Obs,Surface Water,5/5/2024,,pH,6.4,None
Sault Ste. Marie Water Rangers Task Team,11703,Root River:Root River Old Garden River,46.5629144,-84.2812943,River/Stream,Field Msr/Obs,Surface Water,5/12/2024,Test strip,"Alkalinity, total",0,mg/L
Sault Ste. Marie Water Rangers Task Team,11716,Big Carp River:Big Carp River Herkimer Rd,46.5062632,-84.4498873,River/Stream,Field Msr/Obs,Surface Water,5/18/2024,Probe/Sensor,Dissolved oxygen (DO),9,mg/L
Sault Ste. Marie Water Rangers Task Team,11701,St. Marys River:Bellevue Park Topsail Island,46.4952016,-84.297452,River/Stream,Field Msr/Obs,Surface Water,3/15/2024,Test strip,"Alkalinity, total",0,mg/L
Sault Ste. Marie Water Rangers Task Team,11704,Root River:Root River Wishart Park,46.5637702,-84.2936325,River/Stream,Field Msr/Obs,Surface Water,4/26/2024,Test strip,"Alkalinity, total",0,mg/L
Sault Ste. Marie Water Rangers Task Team,11716,Big Carp River:Big Carp River Herkimer Rd,46.5062632,-84.4498873,River/Stream,Field Msr/Obs,Surface Water,3/31/2024,Probe/Sensor,"Temperature, water",1.1,deg C
Sault Ste. Marie Water Rangers Task Team,11708,Root River:Root River off Hwy 17 N (near Teen Challenge),46.5717047,-84.3206692,River/Stream,Field Msr/Obs,Surface Water,4/19/2024,,pH,6.3,None
Sault Ste. Marie Water Rangers Task Team,11702,Cold Water Creek:Cold Water Creek at Old Garden River Road,46.5636057,-84.2783117,River/Stream,Field Msr/Obs,Surface Water,4/26/2024,Probe/Sensor,Conductivity,196,uS/cm
Sault Ste. Marie Water Rangers Task Team,11712,Fort Creek:Fort Creek Channel at Carmen's Way,46.5363508,-84.3442512,River/Stream,Field Msr/Obs,Surface Water,6/7/2024,Probe/Sensor,Conductivity,763,uS/cm
Sault Ste. Marie Water Rangers Task Team,11715,Little Carp River:Little Carp River Carpin Beach Rd,46.5097352,-84.4441581,River/Stream,Field Msr/Obs,Surface Water,3/27/2024,Probe/Sensor,"Temperature, water",1.1,deg C
Sault Ste. Marie Water Rangers Task Team,11703,Root River:Root River Old Garden River,46.5629144,-84.2812943,River/Stream,Field Msr/Obs,Surface Water,6/14/2024,Probe/Sensor,"Temperature, water",18.4,deg C
Sault Ste. Marie Water Rangers Task Team,11713,East Davignon Creek:East Davignon Farwell Terrace (near Tim Hortons),46.5367668,-84.3616748,River/Stream,Field Msr/Obs,Surface Water,5/12/2024,Probe/Sensor,"Temperature, water",9,deg C
Sault Ste. Marie Water Rangers Task Team,11708,Root River:Root River off Hwy 17 N (near Teen Challenge),46.5717047,-84.3206692,River/Stream,Field Msr/Obs,Surface Water,5/5/2024,Test strip,Chlorine,0,ppm
Sault Ste. Marie Water Rangers Task Team,11710,Root River:Root River Hwy 17E,46.5459338,-84.2184019,River/Stream,Field Msr/Obs,Surface Water,6/21/2024,Test strip,Total hardness,0,mg/L
Sault Ste. Marie Water Rangers Task Team,11707,Root River Branch:Root River Branch Fourth Line E,46.5676351,-84.3005633,River/Stream,Field Msr/Obs,Surface Water,5/11/2024,Probe/Sensor,Conductivity,120,uS/cm
Sault Ste. Marie Water Rangers Task Team,11716,Big Carp River:Big Carp River Herkimer Rd,46.5062632,-84.4498873,River/Stream,Field Msr/Obs,Surface Water,5/18/2024,,pH,6.8,None
Sault Ste. Marie Water Rangers Task Team,11703,Root River:Root River Old Garden River,46.5629144,-84.2812943,River/Stream,Field Msr/Obs,Surface Water,6/10/2024,Probe/Sensor,"Temperature, air",18,deg C
Sault Ste. Marie Water Rangers Task Team,11706,Root River:Root River Fourth Line E,46.5672083,-84.3063569,River/Stream,Field Msr/Obs,Surface Water,5/17/2024,Probe/Sensor,"Temperature, air",22,deg C
Sault Ste. Marie Water Rangers Task Team,11714,West Davignon Creek:West Davignon Brookfield Ave,46.5307892,-84.3968654,River/Stream,Field Msr/Obs,Surface Water,4/14/2024,Probe/Sensor,Conductivity,94,uS/cm
Sault Ste. Marie Water Rangers Task Team,11715,Little Carp River:Little Carp River Carpin Beach Rd,46.5097352,-84.4441581,River/Stream,Field Msr/Obs,Surface Water,3/16/2024,,pH,6.4,None
Sault Ste. Marie Water Rangers Task Team,11704,Root River:Root River Wishart Park,46.5637702,-84.2936325,River/Stream,Field Msr/Obs,Surface Water,4/5/2024,Test strip,"Alkalinity, total",0,mg/L
Sault Ste. Marie Water Rangers Task Team,11703,Root River:Root River Old Garden River,46.5629144,-84.2812943,River/Stream,Field Msr/Obs,Surface Water,7/7/2024,Secchi Disk,Depth of water column,0.25,m
Sault Ste. Marie Water Rangers Task Team,11709,Canon Creek:Canon Creek Old Goulais Bay Rd,46.5915743,-84.3430281,River/Stream,Field Msr/Obs,Surface Water,6/8/2024,Secchi Disk,Depth of water column,0.3,m
Sault Ste. Marie Water Rangers Task Team,11717,Upper Carp River:Upper Carp River at Creek Rd/Third Line W,46.5480272,-84.4551659,River/Stream,Field Msr/Obs,Surface Water,5/18/2024,Test strip,Total hardness,0,mg/L
Sault Ste. Marie Water Rangers Task Team,11707,Root River Branch:Root River Branch Fourth Line E,46.5676351,-84.3005633,River/Stream,Field Msr/Obs,Surface Water,3/1/2024,Test strip,"Alkalinity, total",0,mg/L
Sault Ste. Marie Water Rangers Task Team,11712,Fort Creek:Fort Creek Channel at Carmen's Way,46.5363508,-84.3442512,River/Stream,Field Msr/Obs,Surface Water,3/15/2024,Probe/Sensor,Dissolved oxygen (DO),12,mg/L
Sault Ste. Marie Water Rangers Task Team,11716,Big Carp River:Big Carp River Herkimer Rd,46.5062632,-84.4498873,River/Stream,Field Msr/Obs,Surface Water,5/10/2024,Probe/Sensor,Conductivity,61,uS/cm
Sault Ste. Marie Water Rangers Task Team,11711,Duck pond:Bellevue Park duck pond,46.5004401,-84.2993188,Lake/Pond,Field Msr/Obs,Surface Water,3/15/2024,Secchi Disk,"Depth, Secchi disk depth",0.18,m
Sault Ste. Marie Water Rangers Task Team,11716,Big Carp River:Big Carp River Herkimer Rd,46.5062632,-84.4498873,River/Stream,Field Msr/Obs,Surface Water,4/13/2024,Probe/Sensor,"Temperature, water",5.5,deg C
Sault Ste. Marie Water Rangers Task Team,11716,Big Carp River:Big Carp River Herkimer Rd,46.5062632,-84.4498873,River/Stream,Field Msr/Obs,Surface Water,5/18/2024,Test strip,Total hardness,0,mg/L
Sault Ste. Marie Water Rangers Task Team,11702,Cold Water Creek:Cold Water Creek at Old Garden River Road,46.5636057,-84.2783117,River/Stream,Field Msr/Obs,Surface Water,7/24/2024,Test strip,Total hardness,0,mg/L
Sault Ste. Marie Water Rangers Task Team,11710,Root River:Root River Hwy 17E,46.5459338,-84.2184019,River/Stream,Field Msr/Obs,Surface Water,3/15/2024,Secchi Disk,Depth of water column,1.48,m
Sault Ste. Marie Water Rangers Task Team,11712,Fort Creek:Fort Creek Channel at Carmen's Way,46.5363508,-84.3442512,River/Stream,Field Msr/Obs,Surface Water,6/7/2024,Test strip,Chlorine,0,ppm
Sault Ste. Marie Water Rangers Task Team,11718,East Davignon Creek:East Davignon Creek Allens Side (N of 2nd Ln W),46.559108,-84.4037962,River/Stream,Field Msr/Obs,Surface Water,5/10/2024,Probe/Sensor,"Temperature, air",18,deg C
Sault Ste. Marie Water Rangers Task Team,11715,Little Carp River:Little Carp River Carpin Beach Rd,46.5097352,-84.4441581,River/Stream,Field Msr/Obs,Surface Water,5/18/2024,Test strip,"Alkalinity, total",40,mg/L
Sault Ste. Marie Water Rangers Task Team,11713,East Davignon Creek:East Davignon Farwell Terrace (near Tim Hortons),46.5367668,-84.3616748,River/Stream,Field Msr/Obs,Surface Water,3/31/2024,Test strip,Chlorine,0,ppm
Sault Ste. Marie Water Rangers Task Team,11706,Root River:Root River Fourth Line E,46.5672083,-84.3063569,River/Stream,Field Msr/Obs,Surface Water,3/10/2024,Test strip,Chlorine,0,ppm
Sault Ste. Marie Water Rangers Task Team,11712,Fort Creek:Fort Creek Channel at Carmen's Way,46.5363508,-84.3442512,River/Stream,Field Msr/Obs,Surface Water,4/28/2024,Test strip,"Alkalinity, total",90,mg/L
Sault Ste. Marie Water Rangers Task Team,11716,Big Carp River:Big Carp River Herkimer Rd,46.5062632,-84.4498873,River/Stream,Field Msr/Obs,Surface Water,4/13/2024,Secchi Disk,"Depth, Secchi disk depth",0.8,m
Sault Ste. Marie Water Rangers Task Team,11702,Cold Water Creek:Cold Water Creek at Old Garden River Road,46.5636057,-84.2783117,River/Stream,Field Msr/Obs,Surface Water,6/10/2024,Test strip,"Alkalinity, total",0,mg/L
Sault Ste. Marie Water Rangers Task Team,11706,Root River:Root River Fourth Line E,46.5672083,-84.3063569,River/Stream,Field Msr/Obs,Surface Water,4/19/2024,Probe/Sensor,Conductivity,52,uS/cm
Sault Ste. Marie Water Rangers Task Team,11707,Root River Branch:Root River Branch Fourth Line E,46.5676351,-84.3005633,River/Stream,Field Msr/Obs,Surface Water,5/24/2024,Test strip,Chlorine,0,ppm
Sault Ste. Marie Water Rangers Task Team,11712,Fort Creek:Fort Creek Channel at Carmen's Way,46.5363508,-84.3442512,River/Stream,Field Msr/Obs,Surface Water,6/7/2024,Test strip,"Alkalinity, total",100,mg/L
Sault Ste. Marie Water Rangers Task Team,11703,Root River:Root River Old Garden River,46.5629144,-84.2812943,River/Stream,Field Msr/Obs,Surface Water,5/27/2024,Test strip,Total hardness,0,mg/L
Sault Ste. Marie Water Rangers Task Team,11716,Big Carp River:Big Carp River Herkimer Rd,46.5062632,-84.4498873,River/Stream,Field Msr/Obs,Surface Water,4/19/2024,,pH,6.4,None
Sault Ste. Marie Water Rangers Task Team,11715,Little Carp River:Little Carp River Carpin Beach Rd,46.5097352,-84.4441581,River/Stream,Field Msr/Obs,Surface Water,3/10/2024,,pH,6.6,None
Sault Ste. Marie Water Rangers Task Team,11704,Root River:Root River Wishart Park,46.5637702,-84.2936325,River/Stream,Field Msr/Obs,Surface Water,5/5/2024,Test strip,"Alkalinity, total",0,mg/L
Sault Ste. Marie Water Rangers Task Team,11703,Root River:Root River Old Garden River,46.5629144,-84.2812943,River/Stream,Field Msr/Obs,Surface Water,5/27/2024,Probe/Sensor,Dissolved oxygen (DO),10,mg/L
Sault Ste. Marie Water Rangers Task Team,11708,Root River:Root River off Hwy 17 N (near Teen Challenge),46.5717047,-84.3206692,River/Stream,Field Msr/Obs,Surface Water,5/24/2024,Probe/Sensor,Conductivity,93,uS/cm
Sault Ste. Marie Water Rangers Task Team,11717,Upper Carp River:Upper Carp River at Creek Rd/Third Line W,46.5480272,-84.4551659,River/Stream,Field Msr/Obs,Surface Water,5/24/2024,Probe/Sensor,Dissolved oxygen (DO),11,mg/L
Sault Ste. Marie Water Rangers Task Team,11709,Canon Creek:Canon Creek Old Goulais Bay Rd,46.5915743,-84.3430281,River/Stream,Field Msr/Obs,Surface Water,6/3/2024,Test strip,Chlorine,0,ppm
Sault Ste. Marie Water Rangers Task Team,11715,Little Carp River:Little Carp River Carpin Beach Rd,46.5097352,-84.4441581,River/Stream,Field Msr/Obs,Surface Water,4/6/2024,Test strip,"Alkalinity, total",0,mg/L
Sault Ste. Marie Water Rangers Task Team,11701,St. Marys River:Bellevue Park Topsail Island,46.4952016,-84.297452,River/Stream,Field Msr/Obs,Surface Water,2/22/2024,Probe/Sensor,"Temperature, water",4.3,deg C
Sault Ste. Marie Water Rangers Task Team,11704,Root River:Root River Wishart Park,46.5637702,-84.2936325,River/Stream,Field Msr/Obs,Surface Water,6/14/2024,Test strip,"Alkalinity, total",0,mg/L
Sault Ste. Marie Water Rangers Task Team,11716,Big Carp River:Big Carp River Herkimer Rd,46.5062632,-84.4498873,River/Stream,Field Msr/Obs,Surface Water,3/16/2024,Test strip,Total hardness,0,mg/L
Sault Ste. Marie Water Rangers Task Team,11702,Cold Water Creek:Cold Water Creek at Old Garden River Road,46.5636057,-84.2783117,River/Stream,Field Msr/Obs,Surface Water,4/19/2024,Test strip,Chlorine,0,ppm
Sault Ste. Marie Water Rangers Task Team,11711,Duck pond:Bellevue Park duck pond,46.5004401,-84.2993188,Lake/Pond,Field Msr/Obs,Surface Water,3/10/2024,Probe/Sensor,"Temperature, water",2.9,deg C
Sault Ste. Marie Water Rangers Task Team,11712,Fort Creek:Fort Creek Channel at Carmen's Way,46.5363508,-84.3442512,River/Stream,Field Msr/Obs,Surface Water,3/8/2024,Test strip,Chlorine,0,ppm
Sault Ste. Marie Water Rangers Task Team,11704,Root River:Root River Wishart Park,46.5637702,-84.2936325,River/Stream,Field Msr/Obs,Surface Water,6/21/2024,Probe/Sensor,"Temperature, air",21,deg C
Sault Ste. Marie Water Rangers Task Team,11702,Cold Water Creek:Cold Water Creek at Old Garden River Road,46.5636057,-84.2783117,River/Stream,Field Msr/Obs,Surface Water,6/28/2024,Test strip,"Alkalinity, total",0,mg/L
Sault Ste. Marie Water Rangers Task Team,11714,West Davignon Creek:West Davignon Brookfield Ave,46.5307892,-84.3968654,River/Stream,Field Msr/Obs,Surface Water,3/8/2024,Test strip,Chlorine,0,ppm
Sault Ste. Marie Water Rangers Task Team,11716,Big Carp River:Big Carp River Herkimer Rd,46.5062632,-84.4498873,River/Stream,Field Msr/Obs,Surface Water,5/10/2024,Probe/Sensor,Dissolved oxygen (DO),11,mg/L
Sault Ste. Marie Water Rangers Task Team,11707,Root River Branch:Root River Branch Fourth Line E,46.5676351,-84.3005633,River/Stream,Field Msr/Obs,Surface Water,5/11/2024,,pH,6.4,None
Sault Ste. Marie Water Rangers Task Team,11702,Cold Water Creek:Cold Water Creek at Old Garden River Road,46.5636057,-84.2783117,River/Stream,Field Msr/Obs,Surface Water,3/27/2024,Secchi Disk,Depth of water column,0.56,m
Sault Ste. Marie Water Rangers Task Team,11716,Big Carp River:Big Carp River Herkimer Rd,46.5062632,-84.4498873,River/Stream,Field Msr/Obs,Surface Water,6/14/2024,Test strip,"Alkalinity, total",0,mg/L
Sault Ste. Marie Water Rangers Task Team,11716,Big Carp River:Big Carp River Herkimer Rd,46.5062632,-84.4498873,River/Stream,Field Msr/Obs,Surface Water,5/10/2024,Test strip,Chlorine,0,ppm
Sault Ste. Marie Water Rangers Task Team,11706,Root River:Root River Fourth Line E,46.5672083,-84.3063569,River/Stream,Field Msr/Obs,Surface Water,5/24/2024,Probe/Sensor,Dissolved oxygen (DO),8,mg/L
Sault Ste. Marie Water Rangers Task Team,11704,Root River:Root River Wishart Park,46.5637702,-84.2936325,River/Stream,Field Msr/Obs,Surface Water,3/15/2024,Probe/Sensor,"Temperature, water",6.4,deg C
Sault Ste. Marie Water Rangers Task Team,11717,Upper Carp River:Upper Carp River at Creek Rd/Third Line W,46.5480272,-84.4551659,River/Stream,Field Msr/Obs,Surface Water,4/13/2024,Test strip,Total hardness,0,mg/L
Sault Ste. Marie Water Rangers Task Team,11704,Root River:Root River Wishart Park,46.5637702,-84.2936325,River/Stream,Field Msr/Obs,Surface Water,6/21/2024,Test strip,"Alkalinity, total",0,mg/L
Sault Ste. Marie Water Rangers Task Team,11704,Root River:Root River Wishart Park,46.5637702,-84.2936325,River/Stream,Field Msr/Obs,Surface Water,3/15/2024,,pH,6.8,None
Sault Ste. Marie Water Rangers Task Team,11704,Root River:Root River Wishart Park,46.5637702,-84.2936325,River/Stream,Field Msr/Obs,Surface Water,4/13/2024,Probe/Sensor,Dissolved oxygen (DO),9,mg/L
Sault Ste. Marie Water Rangers Task Team,11718,East Davignon Creek:East Davignon Creek Allens Side (N of 2nd Ln W),46.559108,-84.4037962,River/Stream,Field Msr/Obs,Surface Water,6/8/2024,Test strip,"Alkalinity, total",0,mg/L
Sault Ste. Marie Water Rangers Task Team,11705,Coldwater Creek:Lower Coldwater Creek Case Rd,46.5646992,-84.2689991,River/Stream,Field Msr/Obs,Surface Water,3/10/2024,Secchi Disk,"Depth, Secchi disk depth",0.44,m
Sault Ste. Marie Water Rangers Task Team,11714,West Davignon Creek:West Davignon Brookfield Ave,46.5307892,-84.3968654,River/Stream,Field Msr/Obs,Surface Water,3/8/2024,Probe/Sensor,Dissolved oxygen (DO),10,mg/L
Sault Ste. Marie Water Rangers Task Team,11706,Root River:Root River Fourth Line E,46.5672083,-84.3063569,River/Stream,Field Msr/Obs,Surface Water,3/27/2024,Test strip,Chlorine,0,ppm
Sault Ste. Marie Water Rangers Task Team,11706,Root River:Root River Fourth Line E,46.5672083,-84.3063569,River/Stream,Field Msr/Obs,Surface Water,4/19/2024,Test strip,"Alkalinity, total",20,mg/L
Sault Ste. Marie Water Rangers Task Team,11716,Big Carp River:Big Carp River Herkimer Rd,46.5062632,-84.4498873,River/Stream,Field Msr/Obs,Surface Water,4/19/2024,Test strip,"Alkalinity, total",0,mg/L
Sault Ste. Marie Water Rangers Task Team,11707,Root River Branch:Root River Branch Fourth Line E,46.5676351,-84.3005633,River/Stream,Field Msr/Obs,Surface Water,5/5/2024,Probe/Sensor,"Temperature, water",8.4,deg C
Sault Ste. Marie Water Rangers Task Team,11702,Cold Water Creek:Cold Water Creek at Old Garden River Road,46.5636057,-84.2783117,River/Stream,Field Msr/Obs,Surface Water,7/7/2024,Probe/Sensor,Dissolved oxygen (DO),8,mg/L
Sault Ste. Marie Water Rangers Task Team,11707,Root River Branch:Root River Branch Fourth Line E,46.5676351,-84.3005633,River/Stream,Field Msr/Obs,Surface Water,5/24/2024,,pH,6.8,None
Sault Ste. Marie Water Rangers Task Team,11703,Root River:Root River Old Garden River,46.5629144,-84.2812943,River/Stream,Field Msr/Obs,Surface Water,6/14/2024,Secchi Disk,Depth of water column,0.92,m
Sault Ste. Marie Water Rangers Task Team,11710,Root River:Root River Hwy 17E,46.5459338,-84.2184019,River/Stream,Field Msr/Obs,Surface Water,6/14/2024,Secchi Disk,"Depth, Secchi disk depth",0.39,m
Sault Ste. Marie Water Rangers Task Team,11704,Root River:Root River Wishart Park,46.5637702,-84.2936325,River/Stream,Field Msr/Obs,Surface Water,3/10/2024,Test strip,"Alkalinity, total",0,mg/L
Sault Ste. Marie Water Rangers Task Team,11702,Cold Water Creek:Cold Water Creek at Old Garden River Road,46.5636057,-84.2783117,River/Stream,Field Msr/Obs,Surface Water,6/10/2024,Probe/Sensor,"Temperature, water",13.1,deg C
Sault Ste. Marie Water Rangers Task Team,11718,East Davignon Creek:East Davignon Creek Allens Side (N of 2nd Ln W),46.559108,-84.4037962,River/Stream,Field Msr/Obs,Surface Water,6/7/2024,Probe/Sensor,"Temperature, water",12.2,deg C
Sault Ste. Marie Water Rangers Task Team,11711,Duck pond:Bellevue Park duck pond,46.5004401,-84.2993188,Lake/Pond,Field Msr/Obs,Surface Water,3/27/2024,Probe/Sensor,Dissolved oxygen (DO),6,mg/L
Sault Ste. Marie Water Rangers Task Team,11713,East Davignon Creek:East Davignon Farwell Terrace (near Tim Hortons),46.5367668,-84.3616748,River/Stream,Field Msr/Obs,Surface Water,4/7/2024,Probe/Sensor,"Temperature, water",4.1,deg C
Sault Ste. Marie Water Rangers Task Team,11704,Root River:Root River Wishart Park,46.5637702,-84.2936325,River/Stream,Field Msr/Obs,Surface Water,6/14/2024,Test strip,Chlorine,0,ppm
Sault Ste. Marie Water Rangers Task Team,11704,Root River:Root River Wishart Park,46.5637702,-84.2936325,River/Stream,Field Msr/Obs,Surface Water,4/19/2024,Probe/Sensor,Dissolved oxygen (DO),10,mg/L
Sault Ste. Marie Water Rangers Task Team,11716,Big Carp River:Big Carp River Herkimer Rd,46.5062632,-84.4498873,River/Stream,Field Msr/Obs,Surface Water,6/8/2024,Probe/Sensor,Dissolved oxygen (DO),9,mg/L
Sault Ste. Marie Water Rangers Task Team,11714,West Davignon Creek:West Davignon Brookfield Ave,46.5307892,-84.3968654,River/Stream,Field Msr/Obs,Surface Water,4/28/2024,Test strip,"Alkalinity, total",20,mg/L
Sault Ste. Marie Water Rangers Task Team,11705,Coldwater Creek:Lower Coldwater Creek Case Rd,46.5646992,-84.2689991,River/Stream,Field Msr/Obs,Surface Water,3/10/2024,Test strip,Total hardness,0,mg/L
Sault Ste. Marie Water Rangers Task Team,11713,East Davignon Creek:East Davignon Farwell Terrace (near Tim Hortons),46.5367668,-84.3616748,River/Stream,Field Msr/Obs,Surface Water,6/7/2024,Probe/Sensor,"Temperature, water",13,deg C
Sault Ste. Marie Water Rangers Task Team,11715,Little Carp River:Little Carp River Carpin Beach Rd,46.5097352,-84.4441581,River/Stream,Field Msr/Obs,Surface Water,5/24/2024,Test strip,Chlorine,0,ppm
Sault Ste. Marie Water Rangers Task Team,11709,Canon Creek:Canon Creek Old Goulais Bay Rd,46.5915743,-84.3430281,River/Stream,Field Msr/Obs,Surface Water,5/12/2024,Probe/Sensor,Dissolved oxygen (DO),6,mg/L
Sault Ste. Marie Water Rangers Task Team,11709,Canon Creek:Canon Creek Old Goulais Bay Rd,46.5915743,-84.3430281,River/Stream,Field Msr/Obs,Surface Water,6/8/2024,Probe/Sensor,Conductivity,40,uS/cm
Sault Ste. Marie Water Rangers Task Team,11702,Cold Water Creek:Cold Water Creek at Old Garden River Road,46.5636057,-84.2783117,River/Stream,Field Msr/Obs,Surface Water,5/19/2024,Probe/Sensor,"Temperature, air",22,deg C
Sault Ste. Marie Water Rangers Task Team,11707,Root River Branch:Root River Branch Fourth Line E,46.5676351,-84.3005633,River/Stream,Field Msr/Obs,Surface Water,5/24/2024,Probe/Sensor,Dissolved oxygen (DO),7,mg/L
Sault Ste. Marie Water Rangers Task Team,11705,Coldwater Creek:Lower Coldwater Creek Case Rd,46.5646992,-84.2689991,River/Stream,Field Msr/Obs,Surface Water,5/5/2024,Test strip,Chlorine,0,ppm
Sault Ste. Marie Water Rangers Task Team,11709,Canon Creek:Canon Creek Old Goulais Bay Rd,46.5915743,-84.3430281,River/Stream,Field Msr/Obs,Surface Water,6/3/2024,,pH,5.8,None
Sault Ste. Marie Water Rangers Task Team,11714,West Davignon Creek:West Davignon Brookfield Ave,46.5307892,-84.3968654,River/Stream,Field Msr/Obs,Surface Water,4/14/2024,Test strip,Total hardness,50,mg/L
Sault Ste. Marie Water Rangers Task Team,11712,Fort Creek:Fort Creek Channel at Carmen's Way,46.5363508,-84.3442512,River/Stream,Field Msr/Obs,Surface Water,5/12/2024,Probe/Sensor,"Temperature, air",9,deg C
Sault Ste. Marie Water Rangers Task Team,11711,Duck pond:Bellevue Park duck pond,46.5004401,-84.2993188,Lake/Pond,Field Msr/Obs,Surface Water,3/27/2024,Test strip,Total hardness,200,mg/L
Sault Ste. Marie Water Rangers Task Team,11717,Upper Carp River:Upper Carp River at Creek Rd/Third Line W,46.5480272,-84.4551659,River/Stream,Field Msr/Obs,Surface Water,4/19/2024,,pH,6.4,None
Sault Ste. Marie Water Rangers Task Team,11708,Root River:Root River off Hwy 17 N (near Teen Challenge),46.5717047,-84.3206692,River/Stream,Field Msr/Obs,Surface Water,3/10/2024,Probe/Sensor,"Temperature, air",2,deg C
Sault Ste. Marie Water Rangers Task Team,11716,Big Carp River:Big Carp River Herkimer Rd,46.5062632,-84.4498873,River/Stream,Field Msr/Obs,Surface Water,6/14/2024,Probe/Sensor,"Temperature, air",18,deg C
Sault Ste. Marie Water Rangers Task Team,11715,Little Carp River:Little Carp River Carpin Beach Rd,46.5097352,-84.4441581,River/Stream,Field Msr/Obs,Surface Water,4/13/2024,Probe/Sensor,Dissolved oxygen (DO),11,mg/L
Sault Ste. Marie Water Rangers Task Team,11707,Root River Branch:Root River Branch Fourth Line E,46.5676351,-84.3005633,River/Stream,Field Msr/Obs,Surface Water,7/25/2024,Probe/Sensor,Salinity,64,ppm
Sault Ste. Marie Water Rangers Task Team,11705,Coldwater Creek:Lower Coldwater Creek Case Rd,46.5646992,-84.2689991,River/Stream,Field Msr/Obs,Surface Water,4/12/2024,Test strip,"Alkalinity, total",20,mg/L
Sault Ste. Marie Water Rangers Task Team,11705,Coldwater Creek:Lower Coldwater Creek Case Rd,46.5646992,-84.2689991,River/Stream,Field Msr/Obs,Surface Water,4/26/2024,Test strip,Total hardness,0,mg/L
Sault Ste. Marie Water Rangers Task Team,11715,Little Carp River:Little Carp River Carpin Beach Rd,46.5097352,-84.4441581,River/Stream,Field Msr/Obs,Surface Water,4/19/2024,Test strip,Total hardness,0,mg/L
Sault Ste. Marie Water Rangers Task Team,11712,Fort Creek:Fort Creek Channel at Carmen's Way,46.5363508,-84.3442512,River/Stream,Field Msr/Obs,Surface Water,3/15/2024,Test strip,Total hardness,150,mg/L
Sault Ste. Marie Water Rangers Task Team,11709,Canon Creek:Canon Creek Old Goulais Bay Rd,46.5915743,-84.3430281,River/Stream,Field Msr/Obs,Surface Water,4/12/2024,Probe/Sensor,"Temperature, water",7.3,deg C
Sault Ste. Marie Water Rangers Task Team,11709,Canon Creek:Canon Creek Old Goulais Bay Rd,46.5915743,-84.3430281,River/Stream,Field Msr/Obs,Surface Water,5/12/2024,,pH,6.4,None
Sault Ste. Marie Water Rangers Task Team,11713,East Davignon Creek:East Davignon Farwell Terrace (near Tim Hortons),46.5367668,-84.3616748,River/Stream,Field Msr/Obs,Surface Water,5/12/2024,Test strip,Total hardness,0,mg/L
Sault Ste. Marie Water Rangers Task Team,11702,Cold Water Creek:Cold Water Creek at Old Garden River Road,46.5636057,-84.2783117,River/Stream,Field Msr/Obs,Surface Water,3/10/2024,Probe/Sensor,Conductivity,20.2,uS/cm
Sault Ste. Marie Water Rangers Task Team,11702,Cold Water Creek:Cold Water Creek at Old Garden River Road,46.5636057,-84.2783117,River/Stream,Field Msr/Obs,Surface Water,5/27/2024,Probe/Sensor,Dissolved oxygen (DO),11,mg/L
Sault Ste. Marie Water Rangers Task Team,11712,Fort Creek:Fort Creek Channel at Carmen's Way,46.5363508,-84.3442512,River/Stream,Field Msr/Obs,Surface Water,6/14/2024,,pH,8,None
Sault Ste. Marie Water Rangers Task Team,11709,Canon Creek:Canon Creek Old Goulais Bay Rd,46.5915743,-84.3430281,River/Stream,Field Msr/Obs,Surface Water,4/5/2024,Test strip,Chlorine,0,ppm
Sault Ste. Marie Water Rangers Task Team,11707,Root River Branch:Root River Branch Fourth Line E,46.5676351,-84.3005633,River/Stream,Field Msr/Obs,Surface Water,6/22/2024,Probe/Sensor,Conductivity,146,uS/cm
Sault Ste. Marie Water Rangers Task Team,11702,Cold Water Creek:Cold Water Creek at Old Garden River Road,46.5636057,-84.2783117,River/Stream,Field Msr/Obs,Surface Water,5/10/2024,Test strip,Chlorine,0,ppm
Sault Ste. Marie Water Rangers Task Team,11705,Coldwater Creek:Lower Coldwater Creek Case Rd,46.5646992,-84.2689991,River/Stream,Field Msr/Obs,Surface Water,3/15/2024,Secchi Disk,Depth of water column,0.68,m
Sault Ste. Marie Water Rangers Task Team,11708,Root River:Root River off Hwy 17 N (near Teen Challenge),46.5717047,-84.3206692,River/Stream,Field Msr/Obs,Surface Water,5/10/2024,,pH,6.3,None
Sault Ste. Marie Water Rangers Task Team,11716,Big Carp River:Big Carp River Herkimer Rd,46.5062632,-84.4498873,River/Stream,Field Msr/Obs,Surface Water,4/6/2024,Test strip,Total hardness,0,mg/L
Sault Ste. Marie Water Rangers Task Team,11707,Root River Branch:Root River Branch Fourth Line E,46.5676351,-84.3005633,River/Stream,Field Msr/Obs,Surface Water,5/24/2024,Test strip,Total hardness,0,mg/L
Sault Ste. Marie Water Rangers Task Team,11704,Root River:Root River Wishart Park,46.5637702,-84.2936325,River/Stream,Field Msr/Obs,Surface Water,6/14/2024,,pH,6.4,None
Sault Ste. Marie Water Rangers Task Team,11718,East Davignon Creek:East Davignon Creek Allens Side (N of 2nd Ln W),46.559108,-84.4037962,River/Stream,Field Msr/Obs,Surface Water,3/1/2024,Test strip,Total hardness,0,mg/L
Sault Ste. Marie Water Rangers Task Team,11702,Cold Water Creek:Cold Water Creek at Old Garden River Road,46.5636057,-84.2783117,River/Stream,Field Msr/Obs,Surface Water,5/10/2024,Probe/Sensor,"Temperature, air",17,deg C
Sault Ste. Marie Water Rangers Task Team,11712,Fort Creek:Fort Creek Channel at Carmen's Way,46.5363508,-84.3442512,River/Stream,Field Msr/Obs,Surface Water,3/1/2024,Probe/Sensor,Conductivity,1137,uS/cm
Sault Ste. Marie Water Rangers Task Team,11711,Duck pond:Bellevue Park duck pond,46.5004401,-84.2993188,Lake/Pond,Field Msr/Obs,Surface Water,3/10/2024,Test strip,"Alkalinity, total",120,mg/L
Sault Ste. Marie Water Rangers Task Team,11715,Little Carp River:Little Carp River Carpin Beach Rd,46.5097352,-84.4441581,River/Stream,Field Msr/Obs,Surface Water,5/24/2024,Probe/Sensor,"Temperature, water",14.3,deg C
Sault Ste. Marie Water Rangers Task Team,11705,Coldwater Creek:Lower Coldwater Creek Case Rd,46.5646992,-84.2689991,River/Stream,Field Msr/Obs,Surface Water,5/19/2024,Probe/Sensor,Dissolved oxygen (DO),7,mg/L
Sault Ste. Marie Water Rangers Task Team,11702,Cold Water Creek:Cold Water Creek at Old Garden River Road,46.5636057,-84.2783117,River/Stream,Field Msr/Obs,Surface Water,6/24/2024,Probe/Sensor,Dissolved oxygen (DO),9,mg/L
Sault Ste. Marie Water Rangers Task Team,11706,Root River:Root River Fourth Line E,46.5672083,-84.3063569,River/Stream,Field Msr/Obs,Surface Water,4/13/2024,Probe/Sensor,Conductivity,53,uS/cm
Sault Ste. Marie Water Rangers Task Team,11707,Root River Branch:Root River Branch Fourth Line E,46.5676351,-84.3005633,River/Stream,Field Msr/Obs,Surface Water,5/11/2024,Probe/Sensor,"Temperature, water",15.2,deg C
Sault Ste. Marie Water Rangers Task Team,11702,Cold Water Creek:Cold Water Creek at Old Garden River Road,46.5636057,-84.2783117,River/Stream,Field Msr/Obs,Surface Water,5/19/2024,Secchi Disk,Depth of water column,0.35,m
Sault Ste. Marie Water Rangers Task Team,11712,Fort Creek:Fort Creek Channel at Carmen's Way,46.5363508,-84.3442512,River/Stream,Field Msr/Obs,Surface Water,4/28/2024,Probe/Sensor,"Temperature, air",5,deg C
Sault Ste. Marie Water Rangers Task Team,11705,Coldwater Creek:Lower Coldwater Creek Case Rd,46.5646992,-84.2689991,River/Stream,Field Msr/Obs,Surface Water,3/15/2024,Probe/Sensor,"Temperature, air",9,deg C
Sault Ste. Marie Water Rangers Task Team,11707,Root River Branch:Root River Branch Fourth Line E,46.5676351,-84.3005633,River/Stream,Field Msr/Obs,Surface Water,7/25/2024,,pH,7.5,None
Sault Ste. Marie Water Rangers Task Team,11715,Little Carp River:Little Carp River Carpin Beach Rd,46.5097352,-84.4441581,River/Stream,Field Msr/Obs,Surface Water,5/24/2024,Probe/Sensor,"Temperature, air",19,deg C
Sault Ste. Marie Water Rangers Task Team,11710,Root River:Root River Hwy 17E,46.5459338,-84.2184019,River/Stream,Field Msr/Obs,Surface Water,3/10/2024,Probe/Sensor,Dissolved oxygen (DO),12,mg/L
Sault Ste. Marie Water Rangers Task Team,11710,Root River:Root River Hwy 17E,46.5459338,-84.2184019,River/Stream,Field Msr/Obs,Surface Water,3/10/2024,Test strip,Total hardness,0,mg/L
Sault Ste. Marie Water Rangers Task Team,11702,Cold Water Creek:Cold Water Creek at Old Garden River Road,46.5636057,-84.2783117,River/Stream,Field Msr/Obs,Surface Water,6/14/2024,Probe/Sensor,Conductivity,194,uS/cm
Sault Ste. Marie Water Rangers Task Team,11707,Root River Branch:Root River Branch Fourth Line E,46.5676351,-84.3005633,River/Stream,Field Msr/Obs,Surface Water,3/1/2024,Probe/Sensor,"Temperature, air",5,deg C
Sault Ste. Marie Water Rangers Task Team,11712,Fort Creek:Fort Creek Channel at Carmen's Way,46.5363508,-84.3442512,River/Stream,Field Msr/Obs,Surface Water,3/8/2024,Probe/Sensor,"Temperature, air",10,deg C
Sault Ste. Marie Water Rangers Task Team,11710,Root River:Root River Hwy 17E,46.5459338,-84.2184019,River/Stream,Field Msr/Obs,Surface Water,3/15/2024,,pH,6.4,None
Sault Ste. Marie Water Rangers Task Team,11716,Big Carp River:Big Carp River Herkimer Rd,46.5062632,-84.4498873,River/Stream,Field Msr/Obs,Surface Water,3/27/2024,Probe/Sensor,"Temperature, air",-2,deg C
Sault Ste. Marie Water Rangers Task Team,11704,Root River:Root River Wishart Park,46.5637702,-84.2936325,River/Stream,Field Msr/Obs,Surface Water,5/5/2024,Test strip,Total hardness,0,mg/L
Sault Ste. Marie Water Rangers Task Team,11718,East Davignon Creek:East Davignon Creek Allens Side (N of 2nd Ln W),46.559108,-84.4037962,River/Stream,Field Msr/Obs,Surface Water,4/13/2024,Probe/Sensor,"Temperature, air",4,deg C
Sault Ste. Marie Water Rangers Task Team,11717,Upper Carp River:Upper Carp River at Creek Rd/Third Line W,46.5480272,-84.4551659,River/Stream,Field Msr/Obs,Surface Water,4/6/2024,Test strip,"Alkalinity, total",0,mg/L
Sault Ste. Marie Water Rangers Task Team,11718,East Davignon Creek:East Davignon Creek Allens Side (N of 2nd Ln W),46.559108,-84.4037962,River/Stream,Field Msr/Obs,Surface Water,3/1/2024,Probe/Sensor,Dissolved oxygen (DO),11,mg/L
Sault Ste. Marie Water Rangers Task Team,11709,Canon Creek:Canon Creek Old Goulais Bay Rd,46.5915743,-84.3430281,River/Stream,Field Msr/Obs,Surface Water,3/27/2024,Secchi Disk,"Depth, Secchi disk depth",0.71,m
Sault Ste. Marie Water Rangers Task Team,11716,Big Carp River:Big Carp River Herkimer Rd,46.5062632,-84.4498873,River/Stream,Field Msr/Obs,Surface Water,6/8/2024,Secchi Disk,Depth of water column,1.08,m
Sault Ste. Marie Water Rangers Task Team,11705,Coldwater Creek:Lower Coldwater Creek Case Rd,46.5646992,-84.2689991,River/Stream,Field Msr/Obs,Surface Water,4/19/2024,Probe/Sensor,Conductivity,27,uS/cm
Sault Ste. Marie Water Rangers Task Team,11708,Root River:Root River off Hwy 17 N (near Teen Challenge),46.5717047,-84.3206692,River/Stream,Field Msr/Obs,Surface Water,5/5/2024,,pH,6.4,None
Sault Ste. Marie Water Rangers Task Team,11705,Coldwater Creek:Lower Coldwater Creek Case Rd,46.5646992,-84.2689991,River/Stream,Field Msr/Obs,Surface Water,4/7/2024,Test strip,Chlorine,0,ppm
Sault Ste. Marie Water Rangers Task Team,11705,Coldwater Creek:Lower Coldwater Creek Case Rd,46.5646992,-84.2689991,River/Stream,Field Msr/Obs,Surface Water,4/19/2024,Probe/Sensor,"Temperature, water",7.3,deg C
Sault Ste. Marie Water Rangers Task Team,11713,East Davignon Creek:East Davignon Farwell Terrace (near Tim Hortons),46.5367668,-84.3616748,River/Stream,Field Msr/Obs,Surface Water,3/15/2024,Test strip,"Alkalinity, total",20,mg/L
Sault Ste. Marie Water Rangers Task Team,11713,East Davignon Creek:East Davignon Farwell Terrace (near Tim Hortons),46.5367668,-84.3616748,River/Stream,Field Msr/Obs,Surface Water,3/15/2024,Secchi Disk,Depth of water column,0.4,m
Sault Ste. Marie Water Rangers Task Team,11702,Cold Water Creek:Cold Water Creek at Old Garden River Road,46.5636057,-84.2783117,River/Stream,Field Msr/Obs,Surface Water,5/27/2024,Test strip,Chlorine,0,ppm
Sault Ste. Marie Water Rangers Task Team,11718,East Davignon Creek:East Davignon Creek Allens Side (N of 2nd Ln W),46.559108,-84.4037962,River/Stream,Field Msr/Obs,Surface Water,5/24/2024,Probe/Sensor,"Temperature, water",15.6,deg C
Sault Ste. Marie Water Rangers Task Team,11706,Root River:Root River Fourth Line E,46.5672083,-84.3063569,River/Stream,Field Msr/Obs,Surface Water,5/10/2024,Probe/Sensor,"Temperature, air",17,deg C
Sault Ste. Marie Water Rangers Task Team,11701,St. Marys River:Bellevue Park Topsail Island,46.4952016,-84.297452,River/Stream,Field Msr/Obs,Surface Water,3/15/2024,Probe/Sensor,"Temperature, air",8,deg C
Sault Ste. Marie Water Rangers Task Team,11713,East Davignon Creek:East Davignon Farwell Terrace (near Tim Hortons),46.5367668,-84.3616748,River/Stream,Field Msr/Obs,Surface Water,3/8/2024,Probe/Sensor,Dissolved oxygen (DO),11,mg/L
Sault Ste. Marie Water Rangers Task Team,11702,Cold Water Creek:Cold Water Creek at Old Garden River Road,46.5636057,-84.2783117,River/Stream,Field Msr/Obs,Surface Water,6/10/2024,Probe/Sensor,"Temperature, air",21,deg C
Sault Ste. Marie Water Rangers Task Team,11713,East Davignon Creek:East Davignon Farwell Terrace (near Tim Hortons),46.5367668,-84.3616748,River/Stream,Field Msr/Obs,Surface Water,4/14/2024,Probe/Sensor,"Temperature, water",6.6,deg C
Sault Ste. Marie Water Rangers Task Team,11701,St. Marys River:Bellevue Park Topsail Island,46.4952016,-84.297452,River/Stream,Field Msr/Obs,Surface Water,2/22/2024,Probe/Sensor,Conductivity,113,uS/cm
Sault Ste. Marie Water Rangers Task Team,11710,Root River:Root River Hwy 17E,46.5459338,-84.2184019,River/Stream,Field Msr/Obs,Surface Water,4/14/2024,Test strip,Chlorine,0,ppm
Sault Ste. Marie Water Rangers Task Team,11704,Root River:Root River Wishart Park,46.5637702,-84.2936325,River/Stream,Field Msr/Obs,Surface Water,5/11/2024,Test strip,"Alkalinity, total",0,mg/L
Sault Ste. Marie Water Rangers Task Team,11702,Cold Water Creek:Cold Water Creek at Old Garden River Road,46.5636057,-84.2783117,River/Stream,Field Msr/Obs,Surface Water,4/12/2024,Test strip,Chlorine,0,ppm
Sault Ste. Marie Water Rangers Task Team,11716,Big Carp River:Big Carp River Herkimer Rd,46.5062632,-84.4498873,River/Stream,Field Msr/Obs,Surface Water,3/31/2024,,pH,6.4,None
Sault Ste. Marie Water Rangers Task Team,11711,Duck pond:Bellevue Park duck pond,46.5004401,-84.2993188,Lake/Pond,Field Msr/Obs,Surface Water,3/15/2024,Probe/Sensor,Conductivity,451,uS/cm
Sault Ste. Marie Water Rangers Task Team,11714,West Davignon Creek:West Davignon Brookfield Ave,46.5307892,-84.3968654,River/Stream,Field Msr/Obs,Surface Water,3/8/2024,,pH,6.4,None
Sault Ste. Marie Water Rangers Task Team,11716,Big Carp River:Big Carp River Herkimer Rd,46.5062632,-84.4498873,River/Stream,Field Msr/Obs,Surface Water,5/18/2024,Probe/Sensor,Conductivity,85,uS/cm
Sault Ste. Marie Water Rangers Task Team,11713,East Davignon Creek:East Davignon Farwell Terrace (near Tim Hortons),46.5367668,-84.3616748,River/Stream,Field Msr/Obs,Surface Water,3/27/2024,Test strip,Chlorine,0,ppm
Sault Ste. Marie Water Rangers Task Team,11702,Cold Water Creek:Cold Water Creek at Old Garden River Road,46.5636057,-84.2783117,River/Stream,Field Msr/Obs,Surface Water,4/5/2024,Probe/Sensor,"Temperature, air",6,deg C
Sault Ste. Marie Water Rangers Task Team,11716,Big Carp River:Big Carp River Herkimer Rd,46.5062632,-84.4498873,River/Stream,Field Msr/Obs,Surface Water,3/27/2024,Test strip,Total hardness,0,mg/L
Sault Ste. Marie Water Rangers Task Team,11704,Root River:Root River Wishart Park,46.5637702,-84.2936325,River/Stream,Field Msr/Obs,Surface Water,6/14/2024,Probe/Sensor,"Temperature, water",20.4,deg C
Sault Ste. Marie Water Rangers Task Team,11707,Root River Branch:Root River Branch Fourth Line E,46.5676351,-84.3005633,River/Stream,Field Msr/Obs,Surface Water,5/5/2024,Secchi Disk,Depth of water column,0.32,m
Sault Ste. Marie Water Rangers Task Team,11715,Little Carp River:Little Carp River Carpin Beach Rd,46.5097352,-84.4441581,River/Stream,Field Msr/Obs,Surface Water,5/10/2024,Test strip,Chlorine,0,ppm
Sault Ste. Marie Water Rangers Task Team,11714,West Davignon Creek:West Davignon Brookfield Ave,46.5307892,-84.3968654,River/Stream,Field Msr/Obs,Surface Water,3/8/2024,Secchi Disk,Depth of water column,0.4,m
Sault Ste. Marie Water Rangers Task Team,11714,West Davignon Creek:West Davignon Brookfield Ave,46.5307892,-84.3968654,River/Stream,Field Msr/Obs,Surface Water,3/8/2024,Probe/Sensor,"Temperature, water",4.1,deg C
Sault Ste. Marie Water Rangers Task Team,11706,Root River:Root River Fourth Line E,46.5672083,-84.3063569,River/Stream,Field Msr/Obs,Surface Water,5/10/2024,Probe/Sensor,Conductivity,70,uS/cm
Sault Ste. Marie Water Rangers Task Team,11718,East Davignon Creek:East Davignon Creek Allens Side (N of 2nd Ln W),46.559108,-84.4037962,River/Stream,Field Msr/Obs,Surface Water,3/1/2024,Probe/Sensor,"Temperature, air",5,deg C
Sault Ste. Marie Water Rangers Task Team,11710,Root River:Root River Hwy 17E,46.5459338,-84.2184019,River/Stream,Field Msr/Obs,Surface Water,3/15/2024,Test strip,Chlorine,0,ppm
Sault Ste. Marie Water Rangers Task Team,11718,East Davignon Creek:East Davignon Creek Allens Side (N of 2nd Ln W),46.559108,-84.4037962,River/Stream,Field Msr/Obs,Surface Water,5/24/2024,Probe/Sensor,Dissolved oxygen (DO),9,mg/L
Sault Ste. Marie Water Rangers Task Team,11705,Coldwater Creek:Lower Coldwater Creek Case Rd,46.5646992,-84.2689991,River/Stream,Field Msr/Obs,Surface Water,5/19/2024,Secchi Disk,Depth of water column,0.33,m
Sault Ste. Marie Water Rangers Task Team,11705,Coldwater Creek:Lower Coldwater Creek Case Rd,46.5646992,-84.2689991,River/Stream,Field Msr/Obs,Surface Water,4/26/2024,Test strip,Chlorine,0,ppm
Sault Ste. Marie Water Rangers Task Team,11716,Big Carp River:Big Carp River Herkimer Rd,46.5062632,-84.4498873,River/Stream,Field Msr/Obs,Surface Water,3/27/2024,,pH,6.4,None
Sault Ste. Marie Water Rangers Task Team,11707,Root River Branch:Root River Branch Fourth Line E,46.5676351,-84.3005633,River/Stream,Field Msr/Obs,Surface Water,3/1/2024,Probe/Sensor,Conductivity,112,uS/cm
Sault Ste. Marie Water Rangers Task Team,11709,Canon Creek:Canon Creek Old Goulais Bay Rd,46.5915743,-84.3430281,River/Stream,Field Msr/Obs,Surface Water,4/26/2024,Probe/Sensor,Conductivity,25,uS/cm
Sault Ste. Marie Water Rangers Task Team,11718,East Davignon Creek:East Davignon Creek Allens Side (N of 2nd Ln W),46.559108,-84.4037962,River/Stream,Field Msr/Obs,Surface Water,3/1/2024,Probe/Sensor,"Temperature, air",5,deg C
Sault Ste. Marie Water Rangers Task Team,11701,St. Marys River:Bellevue Park Topsail Island,46.4952016,-84.297452,River/Stream,Field Msr/Obs,Surface Water,2/22/2024,Test strip,Chlorine,0,ppm
Sault Ste. Marie Water Rangers Task Team,11712,Fort Creek:Fort Creek Channel at Carmen's Way,46.5363508,-84.3442512,River/Stream,Field Msr/Obs,Surface Water,4/5/2024,Probe/Sensor,Conductivity,678,uS/cm
Sault Ste. Marie Water Rangers Task Team,11705,Coldwater Creek:Lower Coldwater Creek Case Rd,46.5646992,-84.2689991,River/Stream,Field Msr/Obs,Surface Water,5/10/2024,Probe/Sensor,Dissolved oxygen (DO),9,mg/L
Sault Ste. Marie Water Rangers Task Team,11704,Root River:Root River Wishart Park,46.5637702,-84.2936325,River/Stream,Field Msr/Obs,Surface Water,5/5/2024,Probe/Sensor,"Temperature, water",10.8,deg C
Sault Ste. Marie Water Rangers Task Team,11704,Root River:Root River Wishart Park,46.5637702,-84.2936325,River/Stream,Field Msr/Obs,Surface Water,3/10/2024,Test strip,Chlorine,0,ppm
Sault Ste. Marie Water Rangers Task Team,11713,East Davignon Creek:East Davignon Farwell Terrace (near Tim Hortons),46.5367668,-84.3616748,River/Stream,Field Msr/Obs,Surface Water,3/8/2024,Probe/Sensor,Conductivity,132,uS/cm
Sault Ste. Marie Water Rangers Task Team,11702,Cold Water Creek:Cold Water Creek at Old Garden River Road,46.5636057,-84.2783117,River/Stream,Field Msr/Obs,Surface Water,4/12/2024,Probe/Sensor,Conductivity,169,uS/cm
Sault Ste. Marie Water Rangers Task Team,11714,West Davignon Creek:West Davignon Brookfield Ave,46.5307892,-84.3968654,River/Stream,Field Msr/Obs,Surface Water,3/31/2024,Test strip,"Alkalinity, total",0,mg/L
Sault Ste. Marie Water Rangers Task Team,11709,Canon Creek:Canon Creek Old Goulais Bay Rd,46.5915743,-84.3430281,River/Stream,Field Msr/Obs,Surface Water,4/26/2024,Probe/Sensor,Dissolved oxygen (DO),10,mg/L
Sault Ste. Marie Water Rangers Task Team,11710,Root River:Root River Hwy 17E,46.5459338,-84.2184019,River/Stream,Field Msr/Obs,Surface Water,4/14/2024,Secchi Disk,"Depth, Secchi disk depth",0.48,m
Sault Ste. Marie Water Rangers Task Team,11718,East Davignon Creek:East Davignon Creek Allens Side (N of 2nd Ln W),46.559108,-84.4037962,River/Stream,Field Msr/Obs,Surface Water,3/16/2024,Probe/Sensor,"Temperature, air",2,deg C
Sault Ste. Marie Water Rangers Task Team,11712,Fort Creek:Fort Creek Channel at Carmen's Way,46.5363508,-84.3442512,River/Stream,Field Msr/Obs,Surface Water,3/31/2024,,pH,6.4,None
Sault Ste. Marie Water Rangers Task Team,11703,Root River:Root River Old Garden River,46.5629144,-84.2812943,River/Stream,Field Msr/Obs,Surface Water,6/10/2024,Probe/Sensor,"Temperature, water",18.4,deg C
Sault Ste. Marie Water Rangers Task Team,11704,Root River:Root River Wishart Park,46.5637702,-84.2936325,River/Stream,Field Msr/Obs,Surface Water,3/27/2024,Probe/Sensor,"Temperature, water",1.2,deg C
Sault Ste. Marie Water Rangers Task Team,11709,Canon Creek:Canon Creek Old Goulais Bay Rd,46.5915743,-84.3430281,River/Stream,Field Msr/Obs,Surface Water,4/5/2024,Probe/Sensor,"Temperature, water",4.9,deg C
Sault Ste. Marie Water Rangers Task Team,11707,Root River Branch:Root River Branch Fourth Line E,46.5676351,-84.3005633,River/Stream,Field Msr/Obs,Surface Water,4/21/2024,Probe/Sensor,Conductivity,82,uS/cm
Sault Ste. Marie Water Rangers Task Team,11714,West Davignon Creek:West Davignon Brookfield Ave,46.5307892,-84.3968654,River/Stream,Field Msr/Obs,Surface Water,5/10/2024,Probe/Sensor,Salinity,49,ppth
Sault Ste. Marie Water Rangers Task Team,11712,Fort Creek:Fort Creek Channel at Carmen's Way,46.5363508,-84.3442512,River/Stream,Field Msr/Obs,Surface Water,3/1/2024,Probe/Sensor,"Temperature, water",1.7,deg C
Sault Ste. Marie Water Rangers Task Team,11711,Duck pond:Bellevue Park duck pond,46.5004401,-84.2993188,Lake/Pond,Field Msr/Obs,Surface Water,4/14/2024,Test strip,"Alkalinity, total",120,mg/L
Sault Ste. Marie Water Rangers Task Team,11710,Root River:Root River Hwy 17E,46.5459338,-84.2184019,River/Stream,Field Msr/Obs,Surface Water,5/25/2024,Secchi Disk,Depth of water column,0.34,m
Sault Ste. Marie Water Rangers Task Team,11716,Big Carp River:Big Carp River Herkimer Rd,46.5062632,-84.4498873,River/Stream,Field Msr/Obs,Surface Water,3/27/2024,Probe/Sensor,"Temperature, water",1.1,deg C
Sault Ste. Marie Water Rangers Task Team,11718,East Davignon Creek:East Davignon Creek Allens Side (N of 2nd Ln W),46.559108,-84.4037962,River/Stream,Field Msr/Obs,Surface Water,5/10/2024,Probe/Sensor,"Temperature, water",16.5,deg C
Sault Ste. Marie Water Rangers Task Team,11709,Canon Creek:Canon Creek Old Goulais Bay Rd,46.5915743,-84.3430281,River/Stream,Field Msr/Obs,Surface Water,3/15/2024,Test strip,"Alkalinity, total",0,mg/L
Sault Ste. Marie Water Rangers Task Team,11703,Root River:Root River Old Garden River,46.5629144,-84.2812943,River/Stream,Field Msr/Obs,Surface Water,6/10/2024,Probe/Sensor,Dissolved oxygen (DO),9,mg/L
Sault Ste. Marie Water Rangers Task Team,11713,East Davignon Creek:East Davignon Farwell Terrace (near Tim Hortons),46.5367668,-84.3616748,River/Stream,Field Msr/Obs,Surface Water,3/27/2024,Test strip,Total hardness,0,mg/L
Sault Ste. Marie Water Rangers Task Team,11708,Root River:Root River off Hwy 17 N (near Teen Challenge),46.5717047,-84.3206692,River/Stream,Field Msr/Obs,Surface Water,4/13/2024,Test strip,"Alkalinity, total",20,mg/L
Sault Ste. Marie Water Rangers Task Team,11709,Canon Creek:Canon Creek Old Goulais Bay Rd,46.5915743,-84.3430281,River/Stream,Field Msr/Obs,Surface Water,4/12/2024,Probe/Sensor,Conductivity,17,uS/cm
Sault Ste. Marie Water Rangers Task Team,11704,Root River:Root River Wishart Park,46.5637702,-84.2936325,River/Stream,Field Msr/Obs,Surface Water,4/5/2024,Probe/Sensor,"Temperature, water",5.1,deg C
Sault Ste. Marie Water Rangers Task Team,11704,Root River:Root River Wishart Park,46.5637702,-84.2936325,River/Stream,Field Msr/Obs,Surface Water,6/21/2024,Probe/Sensor,Dissolved oxygen (DO),6,mg/L
Sault Ste. Marie Water Rangers Task Team,11717,Upper Carp River:Upper Carp River at Creek Rd/Third Line W,46.5480272,-84.4551659,River/Stream,Field Msr/Obs,Surface Water,4/13/2024,Probe/Sensor,"Temperature, air",6,deg C
Sault Ste. Marie Water Rangers Task Team,11704,Root River:Root River Wishart Park,46.5637702,-84.2936325,River/Stream,Field Msr/Obs,Surface Water,3/15/2024,Test strip,Chlorine,0,ppm
Sault Ste. Marie Water Rangers Task Team,11706,Root River:Root River Fourth Line E,46.5672083,-84.3063569,River/Stream,Field Msr/Obs,Surface Water,5/17/2024,Test strip,Total hardness,0,mg/L
Sault Ste. Marie Water Rangers Task Team,11712,Fort Creek:Fort Creek Channel at Carmen's Way,46.5363508,-84.3442512,River/Stream,Field Msr/Obs,Surface Water,4/28/2024,,pH,6.8,None
Sault Ste. Marie Water Rangers Task Team,11705,Coldwater Creek:Lower Coldwater Creek Case Rd,46.5646992,-84.2689991,River/Stream,Field Msr/Obs,Surface Water,5/10/2024,Probe/Sensor,"Temperature, air",19,deg C
Sault Ste. Marie Water Rangers Task Team,11709,Canon Creek:Canon Creek Old Goulais Bay Rd,46.5915743,-84.3430281,River/Stream,Field Msr/Obs,Surface Water,6/8/2024,Test strip,"Alkalinity, total",20,mg/L
Sault Ste. Marie Water Rangers Task Team,11704,Root River:Root River Wishart Park,46.5637702,-84.2936325,River/Stream,Field Msr/Obs,Surface Water,3/27/2024,Probe/Sensor,Dissolved oxygen (DO),10,mg/L
Sault Ste. Marie Water Rangers Task Team,11715,Little Carp River:Little Carp River Carpin Beach Rd,46.5097352,-84.4441581,River/Stream,Field Msr/Obs,Surface Water,3/27/2024,Probe/Sensor,Conductivity,60,uS/cm
Sault Ste. Marie Water Rangers Task Team,11710,Root River:Root River Hwy 17E,46.5459338,-84.2184019,River/Stream,Field Msr/Obs,Surface Water,5/11/2024,Test strip,"Alkalinity, total",0,mg/L
Sault Ste. Marie Water Rangers Task Team,11713,East Davignon Creek:East Davignon Farwell Terrace (near Tim Hortons),46.5367668,-84.3616748,River/Stream,Field Msr/Obs,Surface Water,3/31/2024,Test strip,"Alkalinity, total",0,mg/L
Sault Ste. Marie Water Rangers Task Team,11715,Little Carp River:Little Carp River Carpin Beach Rd,46.5097352,-84.4441581,River/Stream,Field Msr/Obs,Surface Water,5/10/2024,Probe/Sensor,"Temperature, water",13.7,deg C
Sault Ste. Marie Water Rangers Task Team,11710,Root River:Root River Hwy 17E,46.5459338,-84.2184019,River/Stream,Field Msr/Obs,Surface Water,3/27/2024,Probe/Sensor,"Temperature, water",0,deg C
Sault Ste. Marie Water Rangers Task Team,11710,Root River:Root River Hwy 17E,46.5459338,-84.2184019,River/Stream,Field Msr/Obs,Surface Water,3/27/2024,Test strip,Chlorine,0,ppm
Sault Ste. Marie Water Rangers Task Team,11707,Root River Branch:Root River Branch Fourth Line E,46.5676351,-84.3005633,River/Stream,Field Msr/Obs,Surface Water,6/22/2024,Probe/Sensor,"Temperature, air",16.1,deg C
Sault Ste. Marie Water Rangers Task Team,11713,East Davignon Creek:East Davignon Farwell Terrace (near Tim Hortons),46.5367668,-84.3616748,River/Stream,Field Msr/Obs,Surface Water,3/27/2024,Probe/Sensor,"Temperature, air",-1,deg C
Sault Ste. Marie Water Rangers Task Team,11709,Canon Creek:Canon Creek Old Goulais Bay Rd,46.5915743,-84.3430281,River/Stream,Field Msr/Obs,Surface Water,3/15/2024,,pH,6.4,None
Sault Ste. Marie Water Rangers Task Team,11717,Upper Carp River:Upper Carp River at Creek Rd/Third Line W,46.5480272,-84.4551659,River/Stream,Field Msr/Obs,Surface Water,5/10/2024,Test strip,"Alkalinity, total",20,mg/L
Sault Ste. Marie Water Rangers Task Team,11711,Duck pond:Bellevue Park duck pond,46.5004401,-84.2993188,Lake/Pond,Field Msr/Obs,Surface Water,3/15/2024,Test strip,Total hardness,100,mg/L
Sault Ste. Marie Water Rangers Task Team,11716,Big Carp River:Big Carp River Herkimer Rd,46.5062632,-84.4498873,River/Stream,Field Msr/Obs,Surface Water,5/18/2024,Test strip,"Alkalinity, total",20,mg/L
Sault Ste. Marie Water Rangers Task Team,11716,Big Carp River:Big Carp River Herkimer Rd,46.5062632,-84.4498873,River/Stream,Field Msr/Obs,Surface Water,4/13/2024,Test strip,Chlorine,0,ppm
Sault Ste. Marie Water Rangers Task Team,11718,East Davignon Creek:East Davignon Creek Allens Side (N of 2nd Ln W),46.559108,-84.4037962,River/Stream,Field Msr/Obs,Surface Water,5/10/2024,Test strip,Total hardness,0,mg/L
Sault Ste. Marie Water Rangers Task Team,11715,Little Carp River:Little Carp River Carpin Beach Rd,46.5097352,-84.4441581,River/Stream,Field Msr/Obs,Surface Water,5/24/2024,Test strip,"Alkalinity, total",0,mg/L
Sault Ste. Marie Water Rangers Task Team,11709,Canon Creek:Canon Creek Old Goulais Bay Rd,46.5915743,-84.3430281,River/Stream,Field Msr/Obs,Surface Water,6/8/2024,Probe/Sensor,"Temperature, air",16,deg C
Sault Ste. Marie Water Rangers Task Team,11704,Root River:Root River Wishart Park,46.5637702,-84.2936325,River/Stream,Field Msr/Obs,Surface Water,4/12/2024,Probe/Sensor,Dissolved oxygen (DO),9,mg/L
Sault Ste. Marie Water Rangers Task Team,11702,Cold Water Creek:Cold Water Creek at Old Garden River Road,46.5636057,-84.2783117,River/Stream,Field Msr/Obs,Surface Water,3/10/2024,Probe/Sensor,"Temperature, water",5.1,deg C
Sault Ste. Marie Water Rangers Task Team,11702,Cold Water Creek:Cold Water Creek at Old Garden River Road,46.5636057,-84.2783117,River/Stream,Field Msr/Obs,Surface Water,3/27/2024,Test strip,Chlorine,0,ppm
Sault Ste. Marie Water Rangers Task Team,11711,Duck pond:Bellevue Park duck pond,46.5004401,-84.2993188,Lake/Pond,Field Msr/Obs,Surface Water,3/27/2024,Probe/Sensor,"Temperature, water",2.9,deg C
Sault Ste. Marie Water Rangers Task Team,11711,Duck pond:Bellevue Park duck pond,46.5004401,-84.2993188,Lake/Pond,Field Msr/Obs,Surface Water,3/10/2024,Test strip,Chlorine,0,ppm
Sault Ste. Marie Water Rangers Task Team,11706,Root River:Root River Fourth Line E,46.5672083,-84.3063569,River/Stream,Field Msr/Obs,Surface Water,4/13/2024,Probe/Sensor,Dissolved oxygen (DO),9,mg/L
Sault Ste. Marie Water Rangers Task Team,11703,Root River:Root River Old Garden River,46.5629144,-84.2812943,River/Stream,Field Msr/Obs,Surface Water,6/24/2024,Test strip,"Alkalinity, total",0,mg/L
Sault Ste. Marie Water Rangers Task Team,11702,Cold Water Creek:Cold Water Creek at Old Garden River Road,46.5636057,-84.2783117,River/Stream,Field Msr/Obs,Surface Water,7/7/2024,Secchi Disk,Depth of water column,0.29,m
Sault Ste. Marie Water Rangers Task Team,11710,Root River:Root River Hwy 17E,46.5459338,-84.2184019,River/Stream,Field Msr/Obs,Surface Water,5/11/2024,Secchi Disk,"Depth, Secchi disk depth",0.33,m
Sault Ste. Marie Water Rangers Task Team,11709,Canon Creek:Canon Creek Old Goulais Bay Rd,46.5915743,-84.3430281,River/Stream,Field Msr/Obs,Surface Water,5/5/2024,Secchi Disk,Depth of water column,0.53,m
Sault Ste. Marie Water Rangers Task Team,11706,Root River:Root River Fourth Line E,46.5672083,-84.3063569,River/Stream,Field Msr/Obs,Surface Water,5/17/2024,Test strip,"Alkalinity, total",0,mg/L
Sault Ste. Marie Water Rangers Task Team,11714,West Davignon Creek:West Davignon Brookfield Ave,46.5307892,-84.3968654,River/Stream,Field Msr/Obs,Surface Water,3/8/2024,Probe/Sensor,"Temperature, air",7,deg C
Sault Ste. Marie Water Rangers Task Team,11718,East Davignon Creek:East Davignon Creek Allens Side (N of 2nd Ln W),46.559108,-84.4037962,River/Stream,Field Msr/Obs,Surface Water,6/7/2024,Probe/Sensor,Conductivity,64,uS/cm
Sault Ste. Marie Water Rangers Task Team,11713,East Davignon Creek:East Davignon Farwell Terrace (near Tim Hortons),46.5367668,-84.3616748,River/Stream,Field Msr/Obs,Surface Water,4/28/2024,Probe/Sensor,"Temperature, air",5,deg C
Sault Ste. Marie Water Rangers Task Team,11706,Root River:Root River Fourth Line E,46.5672083,-84.3063569,River/Stream,Field Msr/Obs,Surface Water,5/5/2024,Probe/Sensor,"Temperature, water",10.3,deg C
Sault Ste. Marie Water Rangers Task Team,11715,Little Carp River:Little Carp River Carpin Beach Rd,46.5097352,-84.4441581,River/Stream,Field Msr/Obs,Surface Water,5/10/2024,Test strip,"Alkalinity, total",20,mg/L
Sault Ste. Marie Water Rangers Task Team,11704,Root River:Root River Wishart Park,46.5637702,-84.2936325,River/Stream,Field Msr/Obs,Surface Water,4/26/2024,Probe/Sensor,Dissolved oxygen (DO),11,mg/L
Sault Ste. Marie Water Rangers Task Team,11711,Duck pond:Bellevue Park duck pond,46.5004401,-84.2993188,Lake/Pond,Field Msr/Obs,Surface Water,4/23/2024,Probe/Sensor,Dissolved oxygen (DO),12,mg/L
Sault Ste. Marie Water Rangers Task Team,11703,Root River:Root River Old Garden River,46.5629144,-84.2812943,River/Stream,Field Msr/Obs,Surface Water,5/27/2024,Test strip,"Alkalinity, total",0,mg/L
Sault Ste. Marie Water Rangers Task Team,11712,Fort Creek:Fort Creek Channel at Carmen's Way,46.5363508,-84.3442512,River/Stream,Field Msr/Obs,Surface Water,3/8/2024,Probe/Sensor,Conductivity,797,uS/cm
Sault Ste. Marie Water Rangers Task Team,11715,Little Carp River:Little Carp River Carpin Beach Rd,46.5097352,-84.4441581,River/Stream,Field Msr/Obs,Surface Water,3/10/2024,Test strip,"Alkalinity, total",20,mg/L
Sault Ste. Marie Water Rangers Task Team,11709,Canon Creek:Canon Creek Old Goulais Bay Rd,46.5915743,-84.3430281,River/Stream,Field Msr/Obs,Surface Water,4/5/2024,Probe/Sensor,Conductivity,22,uS/cm
Sault Ste. Marie Water Rangers Task Team,11707,Root River Branch:Root River Branch Fourth Line E,46.5676351,-84.3005633,River/Stream,Field Msr/Obs,Surface Water,5/5/2024,,pH,6.4,None
Sault Ste. Marie Water Rangers Task Team,11703,Root River:Root River Old Garden River,46.5629144,-84.2812943,River/Stream,Field Msr/Obs,Surface Water,7/7/2024,Probe/Sensor,"Temperature, air",26,deg C
Sault Ste. Marie Water Rangers Task Team,11705,Coldwater Creek:Lower Coldwater Creek Case Rd,46.5646992,-84.2689991,River/Stream,Field Msr/Obs,Surface Water,3/10/2024,,pH,6.8,None
Sault Ste. Marie Water Rangers Task Team,11708,Root River:Root River off Hwy 17 N (near Teen Challenge),46.5717047,-84.3206692,River/Stream,Field Msr/Obs,Surface Water,4/13/2024,,pH,6.3,None
Sault Ste. Marie Water Rangers Task Team,11715,Little Carp River:Little Carp River Carpin Beach Rd,46.5097352,-84.4441581,River/Stream,Field Msr/Obs,Surface Water,3/27/2024,Test strip,Total hardness,0,mg/L
Sault Ste. Marie Water Rangers Task Team,11708,Root River:Root River off Hwy 17 N (near Teen Challenge),46.5717047,-84.3206692,River/Stream,Field Msr/Obs,Surface Water,3/10/2024,,pH,6.4,None
Sault Ste. Marie Water Rangers Task Team,11707,Root River Branch:Root River Branch Fourth Line E,46.5676351,-84.3005633,River/Stream,Field Msr/Obs,Surface Water,5/24/2024,Probe/Sensor,"Temperature, water",14.4,deg C
Sault Ste. Marie Water Rangers Task Team,11710,Root River:Root River Hwy 17E,46.5459338,-84.2184019,River/Stream,Field Msr/Obs,Surface Water,6/21/2024,Test strip,"Alkalinity, total",0,mg/L
Sault Ste. Marie Water Rangers Task Team,11717,Upper Carp River:Upper Carp River at Creek Rd/Third Line W,46.5480272,-84.4551659,River/Stream,Field Msr/Obs,Surface Water,4/6/2024,Test strip,Chlorine,0,ppm
Sault Ste. Marie Water Rangers Task Team,11704,Root River:Root River Wishart Park,46.5637702,-84.2936325,River/Stream,Field Msr/Obs,Surface Water,4/19/2024,Test strip,Chlorine,0,ppm
Sault Ste. Marie Water Rangers Task Team,11715,Little Carp River:Little Carp River Carpin Beach Rd,46.5097352,-84.4441581,River/Stream,Field Msr/Obs,Surface Water,4/13/2024,Test strip,Chlorine,0,ppm
Sault Ste. Marie Water Rangers Task Team,11713,East Davignon Creek:East Davignon Farwell Terrace (near Tim Hortons),46.5367668,-84.3616748,River/Stream,Field Msr/Obs,Surface Water,5/12/2024,Probe/Sensor,Dissolved oxygen (DO),11,mg/L
Sault Ste. Marie Water Rangers Task Team,11702,Cold Water Creek:Cold Water Creek at Old Garden River Road,46.5636057,-84.2783117,River/Stream,Field Msr/Obs,Surface Water,5/19/2024,Probe/Sensor,Dissolved oxygen (DO),8,mg/L
Sault Ste. Marie Water Rangers Task Team,11713,East Davignon Creek:East Davignon Farwell Terrace (near Tim Hortons),46.5367668,-84.3616748,River/Stream,Field Msr/Obs,Surface Water,4/7/2024,Probe/Sensor,Conductivity,100,uS/cm
Sault Ste. Marie Water Rangers Task Team,11710,Root River:Root River Hwy 17E,46.5459338,-84.2184019,River/Stream,Field Msr/Obs,Surface Water,3/15/2024,Test strip,Total hardness,0,mg/L
Sault Ste. Marie Water Rangers Task Team,11717,Upper Carp River:Upper Carp River at Creek Rd/Third Line W,46.5480272,-84.4551659,River/Stream,Field Msr/Obs,Surface Water,4/6/2024,Probe/Sensor,"Temperature, water",4.9,deg C
Sault Ste. Marie Water Rangers Task Team,11702,Cold Water Creek:Cold Water Creek at Old Garden River Road,46.5636057,-84.2783117,River/Stream,Field Msr/Obs,Surface Water,3/10/2024,,pH,6.8,None
Sault Ste. Marie Water Rangers Task Team,11713,East Davignon Creek:East Davignon Farwell Terrace (near Tim Hortons),46.5367668,-84.3616748,River/Stream,Field Msr/Obs,Surface Water,4/28/2024,Test strip,"Alkalinity, total",20,mg/L
Sault Ste. Marie Water Rangers Task Team,11711,Duck pond:Bellevue Park duck pond,46.5004401,-84.2993188,Lake/Pond,Field Msr/Obs,Surface Water,4/23/2024,Test strip,Chlorine,0,ppm
Sault Ste. Marie Water Rangers Task Team,11703,Root River:Root River Old Garden River,46.5629144,-84.2812943,River/Stream,Field Msr/Obs,Surface Water,6/14/2024,Probe/Sensor,Conductivity,115,uS/cm
Sault Ste. Marie Water Rangers Task Team,11709,Canon Creek:Canon Creek Old Goulais Bay Rd,46.5915743,-84.3430281,River/Stream,Field Msr/Obs,Surface Water,3/15/2024,Test strip,Chlorine,0,ppm
Sault Ste. Marie Water Rangers Task Team,11713,East Davignon Creek:East Davignon Farwell Terrace (near Tim Hortons),46.5367668,-84.3616748,River/Stream,Field Msr/Obs,Surface Water,4/28/2024,Secchi Disk,Depth of water column,0.15,m
Sault Ste. Marie Water Rangers Task Team,11705,Coldwater Creek:Lower Coldwater Creek Case Rd,46.5646992,-84.2689991,River/Stream,Field Msr/Obs,Surface Water,4/26/2024,Test strip,"Alkalinity, total",20,mg/L
Sault Ste. Marie Water Rangers Task Team,11716,Big Carp River:Big Carp River Herkimer Rd,46.5062632,-84.4498873,River/Stream,Field Msr/Obs,Surface Water,4/19/2024,Test strip,Chlorine,0,ppm
Sault Ste. Marie Water Rangers Task Team,11702,Cold Water Creek:Cold Water Creek at Old Garden River Road,46.5636057,-84.2783117,River/Stream,Field Msr/Obs,Surface Water,7/24/2024,Test strip,Chlorine,0,ppm
Sault Ste. Marie Water Rangers Task Team,11706,Root River:Root River Fourth Line E,46.5672083,-84.3063569,River/Stream,Field Msr/Obs,Surface Water,4/19/2024,Test strip,Chlorine,0,ppm
Sault Ste. Marie Water Rangers Task Team,11705,Coldwater Creek:Lower Coldwater Creek Case Rd,46.5646992,-84.2689991,River/Stream,Field Msr/Obs,Surface Water,4/19/2024,Probe/Sensor,Dissolved oxygen (DO),9,mg/L
Sault Ste. Marie Water Rangers Task Team,11704,Root River:Root River Wishart Park,46.5637702,-84.2936325,River/Stream,Field Msr/Obs,Surface Water,5/11/2024,Probe/Sensor,"Temperature, air",14,deg C
Sault Ste. Marie Water Rangers Task Team,11718,East Davignon Creek:East Davignon Creek Allens Side (N of 2nd Ln W),46.559108,-84.4037962,River/Stream,Field Msr/Obs,Surface Water,3/27/2024,Probe/Sensor,Conductivity,23,uS/cm
Sault Ste. Marie Water Rangers Task Team,11712,Fort Creek:Fort Creek Channel at Carmen's Way,46.5363508,-84.3442512,River/Stream,Field Msr/Obs,Surface Water,3/8/2024,Test strip,Chlorine,0,ppm
Sault Ste. Marie Water Rangers Task Team,11714,West Davignon Creek:West Davignon Brookfield Ave,46.5307892,-84.3968654,River/Stream,Field Msr/Obs,Surface Water,3/27/2024,Probe/Sensor,"Temperature, air",-1,deg C
Sault Ste. Marie Water Rangers Task Team,11710,Root River:Root River Hwy 17E,46.5459338,-84.2184019,River/Stream,Field Msr/Obs,Surface Water,3/10/2024,Test strip,"Alkalinity, total",0,mg/L
Sault Ste. Marie Water Rangers Task Team,11709,Canon Creek:Canon Creek Old Goulais Bay Rd,46.5915743,-84.3430281,River/Stream,Field Msr/Obs,Surface Water,6/3/2024,Secchi Disk,Depth of water column,0.26,m
Sault Ste. Marie Water Rangers Task Team,11704,Root River:Root River Wishart Park,46.5637702,-84.2936325,River/Stream,Field Msr/Obs,Surface Water,5/11/2024,Test strip,Chlorine,0,ppm
Sault Ste. Marie Water Rangers Task Team,11706,Root River:Root River Fourth Line E,46.5672083,-84.3063569,River/Stream,Field Msr/Obs,Surface Water,5/17/2024,Probe/Sensor,Conductivity,73,uS/cm
Sault Ste. Marie Water Rangers Task Team,11704,Root River:Root River Wishart Park,46.5637702,-84.2936325,River/Stream,Field Msr/Obs,Surface Water,6/21/2024,Test strip,Total hardness,0,mg/L
Sault Ste. Marie Water Rangers Task Team,11715,Little Carp River:Little Carp River Carpin Beach Rd,46.5097352,-84.4441581,River/Stream,Field Msr/Obs,Surface Water,3/16/2024,Probe/Sensor,"Temperature, air",5,deg C
Sault Ste. Marie Water Rangers Task Team,11702,Cold Water Creek:Cold Water Creek at Old Garden River Road,46.5636057,-84.2783117,River/Stream,Field Msr/Obs,Surface Water,4/5/2024,Test strip,Chlorine,0,ppm
Sault Ste. Marie Water Rangers Task Team,11718,East Davignon Creek:East Davignon Creek Allens Side (N of 2nd Ln W),46.559108,-84.4037962,River/Stream,Field Msr/Obs,Surface Water,3/16/2024,Test strip,Chlorine,0,ppm
Sault Ste. Marie Water Rangers Task Team,11712,Fort Creek:Fort Creek Channel at Carmen's Way,46.5363508,-84.3442512,River/Stream,Field Msr/Obs,Surface Water,3/27/2024,Probe/Sensor,"Temperature, air",-1,deg C
Sault Ste. Marie Water Rangers Task Team,11702,Cold Water Creek:Cold Water Creek at Old Garden River Road,46.5636057,-84.2783117,River/Stream,Field Msr/Obs,Surface Water,3/27/2024,Test strip,Total hardness,0,mg/L
Sault Ste. Marie Water Rangers Task Team,11717,Upper Carp River:Upper Carp River at Creek Rd/Third Line W,46.5480272,-84.4551659,River/Stream,Field Msr/Obs,Surface Water,4/19/2024,Probe/Sensor,Dissolved oxygen (DO),11,mg/L
Sault Ste. Marie Water Rangers Task Team,11702,Cold Water Creek:Cold Water Creek at Old Garden River Road,46.5636057,-84.2783117,River/Stream,Field Msr/Obs,Surface Water,5/5/2024,Test strip,"Alkalinity, total",0,mg/L
Sault Ste. Marie Water Rangers Task Team,11708,Root River:Root River off Hwy 17 N (near Teen Challenge),46.5717047,-84.3206692,River/Stream,Field Msr/Obs,Surface Water,4/13/2024,Probe/Sensor,Salinity,30,ppm
Sault Ste. Marie Water Rangers Task Team,11713,East Davignon Creek:East Davignon Farwell Terrace (near Tim Hortons),46.5367668,-84.3616748,River/Stream,Field Msr/Obs,Surface Water,6/7/2024,Probe/Sensor,Conductivity,285,uS/cm
Sault Ste. Marie Water Rangers Task Team,11715,Little Carp River:Little Carp River Carpin Beach Rd,46.5097352,-84.4441581,River/Stream,Field Msr/Obs,Surface Water,4/6/2024,Probe/Sensor,Dissolved oxygen (DO),9,mg/L
Sault Ste. Marie Water Rangers Task Team,11707,Root River Branch:Root River Branch Fourth Line E,46.5676351,-84.3005633,River/Stream,Field Msr/Obs,Surface Water,6/22/2024,Test strip,"Alkalinity, total",20,mg/L
Sault Ste. Marie Water Rangers Task Team,11716,Big Carp River:Big Carp River Herkimer Rd,46.5062632,-84.4498873,River/Stream,Field Msr/Obs,Surface Water,5/24/2024,Probe/Sensor,Dissolved oxygen (DO),11,mg/L
Sault Ste. Marie Water Rangers Task Team,11708,Root River:Root River off Hwy 17 N (near Teen Challenge),46.5717047,-84.3206692,River/Stream,Field Msr/Obs,Surface Water,5/24/2024,,pH,6.4,None
Sault Ste. Marie Water Rangers Task Team,11702,Cold Water Creek:Cold Water Creek at Old Garden River Road,46.5636057,-84.2783117,River/Stream,Field Msr/Obs,Surface Water,7/24/2024,Probe/Sensor,Dissolved oxygen (DO),9,mg/L
Sault Ste. Marie Water Rangers Task Team,11709,Canon Creek:Canon Creek Old Goulais Bay Rd,46.5915743,-84.3430281,River/Stream,Field Msr/Obs,Surface Water,5/5/2024,Probe/Sensor,Conductivity,28,uS/cm
Sault Ste. Marie Water Rangers Task Team,11712,Fort Creek:Fort Creek Channel at Carmen's Way,46.5363508,-84.3442512,River/Stream,Field Msr/Obs,Surface Water,3/15/2024,Probe/Sensor,"Temperature, air",1,deg C
Sault Ste. Marie Water Rangers Task Team,11710,Root River:Root River Hwy 17E,46.5459338,-84.2184019,River/Stream,Field Msr/Obs,Surface Water,3/10/2024,Probe/Sensor,"Temperature, water",4,deg C
Sault Ste. Marie Water Rangers Task Team,11712,Fort Creek:Fort Creek Channel at Carmen's Way,46.5363508,-84.3442512,River/Stream,Field Msr/Obs,Surface Water,5/12/2024,Test strip,"Alkalinity, total",60,mg/L
Sault Ste. Marie Water Rangers Task Team,11713,East Davignon Creek:East Davignon Farwell Terrace (near Tim Hortons),46.5367668,-84.3616748,River/Stream,Field Msr/Obs,Surface Water,5/12/2024,,pH,6.8,None
Sault Ste. Marie Water Rangers Task Team,11719,SSM TEST SITE:SSM TEST SITE,46.5038247,-84.2879248,Unspecified,Field Msr/Obs,Surface Water,2/23/2024,Secchi Disk,Depth of water column,2,m
Sault Ste. Marie Water Rangers Task Team,11705,Coldwater Creek:Lower Coldwater Creek Case Rd,46.5646992,-84.2689991,River/Stream,Field Msr/Obs,Surface Water,3/10/2024,Probe/Sensor,Dissolved oxygen (DO),10,mg/L
Sault Ste. Marie Water Rangers Task Team,11708,Root River:Root River off Hwy 17 N (near Teen Challenge),46.5717047,-84.3206692,River/Stream,Field Msr/Obs,Surface Water,5/5/2024,Probe/Sensor,"Temperature, air",5,deg C
Sault Ste. Marie Water Rangers Task Team,11702,Cold Water Creek:Cold Water Creek at Old Garden River Road,46.5636057,-84.2783117,River/Stream,Field Msr/Obs,Surface Water,3/27/2024,Probe/Sensor,Conductivity,183,uS/cm
Sault Ste. Marie Water Rangers Task Team,11712,Fort Creek:Fort Creek Channel at Carmen's Way,46.5363508,-84.3442512,River/Stream,Field Msr/Obs,Surface Water,4/14/2024,Probe/Sensor,"Temperature, water",7.3,deg C
Sault Ste. Marie Water Rangers Task Team,11716,Big Carp River:Big Carp River Herkimer Rd,46.5062632,-84.4498873,River/Stream,Field Msr/Obs,Surface Water,5/24/2024,,pH,6.4,None
Sault Ste. Marie Water Rangers Task Team,11716,Big Carp River:Big Carp River Herkimer Rd,46.5062632,-84.4498873,River/Stream,Field Msr/Obs,Surface Water,3/31/2024,Probe/Sensor,Dissolved oxygen (DO),11,mg/L
Sault Ste. Marie Water Rangers Task Team,11711,Duck pond:Bellevue Park duck pond,46.5004401,-84.2993188,Lake/Pond,Field Msr/Obs,Surface Water,4/7/2024,Test strip,"Alkalinity, total",120,mg/L
Sault Ste. Marie Water Rangers Task Team,11709,Canon Creek:Canon Creek Old Goulais Bay Rd,46.5915743,-84.3430281,River/Stream,Field Msr/Obs,Surface Water,5/12/2024,Test strip,Chlorine,0,ppm
Sault Ste. Marie Water Rangers Task Team,11714,West Davignon Creek:West Davignon Brookfield Ave,46.5307892,-84.3968654,River/Stream,Field Msr/Obs,Surface Water,3/10/2024,Test strip,Total hardness,0,mg/L
Sault Ste. Marie Water Rangers Task Team,11711,Duck pond:Bellevue Park duck pond,46.5004401,-84.2993188,Lake/Pond,Field Msr/Obs,Surface Water,3/10/2024,Probe/Sensor,Conductivity,496,uS/cm
Sault Ste. Marie Water Rangers Task Team,11711,Duck pond:Bellevue Park duck pond,46.5004401,-84.2993188,Lake/Pond,Field Msr/Obs,Surface Water,4/7/2024,Probe/Sensor,Conductivity,450,uS/cm
Sault Ste. Marie Water Rangers Task Team,11715,Little Carp River:Little Carp River Carpin Beach Rd,46.5097352,-84.4441581,River/Stream,Field Msr/Obs,Surface Water,4/6/2024,Probe/Sensor,"Temperature, water",4.6,deg C
Sault Ste. Marie Water Rangers Task Team,11704,Root River:Root River Wishart Park,46.5637702,-84.2936325,River/Stream,Field Msr/Obs,Surface Water,6/14/2024,Probe/Sensor,Conductivity,112,uS/cm
Sault Ste. Marie Water Rangers Task Team,11702,Cold Water Creek:Cold Water Creek at Old Garden River Road,46.5636057,-84.2783117,River/Stream,Field Msr/Obs,Surface Water,4/5/2024,Secchi Disk,Depth of water column,0.67,m
Sault Ste. Marie Water Rangers Task Team,11703,Root River:Root River Old Garden River,46.5629144,-84.2812943,River/Stream,Field Msr/Obs,Surface Water,5/10/2024,Probe/Sensor,"Temperature, water",16.2,deg C
Sault Ste. Marie Water Rangers Task Team,11710,Root River:Root River Hwy 17E,46.5459338,-84.2184019,River/Stream,Field Msr/Obs,Surface Water,3/15/2024,Probe/Sensor,Conductivity,72,uS/cm
Sault Ste. Marie Water Rangers Task Team,11716,Big Carp River:Big Carp River Herkimer Rd,46.5062632,-84.4498873,River/Stream,Field Msr/Obs,Surface Water,4/6/2024,,pH,6.4,None
Sault Ste. Marie Water Rangers Task Team,11702,Cold Water Creek:Cold Water Creek at Old Garden River Road,46.5636057,-84.2783117,River/Stream,Field Msr/Obs,Surface Water,5/19/2024,Test strip,"Alkalinity, total",0,mg/L
Sault Ste. Marie Water Rangers Task Team,11716,Big Carp River:Big Carp River Herkimer Rd,46.5062632,-84.4498873,River/Stream,Field Msr/Obs,Surface Water,4/13/2024,Probe/Sensor,"Temperature, air",6,deg C
Sault Ste. Marie Water Rangers Task Team,11714,West Davignon Creek:West Davignon Brookfield Ave,46.5307892,-84.3968654,River/Stream,Field Msr/Obs,Surface Water,3/31/2024,Probe/Sensor,Conductivity,46,uS/cm
Sault Ste. Marie Water Rangers Task Team,11711,Duck pond:Bellevue Park duck pond,46.5004401,-84.2993188,Lake/Pond,Field Msr/Obs,Surface Water,3/15/2024,Test strip,"Alkalinity, total",120,mg/L
Sault Ste. Marie Water Rangers Task Team,11717,Upper Carp River:Upper Carp River at Creek Rd/Third Line W,46.5480272,-84.4551659,River/Stream,Field Msr/Obs,Surface Water,5/10/2024,Secchi Disk,Depth of water column,1,m
Sault Ste. Marie Water Rangers Task Team,11713,East Davignon Creek:East Davignon Farwell Terrace (near Tim Hortons),46.5367668,-84.3616748,River/Stream,Field Msr/Obs,Surface Water,4/7/2024,Test strip,Chlorine,0,ppm
Sault Ste. Marie Water Rangers Task Team,11718,East Davignon Creek:East Davignon Creek Allens Side (N of 2nd Ln W),46.559108,-84.4037962,River/Stream,Field Msr/Obs,Surface Water,5/10/2024,Probe/Sensor,Conductivity,33,uS/cm
Sault Ste. Marie Water Rangers Task Team,11715,Little Carp River:Little Carp River Carpin Beach Rd,46.5097352,-84.4441581,River/Stream,Field Msr/Obs,Surface Water,4/19/2024,,pH,6.4,None
Sault Ste. Marie Water Rangers Task Team,11702,Cold Water Creek:Cold Water Creek at Old Garden River Road,46.5636057,-84.2783117,River/Stream,Field Msr/Obs,Surface Water,5/10/2024,Secchi Disk,Depth of water column,0.4,m
Sault Ste. Marie Water Rangers Task Team,11704,Root River:Root River Wishart Park,46.5637702,-84.2936325,River/Stream,Field Msr/Obs,Surface Water,5/11/2024,,pH,6.4,None
Sault Ste. Marie Water Rangers Task Team,11708,Root River:Root River off Hwy 17 N (near Teen Challenge),46.5717047,-84.3206692,River/Stream,Field Msr/Obs,Surface Water,3/10/2024,Probe/Sensor,Dissolved oxygen (DO),10,mg/L
Sault Ste. Marie Water Rangers Task Team,11707,Root River Branch:Root River Branch Fourth Line E,46.5676351,-84.3005633,River/Stream,Field Msr/Obs,Surface Water,4/21/2024,Probe/Sensor,Dissolved oxygen (DO),9,mg/L
Sault Ste. Marie Water Rangers Task Team,11702,Cold Water Creek:Cold Water Creek at Old Garden River Road,46.5636057,-84.2783117,River/Stream,Field Msr/Obs,Surface Water,4/12/2024,,pH,6.4,None
Sault Ste. Marie Water Rangers Task Team,11702,Cold Water Creek:Cold Water Creek at Old Garden River Road,46.5636057,-84.2783117,River/Stream,Field Msr/Obs,Surface Water,4/12/2024,Test strip,Total hardness,0,mg/L
Sault Ste. Marie Water Rangers Task Team,11714,West Davignon Creek:West Davignon Brookfield Ave,46.5307892,-84.3968654,River/Stream,Field Msr/Obs,Surface Water,4/14/2024,Secchi Disk,Depth of water column,0.2,m
Sault Ste. Marie Water Rangers Task Team,11708,Root River:Root River off Hwy 17 N (near Teen Challenge),46.5717047,-84.3206692,River/Stream,Field Msr/Obs,Surface Water,5/5/2024,Probe/Sensor,"Temperature, water",10.8,deg C
Sault Ste. Marie Water Rangers Task Team,11704,Root River:Root River Wishart Park,46.5637702,-84.2936325,River/Stream,Field Msr/Obs,Surface Water,3/10/2024,Secchi Disk,"Depth, Secchi disk depth",0.3,m
Sault Ste. Marie Water Rangers Task Team,11716,Big Carp River:Big Carp River Herkimer Rd,46.5062632,-84.4498873,River/Stream,Field Msr/Obs,Surface Water,5/24/2024,Probe/Sensor,"Temperature, air",16,deg C
Sault Ste. Marie Water Rangers Task Team,11715,Little Carp River:Little Carp River Carpin Beach Rd,46.5097352,-84.4441581,River/Stream,Field Msr/Obs,Surface Water,4/19/2024,Secchi Disk,Depth of water column,1.72,m
Sault Ste. Marie Water Rangers Task Team,11718,East Davignon Creek:East Davignon Creek Allens Side (N of 2nd Ln W),46.559108,-84.4037962,River/Stream,Field Msr/Obs,Surface Water,4/6/2024,Probe/Sensor,Dissolved oxygen (DO),12,mg/L
Sault Ste. Marie Water Rangers Task Team,11713,East Davignon Creek:East Davignon Farwell Terrace (near Tim Hortons),46.5367668,-84.3616748,River/Stream,Field Msr/Obs,Surface Water,4/28/2024,Probe/Sensor,"Temperature, water",7.1,deg C
Sault Ste. Marie Water Rangers Task Team,11714,West Davignon Creek:West Davignon Brookfield Ave,46.5307892,-84.3968654,River/Stream,Field Msr/Obs,Surface Water,4/14/2024,Probe/Sensor,"Temperature, air",5,deg C
Sault Ste. Marie Water Rangers Task Team,11713,East Davignon Creek:East Davignon Farwell Terrace (near Tim Hortons),46.5367668,-84.3616748,River/Stream,Field Msr/Obs,Surface Water,3/9/2024,Probe/Sensor,"Temperature, air",7,deg C
Sault Ste. Marie Water Rangers Task Team,11709,Canon Creek:Canon Creek Old Goulais Bay Rd,46.5915743,-84.3430281,River/Stream,Field Msr/Obs,Surface Water,4/26/2024,Probe/Sensor,"Temperature, air",13,deg C
Sault Ste. Marie Water Rangers Task Team,11703,Root River:Root River Old Garden River,46.5629144,-84.2812943,River/Stream,Field Msr/Obs,Surface Water,5/27/2024,Test strip,Chlorine,0,ppm
Sault Ste. Marie Water Rangers Task Team,11718,East Davignon Creek:East Davignon Creek Allens Side (N of 2nd Ln W),46.559108,-84.4037962,River/Stream,Field Msr/Obs,Surface Water,4/6/2024,Test strip,Chlorine,0,ppm
Sault Ste. Marie Water Rangers Task Team,11704,Root River:Root River Wishart Park,46.5637702,-84.2936325,River/Stream,Field Msr/Obs,Surface Water,4/12/2024,Probe/Sensor,Conductivity,70,uS/cm
Sault Ste. Marie Water Rangers Task Team,11714,West Davignon Creek:West Davignon Brookfield Ave,46.5307892,-84.3968654,River/Stream,Field Msr/Obs,Surface Water,3/8/2024,Test strip,Chlorine,0,ppm
Sault Ste. Marie Water Rangers Task Team,11716,Big Carp River:Big Carp River Herkimer Rd,46.5062632,-84.4498873,River/Stream,Field Msr/Obs,Surface Water,4/13/2024,,pH,6.4,None
Sault Ste. Marie Water Rangers Task Team,11716,Big Carp River:Big Carp River Herkimer Rd,46.5062632,-84.4498873,River/Stream,Field Msr/Obs,Surface Water,6/14/2024,Probe/Sensor,"Temperature, water",16.8,deg C
Sault Ste. Marie Water Rangers Task Team,11715,Little Carp River:Little Carp River Carpin Beach Rd,46.5097352,-84.4441581,River/Stream,Field Msr/Obs,Surface Water,5/18/2024,Secchi Disk,Depth of water column,0.1,m
Sault Ste. Marie Water Rangers Task Team,11703,Root River:Root River Old Garden River,46.5629144,-84.2812943,River/Stream,Field Msr/Obs,Surface Water,5/12/2024,,pH,6.4,None
Sault Ste. Marie Water Rangers Task Team,11706,Root River:Root River Fourth Line E,46.5672083,-84.3063569,River/Stream,Field Msr/Obs,Surface Water,3/10/2024,Probe/Sensor,"Temperature, water",3.2,deg C
Sault Ste. Marie Water Rangers Task Team,11710,Root River:Root River Hwy 17E,46.5459338,-84.2184019,River/Stream,Field Msr/Obs,Surface Water,5/11/2024,Test strip,Total hardness,0,mg/L
Sault Ste. Marie Water Rangers Task Team,11704,Root River:Root River Wishart Park,46.5637702,-84.2936325,River/Stream,Field Msr/Obs,Surface Water,4/5/2024,Probe/Sensor,Conductivity,50,uS/cm
Sault Ste. Marie Water Rangers Task Team,11718,East Davignon Creek:East Davignon Creek Allens Side (N of 2nd Ln W),46.559108,-84.4037962,River/Stream,Field Msr/Obs,Surface Water,6/8/2024,Secchi Disk,Depth of water column,0.5,m
Sault Ste. Marie Water Rangers Task Team,11718,East Davignon Creek:East Davignon Creek Allens Side (N of 2nd Ln W),46.559108,-84.4037962,River/Stream,Field Msr/Obs,Surface Water,4/19/2024,,pH,6.4,None
Sault Ste. Marie Water Rangers Task Team,11702,Cold Water Creek:Cold Water Creek at Old Garden River Road,46.5636057,-84.2783117,River/Stream,Field Msr/Obs,Surface Water,5/27/2024,Probe/Sensor,"Temperature, air",21,deg C
Sault Ste. Marie Water Rangers Task Team,11707,Root River Branch:Root River Branch Fourth Line E,46.5676351,-84.3005633,River/Stream,Field Msr/Obs,Surface Water,5/11/2024,Secchi Disk,Depth of water column,0.13,m
Sault Ste. Marie Water Rangers Task Team,11704,Root River:Root River Wishart Park,46.5637702,-84.2936325,River/Stream,Field Msr/Obs,Surface Water,4/12/2024,Probe/Sensor,"Temperature, air",8,deg C
Sault Ste. Marie Water Rangers Task Team,11713,East Davignon Creek:East Davignon Farwell Terrace (near Tim Hortons),46.5367668,-84.3616748,River/Stream,Field Msr/Obs,Surface Water,5/12/2024,Probe/Sensor,"Temperature, air",9,deg C
Sault Ste. Marie Water Rangers Task Team,11712,Fort Creek:Fort Creek Channel at Carmen's Way,46.5363508,-84.3442512,River/Stream,Field Msr/Obs,Surface Water,3/8/2024,Test strip,"Alkalinity, total",80,mg/L
Sault Ste. Marie Water Rangers Task Team,11706,Root River:Root River Fourth Line E,46.5672083,-84.3063569,River/Stream,Field Msr/Obs,Surface Water,4/19/2024,Probe/Sensor,Dissolved oxygen (DO),7,mg/L
Sault Ste. Marie Water Rangers Task Team,11702,Cold Water Creek:Cold Water Creek at Old Garden River Road,46.5636057,-84.2783117,River/Stream,Field Msr/Obs,Surface Water,6/10/2024,Secchi Disk,Depth of water column,0.3,m
Sault Ste. Marie Water Rangers Task Team,11713,East Davignon Creek:East Davignon Farwell Terrace (near Tim Hortons),46.5367668,-84.3616748,River/Stream,Field Msr/Obs,Surface Water,3/9/2024,Test strip,Total hardness,20,mg/L
Sault Ste. Marie Water Rangers Task Team,11704,Root River:Root River Wishart Park,46.5637702,-84.2936325,River/Stream,Field Msr/Obs,Surface Water,3/10/2024,Probe/Sensor,Conductivity,39,uS/cm
Sault Ste. Marie Water Rangers Task Team,11710,Root River:Root River Hwy 17E,46.5459338,-84.2184019,River/Stream,Field Msr/Obs,Surface Water,5/11/2024,Probe/Sensor,"Temperature, water",14.1,deg C
Sault Ste. Marie Water Rangers Task Team,11702,Cold Water Creek:Cold Water Creek at Old Garden River Road,46.5636057,-84.2783117,River/Stream,Field Msr/Obs,Surface Water,6/24/2024,Test strip,"Alkalinity, total",0,mg/L
Sault Ste. Marie Water Rangers Task Team,11703,Root River:Root River Old Garden River,46.5629144,-84.2812943,River/Stream,Field Msr/Obs,Surface Water,3/10/2024,Test strip,Total hardness,0,mg/L
Sault Ste. Marie Water Rangers Task Team,11710,Root River:Root River Hwy 17E,46.5459338,-84.2184019,River/Stream,Field Msr/Obs,Surface Water,5/25/2024,,pH,6.4,None
Sault Ste. Marie Water Rangers Task Team,11706,Root River:Root River Fourth Line E,46.5672083,-84.3063569,River/Stream,Field Msr/Obs,Surface Water,3/10/2024,Test strip,Total hardness,0,mg/L
Sault Ste. Marie Water Rangers Task Team,11710,Root River:Root River Hwy 17E,46.5459338,-84.2184019,River/Stream,Field Msr/Obs,Surface Water,5/11/2024,Probe/Sensor,Dissolved oxygen (DO),8,mg/L
Sault Ste. Marie Water Rangers Task Team,11715,Little Carp River:Little Carp River Carpin Beach Rd,46.5097352,-84.4441581,River/Stream,Field Msr/Obs,Surface Water,4/6/2024,Test strip,Total hardness,0,mg/L
Sault Ste. Marie Water Rangers Task Team,11712,Fort Creek:Fort Creek Channel at Carmen's Way,46.5363508,-84.3442512,River/Stream,Field Msr/Obs,Surface Water,4/28/2024,Test strip,Chlorine,0,ppm
Sault Ste. Marie Water Rangers Task Team,11718,East Davignon Creek:East Davignon Creek Allens Side (N of 2nd Ln W),46.559108,-84.4037962,River/Stream,Field Msr/Obs,Surface Water,3/1/2024,,pH,6.6,None
Sault Ste. Marie Water Rangers Task Team,11706,Root River:Root River Fourth Line E,46.5672083,-84.3063569,River/Stream,Field Msr/Obs,Surface Water,5/5/2024,Probe/Sensor,Dissolved oxygen (DO),8,mg/L
Sault Ste. Marie Water Rangers Task Team,11719,SSM TEST SITE:SSM TEST SITE,46.5038247,-84.2879248,Unspecified,Field Msr/Obs,Surface Water,2/23/2024,Probe/Sensor,Conductivity,113,uS/cm
Sault Ste. Marie Water Rangers Task Team,11703,Root River:Root River Old Garden River,46.5629144,-84.2812943,River/Stream,Field Msr/Obs,Surface Water,5/10/2024,Test strip,Total hardness,0,mg/L
Sault Ste. Marie Water Rangers Task Team,11713,East Davignon Creek:East Davignon Farwell Terrace (near Tim Hortons),46.5367668,-84.3616748,River/Stream,Field Msr/Obs,Surface Water,3/8/2024,Test strip,"Alkalinity, total",30,mg/L
Sault Ste. Marie Water Rangers Task Team,11713,East Davignon Creek:East Davignon Farwell Terrace (near Tim Hortons),46.5367668,-84.3616748,River/Stream,Field Msr/Obs,Surface Water,3/15/2024,Test strip,Total hardness,150,mg/L
Sault Ste. Marie Water Rangers Task Team,11712,Fort Creek:Fort Creek Channel at Carmen's Way,46.5363508,-84.3442512,River/Stream,Field Msr/Obs,Surface Water,6/7/2024,Probe/Sensor,"Temperature, water",15.8,deg C
Sault Ste. Marie Water Rangers Task Team,11704,Root River:Root River Wishart Park,46.5637702,-84.2936325,River/Stream,Field Msr/Obs,Surface Water,5/18/2024,Probe/Sensor,"Temperature, air",24,deg C
Sault Ste. Marie Water Rangers Task Team,11713,East Davignon Creek:East Davignon Farwell Terrace (near Tim Hortons),46.5367668,-84.3616748,River/Stream,Field Msr/Obs,Surface Water,3/15/2024,Probe/Sensor,Conductivity,126,uS/cm
Sault Ste. Marie Water Rangers Task Team,11705,Coldwater Creek:Lower Coldwater Creek Case Rd,46.5646992,-84.2689991,River/Stream,Field Msr/Obs,Surface Water,5/10/2024,Probe/Sensor,Conductivity,29,uS/cm
Sault Ste. Marie Water Rangers Task Team,11716,Big Carp River:Big Carp River Herkimer Rd,46.5062632,-84.4498873,River/Stream,Field Msr/Obs,Surface Water,4/19/2024,Secchi Disk,"Depth, Secchi disk depth",0.18,m
Sault Ste. Marie Water Rangers Task Team,11712,Fort Creek:Fort Creek Channel at Carmen's Way,46.5363508,-84.3442512,River/Stream,Field Msr/Obs,Surface Water,4/5/2024,Probe/Sensor,Dissolved oxygen (DO),12,mg/L
Sault Ste. Marie Water Rangers Task Team,11709,Canon Creek:Canon Creek Old Goulais Bay Rd,46.5915743,-84.3430281,River/Stream,Field Msr/Obs,Surface Water,4/21/2024,Probe/Sensor,Dissolved oxygen (DO),7,mg/L
Sault Ste. Marie Water Rangers Task Team,11712,Fort Creek:Fort Creek Channel at Carmen's Way,46.5363508,-84.3442512,River/Stream,Field Msr/Obs,Surface Water,3/1/2024,Probe/Sensor,Dissolved oxygen (DO),12,mg/L
Sault Ste. Marie Water Rangers Task Team,11704,Root River:Root River Wishart Park,46.5637702,-84.2936325,River/Stream,Field Msr/Obs,Surface Water,4/19/2024,Test strip,"Alkalinity, total",0,mg/L
Sault Ste. Marie Water Rangers Task Team,11714,West Davignon Creek:West Davignon Brookfield Ave,46.5307892,-84.3968654,River/Stream,Field Msr/Obs,Surface Water,3/8/2024,Probe/Sensor,Dissolved oxygen (DO),10,mg/L
Sault Ste. Marie Water Rangers Task Team,11715,Little Carp River:Little Carp River Carpin Beach Rd,46.5097352,-84.4441581,River/Stream,Field Msr/Obs,Surface Water,3/27/2024,Test strip,Total hardness,0,mg/L
Sault Ste. Marie Water Rangers Task Team,11710,Root River:Root River Hwy 17E,46.5459338,-84.2184019,River/Stream,Field Msr/Obs,Surface Water,6/14/2024,Probe/Sensor,Conductivity,19,uS/cm
Sault Ste. Marie Water Rangers Task Team,11708,Root River:Root River off Hwy 17 N (near Teen Challenge),46.5717047,-84.3206692,River/Stream,Field Msr/Obs,Surface Water,4/19/2024,Probe/Sensor,Dissolved oxygen (DO),9,mg/L
Sault Ste. Marie Water Rangers Task Team,11704,Root River:Root River Wishart Park,46.5637702,-84.2936325,River/Stream,Field Msr/Obs,Surface Water,4/26/2024,Probe/Sensor,Conductivity,78,uS/cm
Sault Ste. Marie Water Rangers Task Team,11712,Fort Creek:Fort Creek Channel at Carmen's Way,46.5363508,-84.3442512,River/Stream,Field Msr/Obs,Surface Water,4/5/2024,Secchi Disk,Depth of water column,0.3,m
Sault Ste. Marie Water Rangers Task Team,11702,Cold Water Creek:Cold Water Creek at Old Garden River Road,46.5636057,-84.2783117,River/Stream,Field Msr/Obs,Surface Water,3/10/2024,Secchi Disk,Depth of water column,1,m
Sault Ste. Marie Water Rangers Task Team,11713,East Davignon Creek:East Davignon Farwell Terrace (near Tim Hortons),46.5367668,-84.3616748,River/Stream,Field Msr/Obs,Surface Water,3/27/2024,Probe/Sensor,"Temperature, water",1.5,deg C
Sault Ste. Marie Water Rangers Task Team,11715,Little Carp River:Little Carp River Carpin Beach Rd,46.5097352,-84.4441581,River/Stream,Field Msr/Obs,Surface Water,3/27/2024,Probe/Sensor,Conductivity,60,uS/cm
Sault Ste. Marie Water Rangers Task Team,11705,Coldwater Creek:Lower Coldwater Creek Case Rd,46.5646992,-84.2689991,River/Stream,Field Msr/Obs,Surface Water,5/10/2024,Test strip,Chlorine,0,ppm
Sault Ste. Marie Water Rangers Task Team,11717,Upper Carp River:Upper Carp River at Creek Rd/Third Line W,46.5480272,-84.4551659,River/Stream,Field Msr/Obs,Surface Water,4/13/2024,Test strip,"Alkalinity, total",0,mg/L
Sault Ste. Marie Water Rangers Task Team,11706,Root River:Root River Fourth Line E,46.5672083,-84.3063569,River/Stream,Field Msr/Obs,Surface Water,3/27/2024,Probe/Sensor,Dissolved oxygen (DO),10,mg/L
Sault Ste. Marie Water Rangers Task Team,11702,Cold Water Creek:Cold Water Creek at Old Garden River Road,46.5636057,-84.2783117,River/Stream,Field Msr/Obs,Surface Water,4/5/2024,Test strip,Total hardness,0,mg/L
Sault Ste. Marie Water Rangers Task Team,11702,Cold Water Creek:Cold Water Creek at Old Garden River Road,46.5636057,-84.2783117,River/Stream,Field Msr/Obs,Surface Water,3/15/2024,Secchi Disk,Depth of water column,0.46,m
Sault Ste. Marie Water Rangers Task Team,11704,Root River:Root River Wishart Park,46.5637702,-84.2936325,River/Stream,Field Msr/Obs,Surface Water,5/11/2024,Probe/Sensor,Conductivity,73,uS/cm
Sault Ste. Marie Water Rangers Task Team,11702,Cold Water Creek:Cold Water Creek at Old Garden River Road,46.5636057,-84.2783117,River/Stream,Field Msr/Obs,Surface Water,4/12/2024,Probe/Sensor,Dissolved oxygen (DO),8,mg/L
Sault Ste. Marie Water Rangers Task Team,11712,Fort Creek:Fort Creek Channel at Carmen's Way,46.5363508,-84.3442512,River/Stream,Field Msr/Obs,Surface Water,3/1/2024,Probe/Sensor,"Temperature, air",4,deg C
Sault Ste. Marie Water Rangers Task Team,11712,Fort Creek:Fort Creek Channel at Carmen's Way,46.5363508,-84.3442512,River/Stream,Field Msr/Obs,Surface Water,4/28/2024,Probe/Sensor,"Temperature, water",8.2,deg C
Sault Ste. Marie Water Rangers Task Team,11701,St. Marys River:Bellevue Park Topsail Island,46.4952016,-84.297452,River/Stream,Field Msr/Obs,Surface Water,3/15/2024,Test strip,Chlorine,0,ppm
Sault Ste. Marie Water Rangers Task Team,11713,East Davignon Creek:East Davignon Farwell Terrace (near Tim Hortons),46.5367668,-84.3616748,River/Stream,Field Msr/Obs,Surface Water,5/12/2024,Test strip,Chlorine,0,ppm
Sault Ste. Marie Water Rangers Task Team,11714,West Davignon Creek:West Davignon Brookfield Ave,46.5307892,-84.3968654,River/Stream,Field Msr/Obs,Surface Water,3/31/2024,,pH,6.4,None
Sault Ste. Marie Water Rangers Task Team,11714,West Davignon Creek:West Davignon Brookfield Ave,46.5307892,-84.3968654,River/Stream,Field Msr/Obs,Surface Water,5/10/2024,,pH,7.7,None
Sault Ste. Marie Water Rangers Task Team,11711,Duck pond:Bellevue Park duck pond,46.5004401,-84.2993188,Lake/Pond,Field Msr/Obs,Surface Water,3/10/2024,Test strip,Chlorine,0,ppm
Sault Ste. Marie Water Rangers Task Team,11715,Little Carp River:Little Carp River Carpin Beach Rd,46.5097352,-84.4441581,River/Stream,Field Msr/Obs,Surface Water,3/10/2024,Test strip,Total hardness,0,mg/L
Sault Ste. Marie Water Rangers Task Team,11716,Big Carp River:Big Carp River Herkimer Rd,46.5062632,-84.4498873,River/Stream,Field Msr/Obs,Surface Water,6/14/2024,Secchi Disk,"Depth, Secchi disk depth",0.4,m
Sault Ste. Marie Water Rangers Task Team,11715,Little Carp River:Little Carp River Carpin Beach Rd,46.5097352,-84.4441581,River/Stream,Field Msr/Obs,Surface Water,4/6/2024,Test strip,Chlorine,0,ppm
Sault Ste. Marie Water Rangers Task Team,11704,Root River:Root River Wishart Park,46.5637702,-84.2936325,River/Stream,Field Msr/Obs,Surface Water,4/13/2024,Test strip,Chlorine,0,ppm
Sault Ste. Marie Water Rangers Task Team,11717,Upper Carp River:Upper Carp River at Creek Rd/Third Line W,46.5480272,-84.4551659,River/Stream,Field Msr/Obs,Surface Water,5/10/2024,Probe/Sensor,"Temperature, water",14,deg C
Sault Ste. Marie Water Rangers Task Team,11718,East Davignon Creek:East Davignon Creek Allens Side (N of 2nd Ln W),46.559108,-84.4037962,River/Stream,Field Msr/Obs,Surface Water,3/16/2024,Secchi Disk,Depth of water column,0.25,m
Sault Ste. Marie Water Rangers Task Team,11703,Root River:Root River Old Garden River,46.5629144,-84.2812943,River/Stream,Field Msr/Obs,Surface Water,7/7/2024,Probe/Sensor,"Temperature, water",22.8,deg C
Sault Ste. Marie Water Rangers Task Team,11715,Little Carp River:Little Carp River Carpin Beach Rd,46.5097352,-84.4441581,River/Stream,Field Msr/Obs,Surface Water,3/16/2024,Test strip,Total hardness,0,mg/L
Sault Ste. Marie Water Rangers Task Team,11711,Duck pond:Bellevue Park duck pond,46.5004401,-84.2993188,Lake/Pond,Field Msr/Obs,Surface Water,3/15/2024,Secchi Disk,Depth of water column,0.3,m
Sault Ste. Marie Water Rangers Task Team,11716,Big Carp River:Big Carp River Herkimer Rd,46.5062632,-84.4498873,River/Stream,Field Msr/Obs,Surface Water,6/8/2024,Probe/Sensor,Conductivity,71,uS/cm
Sault Ste. Marie Water Rangers Task Team,11718,East Davignon Creek:East Davignon Creek Allens Side (N of 2nd Ln W),46.559108,-84.4037962,River/Stream,Field Msr/Obs,Surface Water,3/10/2024,,pH,6.4,None
Sault Ste. Marie Water Rangers Task Team,11714,West Davignon Creek:West Davignon Brookfield Ave,46.5307892,-84.3968654,River/Stream,Field Msr/Obs,Surface Water,3/10/2024,Probe/Sensor,Dissolved oxygen (DO),12,mg/L
Sault Ste. Marie Water Rangers Task Team,11712,Fort Creek:Fort Creek Channel at Carmen's Way,46.5363508,-84.3442512,River/Stream,Field Msr/Obs,Surface Water,3/8/2024,Probe/Sensor,"Temperature, air",10,deg C
Sault Ste. Marie Water Rangers Task Team,11703,Root River:Root River Old Garden River,46.5629144,-84.2812943,River/Stream,Field Msr/Obs,Surface Water,6/28/2024,,pH,7,None
Sault Ste. Marie Water Rangers Task Team,11712,Fort Creek:Fort Creek Channel at Carmen's Way,46.5363508,-84.3442512,River/Stream,Field Msr/Obs,Surface Water,6/14/2024,Probe/Sensor,Conductivity,585,uS/cm
Sault Ste. Marie Water Rangers Task Team,11702,Cold Water Creek:Cold Water Creek at Old Garden River Road,46.5636057,-84.2783117,River/Stream,Field Msr/Obs,Surface Water,6/10/2024,Probe/Sensor,Dissolved oxygen (DO),11,mg/L
Sault Ste. Marie Water Rangers Task Team,11704,Root River:Root River Wishart Park,46.5637702,-84.2936325,River/Stream,Field Msr/Obs,Surface Water,4/13/2024,Test strip,Total hardness,0,mg/L
Sault Ste. Marie Water Rangers Task Team,11704,Root River:Root River Wishart Park,46.5637702,-84.2936325,River/Stream,Field Msr/Obs,Surface Water,3/15/2024,Probe/Sensor,Dissolved oxygen (DO),8,mg/L
Sault Ste. Marie Water Rangers Task Team,11706,Root River:Root River Fourth Line E,46.5672083,-84.3063569,River/Stream,Field Msr/Obs,Surface Water,4/19/2024,,pH,6.6,None
Sault Ste. Marie Water Rangers Task Team,11704,Root River:Root River Wishart Park,46.5637702,-84.2936325,River/Stream,Field Msr/Obs,Surface Water,4/13/2024,Secchi Disk,Depth of water column,0.57,m
Sault Ste. Marie Water Rangers Task Team,11716,Big Carp River:Big Carp River Herkimer Rd,46.5062632,-84.4498873,River/Stream,Field Msr/Obs,Surface Water,3/31/2024,Test strip,Chlorine,0,ppm
Sault Ste. Marie Water Rangers Task Team,11713,East Davignon Creek:East Davignon Farwell Terrace (near Tim Hortons),46.5367668,-84.3616748,River/Stream,Field Msr/Obs,Surface Water,5/12/2024,Test strip,"Alkalinity, total",20,mg/L
Sault Ste. Marie Water Rangers Task Team,11702,Cold Water Creek:Cold Water Creek at Old Garden River Road,46.5636057,-84.2783117,River/Stream,Field Msr/Obs,Surface Water,6/28/2024,Test strip,Chlorine,0,ppm
Sault Ste. Marie Water Rangers Task Team,11706,Root River:Root River Fourth Line E,46.5672083,-84.3063569,River/Stream,Field Msr/Obs,Surface Water,5/10/2024,Probe/Sensor,Dissolved oxygen (DO),7,mg/L
Sault Ste. Marie Water Rangers Task Team,11702,Cold Water Creek:Cold Water Creek at Old Garden River Road,46.5636057,-84.2783117,River/Stream,Field Msr/Obs,Surface Water,3/1/2024,Test strip,"Alkalinity, total",0,mg/L
Sault Ste. Marie Water Rangers Task Team,11704,Root River:Root River Wishart Park,46.5637702,-84.2936325,River/Stream,Field Msr/Obs,Surface Water,3/15/2024,Test strip,"Alkalinity, total",0,mg/L
Sault Ste. Marie Water Rangers Task Team,11704,Root River:Root River Wishart Park,46.5637702,-84.2936325,River/Stream,Field Msr/Obs,Surface Water,4/19/2024,,pH,6.4,None
Sault Ste. Marie Water Rangers Task Team,11717,Upper Carp River:Upper Carp River at Creek Rd/Third Line W,46.5480272,-84.4551659,River/Stream,Field Msr/Obs,Surface Water,3/27/2024,Probe/Sensor,"Temperature, water",1,deg C
Sault Ste. Marie Water Rangers Task Team,11702,Cold Water Creek:Cold Water Creek at Old Garden River Road,46.5636057,-84.2783117,River/Stream,Field Msr/Obs,Surface Water,4/5/2024,Probe/Sensor,Dissolved oxygen (DO),12,mg/L
Sault Ste. Marie Water Rangers Task Team,11712,Fort Creek:Fort Creek Channel at Carmen's Way,46.5363508,-84.3442512,River/Stream,Field Msr/Obs,Surface Water,4/28/2024,Test strip,Total hardness,200,mg/L
Sault Ste. Marie Water Rangers Task Team,11705,Coldwater Creek:Lower Coldwater Creek Case Rd,46.5646992,-84.2689991,River/Stream,Field Msr/Obs,Surface Water,4/12/2024,Secchi Disk,Depth of water column,0.47,m
Sault Ste. Marie Water Rangers Task Team,11705,Coldwater Creek:Lower Coldwater Creek Case Rd,46.5646992,-84.2689991,River/Stream,Field Msr/Obs,Surface Water,3/15/2024,Test strip,Total hardness,0,mg/L
Sault Ste. Marie Water Rangers Task Team,11709,Canon Creek:Canon Creek Old Goulais Bay Rd,46.5915743,-84.3430281,River/Stream,Field Msr/Obs,Surface Water,3/27/2024,Probe/Sensor,"Temperature, water",2.6,deg C
Sault Ste. Marie Water Rangers Task Team,11713,East Davignon Creek:East Davignon Farwell Terrace (near Tim Hortons),46.5367668,-84.3616748,River/Stream,Field Msr/Obs,Surface Water,6/7/2024,Probe/Sensor,"Temperature, air",14,deg C
Sault Ste. Marie Water Rangers Task Team,11714,West Davignon Creek:West Davignon Brookfield Ave,46.5307892,-84.3968654,River/Stream,Field Msr/Obs,Surface Water,4/14/2024,Test strip,Chlorine,0,ppm
Sault Ste. Marie Water Rangers Task Team,11702,Cold Water Creek:Cold Water Creek at Old Garden River Road,46.5636057,-84.2783117,River/Stream,Field Msr/Obs,Surface Water,5/5/2024,,pH,6.6,None
Sault Ste. Marie Water Rangers Task Team,11707,Root River Branch:Root River Branch Fourth Line E,46.5676351,-84.3005633,River/Stream,Field Msr/Obs,Surface Water,5/24/2024,Test strip,"Alkalinity, total",0,mg/L
Sault Ste. Marie Water Rangers Task Team,11706,Root River:Root River Fourth Line E,46.5672083,-84.3063569,River/Stream,Field Msr/Obs,Surface Water,4/13/2024,,pH,6.8,None
Sault Ste. Marie Water Rangers Task Team,11704,Root River:Root River Wishart Park,46.5637702,-84.2936325,River/Stream,Field Msr/Obs,Surface Water,5/11/2024,Probe/Sensor,Dissolved oxygen (DO),8,mg/L
Sault Ste. Marie Water Rangers Task Team,11703,Root River:Root River Old Garden River,46.5629144,-84.2812943,River/Stream,Field Msr/Obs,Surface Water,5/10/2024,Probe/Sensor,Conductivity,78,uS/cm
Sault Ste. Marie Water Rangers Task Team,11717,Upper Carp River:Upper Carp River at Creek Rd/Third Line W,46.5480272,-84.4551659,River/Stream,Field Msr/Obs,Surface Water,4/19/2024,Test strip,Chlorine,0,ppm
Sault Ste. Marie Water Rangers Task Team,11705,Coldwater Creek:Lower Coldwater Creek Case Rd,46.5646992,-84.2689991,River/Stream,Field Msr/Obs,Surface Water,5/5/2024,Secchi Disk,Depth of water column,0.41,m
Sault Ste. Marie Water Rangers Task Team,11704,Root River:Root River Wishart Park,46.5637702,-84.2936325,River/Stream,Field Msr/Obs,Surface Water,4/13/2024,Test strip,"Alkalinity, total",10,mg/L
Sault Ste. Marie Water Rangers Task Team,11715,Little Carp River:Little Carp River Carpin Beach Rd,46.5097352,-84.4441581,River/Stream,Field Msr/Obs,Surface Water,3/27/2024,,pH,6.4,None
Sault Ste. Marie Water Rangers Task Team,11712,Fort Creek:Fort Creek Channel at Carmen's Way,46.5363508,-84.3442512,River/Stream,Field Msr/Obs,Surface Water,5/12/2024,Probe/Sensor,Dissolved oxygen (DO),9,mg/L
Sault Ste. Marie Water Rangers Task Team,11715,Little Carp River:Little Carp River Carpin Beach Rd,46.5097352,-84.4441581,River/Stream,Field Msr/Obs,Surface Water,4/13/2024,Secchi Disk,Depth of water column,0.27,m
Sault Ste. Marie Water Rangers Task Team,11702,Cold Water Creek:Cold Water Creek at Old Garden River Road,46.5636057,-84.2783117,River/Stream,Field Msr/Obs,Surface Water,3/1/2024,Secchi Disk,Depth of water column,10,m
Sault Ste. Marie Water Rangers Task Team,11707,Root River Branch:Root River Branch Fourth Line E,46.5676351,-84.3005633,River/Stream,Field Msr/Obs,Surface Water,5/5/2024,Probe/Sensor,Conductivity,81,uS/cm
Sault Ste. Marie Water Rangers Task Team,11710,Root River:Root River Hwy 17E,46.5459338,-84.2184019,River/Stream,Field Msr/Obs,Surface Water,6/14/2024,,pH,6.9,None
Sault Ste. Marie Water Rangers Task Team,11713,East Davignon Creek:East Davignon Farwell Terrace (near Tim Hortons),46.5367668,-84.3616748,River/Stream,Field Msr/Obs,Surface Water,3/31/2024,Probe/Sensor,"Temperature, air",-1,deg C
Sault Ste. Marie Water Rangers Task Team,11716,Big Carp River:Big Carp River Herkimer Rd,46.5062632,-84.4498873,River/Stream,Field Msr/Obs,Surface Water,6/8/2024,Probe/Sensor,"Temperature, water",13,deg C
Sault Ste. Marie Water Rangers Task Team,11708,Root River:Root River off Hwy 17 N (near Teen Challenge),46.5717047,-84.3206692,River/Stream,Field Msr/Obs,Surface Water,3/10/2024,Test strip,"Alkalinity, total",0,mg/L
Sault Ste. Marie Water Rangers Task Team,11708,Root River:Root River off Hwy 17 N (near Teen Challenge),46.5717047,-84.3206692,River/Stream,Field Msr/Obs,Surface Water,5/10/2024,Secchi Disk,Depth of water column,0.17,m
Sault Ste. Marie Water Rangers Task Team,11703,Root River:Root River Old Garden River,46.5629144,-84.2812943,River/Stream,Field Msr/Obs,Surface Water,7/24/2024,Test strip,Chlorine,0,ppm
Sault Ste. Marie Water Rangers Task Team,11708,Root River:Root River off Hwy 17 N (near Teen Challenge),46.5717047,-84.3206692,River/Stream,Field Msr/Obs,Surface Water,5/24/2024,Test strip,Total hardness,0,mg/L
Sault Ste. Marie Water Rangers Task Team,11705,Coldwater Creek:Lower Coldwater Creek Case Rd,46.5646992,-84.2689991,River/Stream,Field Msr/Obs,Surface Water,5/5/2024,Probe/Sensor,"Temperature, water",11.5,deg C
Sault Ste. Marie Water Rangers Task Team,11705,Coldwater Creek:Lower Coldwater Creek Case Rd,46.5646992,-84.2689991,River/Stream,Field Msr/Obs,Surface Water,3/15/2024,Test strip,Chlorine,0,ppm
Sault Ste. Marie Water Rangers Task Team,11716,Big Carp River:Big Carp River Herkimer Rd,46.5062632,-84.4498873,River/Stream,Field Msr/Obs,Surface Water,3/16/2024,Probe/Sensor,Dissolved oxygen (DO),9,mg/L
Sault Ste. Marie Water Rangers Task Team,11702,Cold Water Creek:Cold Water Creek at Old Garden River Road,46.5636057,-84.2783117,River/Stream,Field Msr/Obs,Surface Water,3/10/2024,Test strip,Total hardness,0,mg/L
Sault Ste. Marie Water Rangers Task Team,11715,Little Carp River:Little Carp River Carpin Beach Rd,46.5097352,-84.4441581,River/Stream,Field Msr/Obs,Surface Water,3/27/2024,Test strip,"Alkalinity, total",0,mg/L
Sault Ste. Marie Water Rangers Task Team,11716,Big Carp River:Big Carp River Herkimer Rd,46.5062632,-84.4498873,River/Stream,Field Msr/Obs,Surface Water,6/8/2024,Test strip,Total hardness,0,mg/L
Sault Ste. Marie Water Rangers Task Team,11717,Upper Carp River:Upper Carp River at Creek Rd/Third Line W,46.5480272,-84.4551659,River/Stream,Field Msr/Obs,Surface Water,4/13/2024,Secchi Disk,Depth of water column,0.18,m
Sault Ste. Marie Water Rangers Task Team,11713,East Davignon Creek:East Davignon Farwell Terrace (near Tim Hortons),46.5367668,-84.3616748,River/Stream,Field Msr/Obs,Surface Water,4/7/2024,,pH,6.8,None
Sault Ste. Marie Water Rangers Task Team,11717,Upper Carp River:Upper Carp River at Creek Rd/Third Line W,46.5480272,-84.4551659,River/Stream,Field Msr/Obs,Surface Water,5/10/2024,Test strip,Total hardness,0,mg/L
Sault Ste. Marie Water Rangers Task Team,11704,Root River:Root River Wishart Park,46.5637702,-84.2936325,River/Stream,Field Msr/Obs,Surface Water,3/10/2024,Probe/Sensor,Dissolved oxygen (DO),12,mg/L
Sault Ste. Marie Water Rangers Task Team,11712,Fort Creek:Fort Creek Channel at Carmen's Way,46.5363508,-84.3442512,River/Stream,Field Msr/Obs,Surface Water,5/12/2024,,pH,6.8,None
Sault Ste. Marie Water Rangers Task Team,11710,Root River:Root River Hwy 17E,46.5459338,-84.2184019,River/Stream,Field Msr/Obs,Surface Water,4/14/2024,Test strip,Total hardness,100,mg/L
Sault Ste. Marie Water Rangers Task Team,11708,Root River:Root River off Hwy 17 N (near Teen Challenge),46.5717047,-84.3206692,River/Stream,Field Msr/Obs,Surface Water,3/27/2024,Probe/Sensor,"Temperature, air",-1,deg C
Sault Ste. Marie Water Rangers Task Team,11702,Cold Water Creek:Cold Water Creek at Old Garden River Road,46.5636057,-84.2783117,River/Stream,Field Msr/Obs,Surface Water,6/24/2024,Probe/Sensor,"Temperature, water",11.2,deg C
Sault Ste. Marie Water Rangers Task Team,11704,Root River:Root River Wishart Park,46.5637702,-84.2936325,River/Stream,Field Msr/Obs,Surface Water,4/12/2024,Probe/Sensor,"Temperature, water",7.6,deg C
Sault Ste. Marie Water Rangers Task Team,11715,Little Carp River:Little Carp River Carpin Beach Rd,46.5097352,-84.4441581,River/Stream,Field Msr/Obs,Surface Water,3/10/2024,Test strip,Chlorine,0,ppm
Sault Ste. Marie Water Rangers Task Team,11706,Root River:Root River Fourth Line E,46.5672083,-84.3063569,River/Stream,Field Msr/Obs,Surface Water,5/10/2024,,pH,6.4,None
Sault Ste. Marie Water Rangers Task Team,11710,Root River:Root River Hwy 17E,46.5459338,-84.2184019,River/Stream,Field Msr/Obs,Surface Water,5/25/2024,Test strip,Total hardness,0,mg/L
Sault Ste. Marie Water Rangers Task Team,11708,Root River:Root River off Hwy 17 N (near Teen Challenge),46.5717047,-84.3206692,River/Stream,Field Msr/Obs,Surface Water,4/19/2024,Test strip,Total hardness,0,mg/L
Sault Ste. Marie Water Rangers Task Team,11718,East Davignon Creek:East Davignon Creek Allens Side (N of 2nd Ln W),46.559108,-84.4037962,River/Stream,Field Msr/Obs,Surface Water,5/24/2024,Probe/Sensor,Conductivity,48,uS/cm
Sault Ste. Marie Water Rangers Task Team,11702,Cold Water Creek:Cold Water Creek at Old Garden River Road,46.5636057,-84.2783117,River/Stream,Field Msr/Obs,Surface Water,6/24/2024,Test strip,Chlorine,0,ppm
Sault Ste. Marie Water Rangers Task Team,11702,Cold Water Creek:Cold Water Creek at Old Garden River Road,46.5636057,-84.2783117,River/Stream,Field Msr/Obs,Surface Water,7/7/2024,Test strip,"Alkalinity, total",20,mg/L
Sault Ste. Marie Water Rangers Task Team,11714,West Davignon Creek:West Davignon Brookfield Ave,46.5307892,-84.3968654,River/Stream,Field Msr/Obs,Surface Water,3/27/2024,Probe/Sensor,Dissolved oxygen (DO),10,mg/L
Sault Ste. Marie Water Rangers Task Team,11716,Big Carp River:Big Carp River Herkimer Rd,46.5062632,-84.4498873,River/Stream,Field Msr/Obs,Surface Water,4/6/2024,Test strip,Chlorine,0,ppm
Sault Ste. Marie Water Rangers Task Team,11702,Cold Water Creek:Cold Water Creek at Old Garden River Road,46.5636057,-84.2783117,River/Stream,Field Msr/Obs,Surface Water,7/7/2024,Probe/Sensor,"Temperature, air",27,deg C
Sault Ste. Marie Water Rangers Task Team,11718,East Davignon Creek:East Davignon Creek Allens Side (N of 2nd Ln W),46.559108,-84.4037962,River/Stream,Field Msr/Obs,Surface Water,6/7/2024,Test strip,Chlorine,0,ppm
Sault Ste. Marie Water Rangers Task Team,11702,Cold Water Creek:Cold Water Creek at Old Garden River Road,46.5636057,-84.2783117,River/Stream,Field Msr/Obs,Surface Water,3/10/2024,Secchi Disk,"Depth, Secchi disk depth",0.48,m
Sault Ste. Marie Water Rangers Task Team,11704,Root River:Root River Wishart Park,46.5637702,-84.2936325,River/Stream,Field Msr/Obs,Surface Water,3/10/2024,Test strip,Chlorine,0,ppm
Sault Ste. Marie Water Rangers Task Team,11717,Upper Carp River:Upper Carp River at Creek Rd/Third Line W,46.5480272,-84.4551659,River/Stream,Field Msr/Obs,Surface Water,5/10/2024,,pH,6.6,None
Sault Ste. Marie Water Rangers Task Team,11706,Root River:Root River Fourth Line E,46.5672083,-84.3063569,River/Stream,Field Msr/Obs,Surface Water,5/5/2024,Test strip,Chlorine,0,ppm
Sault Ste. Marie Water Rangers Task Team,11718,East Davignon Creek:East Davignon Creek Allens Side (N of 2nd Ln W),46.559108,-84.4037962,River/Stream,Field Msr/Obs,Surface Water,6/8/2024,Probe/Sensor,"Temperature, water",13.2,deg C
Sault Ste. Marie Water Rangers Task Team,11710,Root River:Root River Hwy 17E,46.5459338,-84.2184019,River/Stream,Field Msr/Obs,Surface Water,3/15/2024,Test strip,"Alkalinity, total",0,mg/L
Sault Ste. Marie Water Rangers Task Team,11711,Duck pond:Bellevue Park duck pond,46.5004401,-84.2993188,Lake/Pond,Field Msr/Obs,Surface Water,3/10/2024,Probe/Sensor,Conductivity,496,uS/cm
Sault Ste. Marie Water Rangers Task Team,11706,Root River:Root River Fourth Line E,46.5672083,-84.3063569,River/Stream,Field Msr/Obs,Surface Water,5/17/2024,Probe/Sensor,"Temperature, water",16.7,deg C
Sault Ste. Marie Water Rangers Task Team,11712,Fort Creek:Fort Creek Channel at Carmen's Way,46.5363508,-84.3442512,River/Stream,Field Msr/Obs,Surface Water,6/14/2024,Test strip,Total hardness,140,mg/L
Sault Ste. Marie Water Rangers Task Team,11706,Root River:Root River Fourth Line E,46.5672083,-84.3063569,River/Stream,Field Msr/Obs,Surface Water,5/24/2024,,pH,6.4,None
Sault Ste. Marie Water Rangers Task Team,11707,Root River Branch:Root River Branch Fourth Line E,46.5676351,-84.3005633,River/Stream,Field Msr/Obs,Surface Water,5/5/2024,Test strip,Total hardness,0,mg/L
Sault Ste. Marie Water Rangers Task Team,11713,East Davignon Creek:East Davignon Farwell Terrace (near Tim Hortons),46.5367668,-84.3616748,River/Stream,Field Msr/Obs,Surface Water,6/3/2024,Probe/Sensor,"Temperature, water",18.5,deg C
Sault Ste. Marie Water Rangers Task Team,11708,Root River:Root River off Hwy 17 N (near Teen Challenge),46.5717047,-84.3206692,River/Stream,Field Msr/Obs,Surface Water,3/14/2024,Test strip,Total hardness,0,mg/L
Sault Ste. Marie Water Rangers Task Team,11709,Canon Creek:Canon Creek Old Goulais Bay Rd,46.5915743,-84.3430281,River/Stream,Field Msr/Obs,Surface Water,6/8/2024,,pH,7.2,None
Sault Ste. Marie Water Rangers Task Team,11714,West Davignon Creek:West Davignon Brookfield Ave,46.5307892,-84.3968654,River/Stream,Field Msr/Obs,Surface Water,4/14/2024,Probe/Sensor,"Temperature, water",6.9,deg C
Sault Ste. Marie Water Rangers Task Team,11715,Little Carp River:Little Carp River Carpin Beach Rd,46.5097352,-84.4441581,River/Stream,Field Msr/Obs,Surface Water,3/16/2024,Test strip,"Alkalinity, total",0,mg/L
Sault Ste. Marie Water Rangers Task Team,11702,Cold Water Creek:Cold Water Creek at Old Garden River Road,46.5636057,-84.2783117,River/Stream,Field Msr/Obs,Surface Water,7/24/2024,Probe/Sensor,"Temperature, air",22,deg C
Sault Ste. Marie Water Rangers Task Team,11714,West Davignon Creek:West Davignon Brookfield Ave,46.5307892,-84.3968654,River/Stream,Field Msr/Obs,Surface Water,4/28/2024,Secchi Disk,Depth of water column,6,m
Sault Ste. Marie Water Rangers Task Team,11715,Little Carp River:Little Carp River Carpin Beach Rd,46.5097352,-84.4441581,River/Stream,Field Msr/Obs,Surface Water,5/10/2024,Secchi Disk,Depth of water column,0.12,m
Sault Ste. Marie Water Rangers Task Team,11718,East Davignon Creek:East Davignon Creek Allens Side (N of 2nd Ln W),46.559108,-84.4037962,River/Stream,Field Msr/Obs,Surface Water,5/18/2024,Test strip,Total hardness,0,mg/L
Sault Ste. Marie Water Rangers Task Team,11704,Root River:Root River Wishart Park,46.5637702,-84.2936325,River/Stream,Field Msr/Obs,Surface Water,4/5/2024,Probe/Sensor,"Temperature, air",6,deg C
Sault Ste. Marie Water Rangers Task Team,11718,East Davignon Creek:East Davignon Creek Allens Side (N of 2nd Ln W),46.559108,-84.4037962,River/Stream,Field Msr/Obs,Surface Water,4/6/2024,Probe/Sensor,Conductivity,23,uS/cm
Sault Ste. Marie Water Rangers Task Team,11702,Cold Water Creek:Cold Water Creek at Old Garden River Road,46.5636057,-84.2783117,River/Stream,Field Msr/Obs,Surface Water,6/24/2024,Test strip,Total hardness,0,mg/L
Sault Ste. Marie Water Rangers Task Team,11717,Upper Carp River:Upper Carp River at Creek Rd/Third Line W,46.5480272,-84.4551659,River/Stream,Field Msr/Obs,Surface Water,5/24/2024,Test strip,"Alkalinity, total",0,mg/L
Sault Ste. Marie Water Rangers Task Team,11707,Root River Branch:Root River Branch Fourth Line E,46.5676351,-84.3005633,River/Stream,Field Msr/Obs,Surface Water,5/24/2024,Probe/Sensor,"Temperature, air",20,deg C
Sault Ste. Marie Water Rangers Task Team,11710,Root River:Root River Hwy 17E,46.5459338,-84.2184019,River/Stream,Field Msr/Obs,Surface Water,6/14/2024,Test strip,Chlorine,0,ppm
Sault Ste. Marie Water Rangers Task Team,11711,Duck pond:Bellevue Park duck pond,46.5004401,-84.2993188,Lake/Pond,Field Msr/Obs,Surface Water,4/23/2024,Secchi Disk,"Depth, Secchi disk depth",0,m
Sault Ste. Marie Water Rangers Task Team,11713,East Davignon Creek:East Davignon Farwell Terrace (near Tim Hortons),46.5367668,-84.3616748,River/Stream,Field Msr/Obs,Surface Water,6/3/2024,,pH,8.4,None
Sault Ste. Marie Water Rangers Task Team,11703,Root River:Root River Old Garden River,46.5629144,-84.2812943,River/Stream,Field Msr/Obs,Surface Water,7/24/2024,Test strip,Total hardness,0,mg/L
Sault Ste. Marie Water Rangers Task Team,11716,Big Carp River:Big Carp River Herkimer Rd,46.5062632,-84.4498873,River/Stream,Field Msr/Obs,Surface Water,6/14/2024,Test strip,Chlorine,0,ppm
Sault Ste. Marie Water Rangers Task Team,11716,Big Carp River:Big Carp River Herkimer Rd,46.5062632,-84.4498873,River/Stream,Field Msr/Obs,Surface Water,5/18/2024,Probe/Sensor,"Temperature, water",16.6,deg C
Sault Ste. Marie Water Rangers Task Team,11718,East Davignon Creek:East Davignon Creek Allens Side (N of 2nd Ln W),46.559108,-84.4037962,River/Stream,Field Msr/Obs,Surface Water,3/16/2024,Test strip,Total hardness,0,mg/L
Sault Ste. Marie Water Rangers Task Team,11707,Root River Branch:Root River Branch Fourth Line E,46.5676351,-84.3005633,River/Stream,Field Msr/Obs,Surface Water,4/21/2024,Test strip,Total hardness,0,mg/L
Sault Ste. Marie Water Rangers Task Team,11711,Duck pond:Bellevue Park duck pond,46.5004401,-84.2993188,Lake/Pond,Field Msr/Obs,Surface Water,3/10/2024,Test strip,Total hardness,200,mg/L
Sault Ste. Marie Water Rangers Task Team,11705,Coldwater Creek:Lower Coldwater Creek Case Rd,46.5646992,-84.2689991,River/Stream,Field Msr/Obs,Surface Water,4/7/2024,Probe/Sensor,"Temperature, water",7.9,deg C
Sault Ste. Marie Water Rangers Task Team,11714,West Davignon Creek:West Davignon Brookfield Ave,46.5307892,-84.3968654,River/Stream,Field Msr/Obs,Surface Water,4/5/2024,Probe/Sensor,Dissolved oxygen (DO),11,mg/L
Sault Ste. Marie Water Rangers Task Team,11718,East Davignon Creek:East Davignon Creek Allens Side (N of 2nd Ln W),46.559108,-84.4037962,River/Stream,Field Msr/Obs,Surface Water,5/24/2024,Test strip,"Alkalinity, total",0,mg/L
Sault Ste. Marie Water Rangers Task Team,11705,Coldwater Creek:Lower Coldwater Creek Case Rd,46.5646992,-84.2689991,River/Stream,Field Msr/Obs,Surface Water,4/12/2024,,pH,6.4,None
Sault Ste. Marie Water Rangers Task Team,11704,Root River:Root River Wishart Park,46.5637702,-84.2936325,River/Stream,Field Msr/Obs,Surface Water,4/12/2024,,pH,6.4,None
Sault Ste. Marie Water Rangers Task Team,11704,Root River:Root River Wishart Park,46.5637702,-84.2936325,River/Stream,Field Msr/Obs,Surface Water,3/10/2024,Probe/Sensor,Dissolved oxygen (DO),12,mg/L
Sault Ste. Marie Water Rangers Task Team,11711,Duck pond:Bellevue Park duck pond,46.5004401,-84.2993188,Lake/Pond,Field Msr/Obs,Surface Water,5/17/2024,Test strip,Chlorine,0,ppm
Sault Ste. Marie Water Rangers Task Team,11708,Root River:Root River off Hwy 17 N (near Teen Challenge),46.5717047,-84.3206692,River/Stream,Field Msr/Obs,Surface Water,3/14/2024,Probe/Sensor,Dissolved oxygen (DO),10,mg/L
Sault Ste. Marie Water Rangers Task Team,11716,Big Carp River:Big Carp River Herkimer Rd,46.5062632,-84.4498873,River/Stream,Field Msr/Obs,Surface Water,6/14/2024,,pH,7.5,None
Sault Ste. Marie Water Rangers Task Team,11717,Upper Carp River:Upper Carp River at Creek Rd/Third Line W,46.5480272,-84.4551659,River/Stream,Field Msr/Obs,Surface Water,4/19/2024,Probe/Sensor,Conductivity,27,uS/cm
Sault Ste. Marie Water Rangers Task Team,11706,Root River:Root River Fourth Line E,46.5672083,-84.3063569,River/Stream,Field Msr/Obs,Surface Water,4/13/2024,Secchi Disk,Depth of water column,0.37,m
Sault Ste. Marie Water Rangers Task Team,11703,Root River:Root River Old Garden River,46.5629144,-84.2812943,River/Stream,Field Msr/Obs,Surface Water,6/28/2024,Probe/Sensor,Conductivity,86,uS/cm
Sault Ste. Marie Water Rangers Task Team,11710,Root River:Root River Hwy 17E,46.5459338,-84.2184019,River/Stream,Field Msr/Obs,Surface Water,6/21/2024,,pH,7.4,None
Sault Ste. Marie Water Rangers Task Team,11705,Coldwater Creek:Lower Coldwater Creek Case Rd,46.5646992,-84.2689991,River/Stream,Field Msr/Obs,Surface Water,3/10/2024,Probe/Sensor,Conductivity,23,uS/cm
Sault Ste. Marie Water Rangers Task Team,11712,Fort Creek:Fort Creek Channel at Carmen's Way,46.5363508,-84.3442512,River/Stream,Field Msr/Obs,Surface Water,4/14/2024,Probe/Sensor,Dissolved oxygen (DO),12,mg/L
Sault Ste. Marie Water Rangers Task Team,11712,Fort Creek:Fort Creek Channel at Carmen's Way,46.5363508,-84.3442512,River/Stream,Field Msr/Obs,Surface Water,3/31/2024,Probe/Sensor,"Temperature, air",-1,deg C
Sault Ste. Marie Water Rangers Task Team,11713,East Davignon Creek:East Davignon Farwell Terrace (near Tim Hortons),46.5367668,-84.3616748,River/Stream,Field Msr/Obs,Surface Water,6/7/2024,Test strip,"Alkalinity, total",50,mg/L
Sault Ste. Marie Water Rangers Task Team,11707,Root River Branch:Root River Branch Fourth Line E,46.5676351,-84.3005633,River/Stream,Field Msr/Obs,Surface Water,7/25/2024,Secchi Disk,Depth of water column,0.17,m
Sault Ste. Marie Water Rangers Task Team,11713,East Davignon Creek:East Davignon Farwell Terrace (near Tim Hortons),46.5367668,-84.3616748,River/Stream,Field Msr/Obs,Surface Water,3/8/2024,Probe/Sensor,"Temperature, water",4.1,deg C
Sault Ste. Marie Water Rangers Task Team,11717,Upper Carp River:Upper Carp River at Creek Rd/Third Line W,46.5480272,-84.4551659,River/Stream,Field Msr/Obs,Surface Water,4/19/2024,Test strip,Total hardness,0,mg/L
Sault Ste. Marie Water Rangers Task Team,11712,Fort Creek:Fort Creek Channel at Carmen's Way,46.5363508,-84.3442512,River/Stream,Field Msr/Obs,Surface Water,4/14/2024,Test strip,Chlorine,0,ppm
Sault Ste. Marie Water Rangers Task Team,11704,Root River:Root River Wishart Park,46.5637702,-84.2936325,River/Stream,Field Msr/Obs,Surface Water,6/21/2024,Probe/Sensor,Conductivity,141,uS/cm
Sault Ste. Marie Water Rangers Task Team,11714,West Davignon Creek:West Davignon Brookfield Ave,46.5307892,-84.3968654,River/Stream,Field Msr/Obs,Surface Water,3/27/2024,Test strip,Total hardness,0,mg/L
Sault Ste. Marie Water Rangers Task Team,11709,Canon Creek:Canon Creek Old Goulais Bay Rd,46.5915743,-84.3430281,River/Stream,Field Msr/Obs,Surface Water,3/15/2024,Probe/Sensor,"Temperature, air",10,deg C
Sault Ste. Marie Water Rangers Task Team,11703,Root River:Root River Old Garden River,46.5629144,-84.2812943,River/Stream,Field Msr/Obs,Surface Water,6/14/2024,,pH,6.5,None
Sault Ste. Marie Water Rangers Task Team,11707,Root River Branch:Root River Branch Fourth Line E,46.5676351,-84.3005633,River/Stream,Field Msr/Obs,Surface Water,6/22/2024,,pH,6.4,None
Sault Ste. Marie Water Rangers Task Team,11718,East Davignon Creek:East Davignon Creek Allens Side (N of 2nd Ln W),46.559108,-84.4037962,River/Stream,Field Msr/Obs,Surface Water,3/27/2024,Test strip,Chlorine,0,ppm
Sault Ste. Marie Water Rangers Task Team,11717,Upper Carp River:Upper Carp River at Creek Rd/Third Line W,46.5480272,-84.4551659,River/Stream,Field Msr/Obs,Surface Water,5/18/2024,Probe/Sensor,Dissolved oxygen (DO),10,mg/L
Sault Ste. Marie Water Rangers Task Team,11708,Root River:Root River off Hwy 17 N (near Teen Challenge),46.5717047,-84.3206692,River/Stream,Field Msr/Obs,Surface Water,3/10/2024,Secchi Disk,Depth of water column,4,m
Sault Ste. Marie Water Rangers Task Team,11711,Duck pond:Bellevue Park duck pond,46.5004401,-84.2993188,Lake/Pond,Field Msr/Obs,Surface Water,4/14/2024,Probe/Sensor,"Temperature, air",7,deg C
Sault Ste. Marie Water Rangers Task Team,11712,Fort Creek:Fort Creek Channel at Carmen's Way,46.5363508,-84.3442512,River/Stream,Field Msr/Obs,Surface Water,3/27/2024,Probe/Sensor,Conductivity,323,uS/cm
Sault Ste. Marie Water Rangers Task Team,11712,Fort Creek:Fort Creek Channel at Carmen's Way,46.5363508,-84.3442512,River/Stream,Field Msr/Obs,Surface Water,5/12/2024,Test strip,Total hardness,150,mg/L
Sault Ste. Marie Water Rangers Task Team,11706,Root River:Root River Fourth Line E,46.5672083,-84.3063569,River/Stream,Field Msr/Obs,Surface Water,3/27/2024,Probe/Sensor,"Temperature, air",0,deg C
Sault Ste. Marie Water Rangers Task Team,11715,Little Carp River:Little Carp River Carpin Beach Rd,46.5097352,-84.4441581,River/Stream,Field Msr/Obs,Surface Water,4/6/2024,Probe/Sensor,Conductivity,67,uS/cm
Sault Ste. Marie Water Rangers Task Team,11710,Root River:Root River Hwy 17E,46.5459338,-84.2184019,River/Stream,Field Msr/Obs,Surface Water,5/25/2024,Probe/Sensor,"Temperature, air",16,deg C
Sault Ste. Marie Water Rangers Task Team,11718,East Davignon Creek:East Davignon Creek Allens Side (N of 2nd Ln W),46.559108,-84.4037962,River/Stream,Field Msr/Obs,Surface Water,5/24/2024,Probe/Sensor,"Temperature, air",19,deg C
Sault Ste. Marie Water Rangers Task Team,11704,Root River:Root River Wishart Park,46.5637702,-84.2936325,River/Stream,Field Msr/Obs,Surface Water,6/14/2024,Secchi Disk,Depth of water column,0.24,m
Sault Ste. Marie Water Rangers Task Team,11714,West Davignon Creek:West Davignon Brookfield Ave,46.5307892,-84.3968654,River/Stream,Field Msr/Obs,Surface Water,3/31/2024,Probe/Sensor,"Temperature, water",1.9,deg C
Sault Ste. Marie Water Rangers Task Team,11705,Coldwater Creek:Lower Coldwater Creek Case Rd,46.5646992,-84.2689991,River/Stream,Field Msr/Obs,Surface Water,5/5/2024,Probe/Sensor,"Temperature, air",5,deg C
Sault Ste. Marie Water Rangers Task Team,11717,Upper Carp River:Upper Carp River at Creek Rd/Third Line W,46.5480272,-84.4551659,River/Stream,Field Msr/Obs,Surface Water,4/13/2024,Probe/Sensor,Dissolved oxygen (DO),12,mg/L
Sault Ste. Marie Water Rangers Task Team,11710,Root River:Root River Hwy 17E,46.5459338,-84.2184019,River/Stream,Field Msr/Obs,Surface Water,4/14/2024,,pH,6.4,None
Sault Ste. Marie Water Rangers Task Team,11708,Root River:Root River off Hwy 17 N (near Teen Challenge),46.5717047,-84.3206692,River/Stream,Field Msr/Obs,Surface Water,3/27/2024,Probe/Sensor,"Temperature, water",1.9,deg C
Sault Ste. Marie Water Rangers Task Team,11714,West Davignon Creek:West Davignon Brookfield Ave,46.5307892,-84.3968654,River/Stream,Field Msr/Obs,Surface Water,3/8/2024,Secchi Disk,Depth of water column,0.4,m
Sault Ste. Marie Water Rangers Task Team,11702,Cold Water Creek:Cold Water Creek at Old Garden River Road,46.5636057,-84.2783117,River/Stream,Field Msr/Obs,Surface Water,3/1/2024,Test strip,Chlorine,0,ppm
Sault Ste. Marie Water Rangers Task Team,11710,Root River:Root River Hwy 17E,46.5459338,-84.2184019,River/Stream,Field Msr/Obs,Surface Water,6/21/2024,Test strip,Chlorine,0,ppm
Sault Ste. Marie Water Rangers Task Team,11714,West Davignon Creek:West Davignon Brookfield Ave,46.5307892,-84.3968654,River/Stream,Field Msr/Obs,Surface Water,3/27/2024,Probe/Sensor,"Temperature, water",1.9,deg C
Sault Ste. Marie Water Rangers Task Team,11704,Root River:Root River Wishart Park,46.5637702,-84.2936325,River/Stream,Field Msr/Obs,Surface Water,4/26/2024,,pH,6.4,None
Sault Ste. Marie Water Rangers Task Team,11715,Little Carp River:Little Carp River Carpin Beach Rd,46.5097352,-84.4441581,River/Stream,Field Msr/Obs,Surface Water,4/19/2024,Probe/Sensor,"Temperature, air",9,deg C
Sault Ste. Marie Water Rangers Task Team,11714,West Davignon Creek:West Davignon Brookfield Ave,46.5307892,-84.3968654,River/Stream,Field Msr/Obs,Surface Water,3/10/2024,Test strip,Chlorine,0,ppm
Sault Ste. Marie Water Rangers Task Team,11715,Little Carp River:Little Carp River Carpin Beach Rd,46.5097352,-84.4441581,River/Stream,Field Msr/Obs,Surface Water,4/13/2024,Probe/Sensor,"Temperature, water",5.1,deg C
Sault Ste. Marie Water Rangers Task Team,11702,Cold Water Creek:Cold Water Creek at Old Garden River Road,46.5636057,-84.2783117,River/Stream,Field Msr/Obs,Surface Water,4/5/2024,Probe/Sensor,Conductivity,88,uS/cm
Sault Ste. Marie Water Rangers Task Team,11708,Root River:Root River off Hwy 17 N (near Teen Challenge),46.5717047,-84.3206692,River/Stream,Field Msr/Obs,Surface Water,4/13/2024,Secchi Disk,"Depth, Secchi disk depth",0.26,m
Sault Ste. Marie Water Rangers Task Team,11709,Canon Creek:Canon Creek Old Goulais Bay Rd,46.5915743,-84.3430281,River/Stream,Field Msr/Obs,Surface Water,3/27/2024,Probe/Sensor,"Temperature, air",0,deg C
Sault Ste. Marie Water Rangers Task Team,11705,Coldwater Creek:Lower Coldwater Creek Case Rd,46.5646992,-84.2689991,River/Stream,Field Msr/Obs,Surface Water,4/12/2024,Test strip,Total hardness,0,mg/L
Sault Ste. Marie Water Rangers Task Team,11703,Root River:Root River Old Garden River,46.5629144,-84.2812943,River/Stream,Field Msr/Obs,Surface Water,6/24/2024,Probe/Sensor,"Temperature, air",22,deg C
Sault Ste. Marie Water Rangers Task Team,11711,Duck pond:Bellevue Park duck pond,46.5004401,-84.2993188,Lake/Pond,Field Msr/Obs,Surface Water,3/10/2024,,pH,6.4,None
Sault Ste. Marie Water Rangers Task Team,11705,Coldwater Creek:Lower Coldwater Creek Case Rd,46.5646992,-84.2689991,River/Stream,Field Msr/Obs,Surface Water,4/26/2024,Probe/Sensor,"Temperature, water",10.7,deg C
Sault Ste. Marie Water Rangers Task Team,11707,Root River Branch:Root River Branch Fourth Line E,46.5676351,-84.3005633,River/Stream,Field Msr/Obs,Surface Water,5/5/2024,Probe/Sensor,"Temperature, air",5,deg C
Sault Ste. Marie Water Rangers Task Team,11718,East Davignon Creek:East Davignon Creek Allens Side (N of 2nd Ln W),46.559108,-84.4037962,River/Stream,Field Msr/Obs,Surface Water,6/8/2024,,pH,7.6,None
Sault Ste. Marie Water Rangers Task Team,11716,Big Carp River:Big Carp River Herkimer Rd,46.5062632,-84.4498873,River/Stream,Field Msr/Obs,Surface Water,6/14/2024,Probe/Sensor,Dissolved oxygen (DO),9,mg/L
Sault Ste. Marie Water Rangers Task Team,11712,Fort Creek:Fort Creek Channel at Carmen's Way,46.5363508,-84.3442512,River/Stream,Field Msr/Obs,Surface Water,6/14/2024,Test strip,"Alkalinity, total",130,mg/L
Sault Ste. Marie Water Rangers Task Team,11715,Little Carp River:Little Carp River Carpin Beach Rd,46.5097352,-84.4441581,River/Stream,Field Msr/Obs,Surface Water,5/24/2024,Probe/Sensor,Dissolved oxygen (DO),10,mg/L
Sault Ste. Marie Water Rangers Task Team,11712,Fort Creek:Fort Creek Channel at Carmen's Way,46.5363508,-84.3442512,River/Stream,Field Msr/Obs,Surface Water,6/14/2024,Secchi Disk,Depth of water column,0.65,m
Sault Ste. Marie Water Rangers Task Team,11712,Fort Creek:Fort Creek Channel at Carmen's Way,46.5363508,-84.3442512,River/Stream,Field Msr/Obs,Surface Water,6/7/2024,Probe/Sensor,"Temperature, air",14,deg C
Sault Ste. Marie Water Rangers Task Team,11712,Fort Creek:Fort Creek Channel at Carmen's Way,46.5363508,-84.3442512,River/Stream,Field Msr/Obs,Surface Water,4/14/2024,Test strip,Total hardness,150,mg/L
Sault Ste. Marie Water Rangers Task Team,11702,Cold Water Creek:Cold Water Creek at Old Garden River Road,46.5636057,-84.2783117,River/Stream,Field Msr/Obs,Surface Water,3/1/2024,Probe/Sensor,"Temperature, air",-1,deg C
Sault Ste. Marie Water Rangers Task Team,11704,Root River:Root River Wishart Park,46.5637702,-84.2936325,River/Stream,Field Msr/Obs,Surface Water,4/26/2024,Probe/Sensor,"Temperature, water",11.9,deg C
Sault Ste. Marie Water Rangers Task Team,11712,Fort Creek:Fort Creek Channel at Carmen's Way,46.5363508,-84.3442512,River/Stream,Field Msr/Obs,Surface Water,3/31/2024,Test strip,"Alkalinity, total",20,mg/L
Sault Ste. Marie Water Rangers Task Team,11703,Root River:Root River Old Garden River,46.5629144,-84.2812943,River/Stream,Field Msr/Obs,Surface Water,5/27/2024,Probe/Sensor,"Temperature, water",17.7,deg C
Sault Ste. Marie Water Rangers Task Team,11707,Root River Branch:Root River Branch Fourth Line E,46.5676351,-84.3005633,River/Stream,Field Msr/Obs,Surface Water,7/20/2024,Test strip,"Alkalinity, total",20,mg/L
Sault Ste. Marie Water Rangers Task Team,11708,Root River:Root River off Hwy 17 N (near Teen Challenge),46.5717047,-84.3206692,River/Stream,Field Msr/Obs,Surface Water,3/14/2024,Probe/Sensor,Conductivity,58,uS/cm
Sault Ste. Marie Water Rangers Task Team,11707,Root River Branch:Root River Branch Fourth Line E,46.5676351,-84.3005633,River/Stream,Field Msr/Obs,Surface Water,5/24/2024,Probe/Sensor,Conductivity,119,uS/cm
Sault Ste. Marie Water Rangers Task Team,11712,Fort Creek:Fort Creek Channel at Carmen's Way,46.5363508,-84.3442512,River/Stream,Field Msr/Obs,Surface Water,6/14/2024,Probe/Sensor,"Temperature, air",18,deg C
Sault Ste. Marie Water Rangers Task Team,11704,Root River:Root River Wishart Park,46.5637702,-84.2936325,River/Stream,Field Msr/Obs,Surface Water,5/5/2024,Test strip,Chlorine,0,ppm
Sault Ste. Marie Water Rangers Task Team,11716,Big Carp River:Big Carp River Herkimer Rd,46.5062632,-84.4498873,River/Stream,Field Msr/Obs,Surface Water,5/24/2024,Test strip,Chlorine,0,ppm
Sault Ste. Marie Water Rangers Task Team,11705,Coldwater Creek:Lower Coldwater Creek Case Rd,46.5646992,-84.2689991,River/Stream,Field Msr/Obs,Surface Water,4/12/2024,Probe/Sensor,"Temperature, water",7.4,deg C
Sault Ste. Marie Water Rangers Task Team,11714,West Davignon Creek:West Davignon Brookfield Ave,46.5307892,-84.3968654,River/Stream,Field Msr/Obs,Surface Water,3/27/2024,Test strip,"Alkalinity, total",0,mg/L
Sault Ste. Marie Water Rangers Task Team,11707,Root River Branch:Root River Branch Fourth Line E,46.5676351,-84.3005633,River/Stream,Field Msr/Obs,Surface Water,6/7/2024,Probe/Sensor,"Temperature, water",11,deg C
Sault Ste. Marie Water Rangers Task Team,11707,Root River Branch:Root River Branch Fourth Line E,46.5676351,-84.3005633,River/Stream,Field Msr/Obs,Surface Water,6/22/2024,Test strip,Chlorine,0,ppm
Sault Ste. Marie Water Rangers Task Team,11713,East Davignon Creek:East Davignon Farwell Terrace (near Tim Hortons),46.5367668,-84.3616748,River/Stream,Field Msr/Obs,Surface Water,6/7/2024,,pH,8,None
Sault Ste. Marie Water Rangers Task Team,11711,Duck pond:Bellevue Park duck pond,46.5004401,-84.2993188,Lake/Pond,Field Msr/Obs,Surface Water,3/10/2024,Test strip,"Alkalinity, total",120,mg/L
Sault Ste. Marie Water Rangers Task Team,11718,East Davignon Creek:East Davignon Creek Allens Side (N of 2nd Ln W),46.559108,-84.4037962,River/Stream,Field Msr/Obs,Surface Water,5/10/2024,Probe/Sensor,Salinity,18,ppm
Sault Ste. Marie Water Rangers Task Team,11710,Root River:Root River Hwy 17E,46.5459338,-84.2184019,River/Stream,Field Msr/Obs,Surface Water,3/15/2024,Probe/Sensor,"Temperature, air",8,deg C
Sault Ste. Marie Water Rangers Task Team,11705,Coldwater Creek:Lower Coldwater Creek Case Rd,46.5646992,-84.2689991,River/Stream,Field Msr/Obs,Surface Water,4/12/2024,Test strip,Chlorine,0,ppm
Sault Ste. Marie Water Rangers Task Team,11717,Upper Carp River:Upper Carp River at Creek Rd/Third Line W,46.5480272,-84.4551659,River/Stream,Field Msr/Obs,Surface Water,5/18/2024,,pH,7,None
Sault Ste. Marie Water Rangers Task Team,11702,Cold Water Creek:Cold Water Creek at Old Garden River Road,46.5636057,-84.2783117,River/Stream,Field Msr/Obs,Surface Water,3/10/2024,Test strip,"Alkalinity, total",40,mg/L
Sault Ste. Marie Water Rangers Task Team,11712,Fort Creek:Fort Creek Channel at Carmen's Way,46.5363508,-84.3442512,River/Stream,Field Msr/Obs,Surface Water,6/7/2024,Test strip,Total hardness,150,mg/L
Sault Ste. Marie Water Rangers Task Team,11702,Cold Water Creek:Cold Water Creek at Old Garden River Road,46.5636057,-84.2783117,River/Stream,Field Msr/Obs,Surface Water,6/28/2024,Probe/Sensor,Dissolved oxygen (DO),9,mg/L
Sault Ste. Marie Water Rangers Task Team,11710,Root River:Root River Hwy 17E,46.5459338,-84.2184019,River/Stream,Field Msr/Obs,Surface Water,6/14/2024,Probe/Sensor,"Temperature, water",17.5,deg C
Sault Ste. Marie Water Rangers Task Team,11705,Coldwater Creek:Lower Coldwater Creek Case Rd,46.5646992,-84.2689991,River/Stream,Field Msr/Obs,Surface Water,5/5/2024,Probe/Sensor,Dissolved oxygen (DO),7,mg/L
Sault Ste. Marie Water Rangers Task Team,11709,Canon Creek:Canon Creek Old Goulais Bay Rd,46.5915743,-84.3430281,River/Stream,Field Msr/Obs,Surface Water,4/5/2024,Test strip,"Alkalinity, total",0,mg/L
Sault Ste. Marie Water Rangers Task Team,11710,Root River:Root River Hwy 17E,46.5459338,-84.2184019,River/Stream,Field Msr/Obs,Surface Water,4/22/2024,Probe/Sensor,Dissolved oxygen (DO),12,mg/L
Sault Ste. Marie Water Rangers Task Team,11709,Canon Creek:Canon Creek Old Goulais Bay Rd,46.5915743,-84.3430281,River/Stream,Field Msr/Obs,Surface Water,5/5/2024,Test strip,Chlorine,0,ppm
Sault Ste. Marie Water Rangers Task Team,11715,Little Carp River:Little Carp River Carpin Beach Rd,46.5097352,-84.4441581,River/Stream,Field Msr/Obs,Surface Water,3/10/2024,Probe/Sensor,"Temperature, air",-4,deg C
Sault Ste. Marie Water Rangers Task Team,11702,Cold Water Creek:Cold Water Creek at Old Garden River Road,46.5636057,-84.2783117,River/Stream,Field Msr/Obs,Surface Water,7/7/2024,Test strip,Total hardness,0,mg/L
Sault Ste. Marie Water Rangers Task Team,11705,Coldwater Creek:Lower Coldwater Creek Case Rd,46.5646992,-84.2689991,River/Stream,Field Msr/Obs,Surface Water,5/19/2024,Probe/Sensor,Conductivity,123,uS/cm
Sault Ste. Marie Water Rangers Task Team,11717,Upper Carp River:Upper Carp River at Creek Rd/Third Line W,46.5480272,-84.4551659,River/Stream,Field Msr/Obs,Surface Water,3/27/2024,Secchi Disk,Depth of water column,0.17,m
Sault Ste. Marie Water Rangers Task Team,11714,West Davignon Creek:West Davignon Brookfield Ave,46.5307892,-84.3968654,River/Stream,Field Msr/Obs,Surface Water,4/28/2024,Test strip,Chlorine,0,ppm
Sault Ste. Marie Water Rangers Task Team,11715,Little Carp River:Little Carp River Carpin Beach Rd,46.5097352,-84.4441581,River/Stream,Field Msr/Obs,Surface Water,3/16/2024,Probe/Sensor,Dissolved oxygen (DO),11,mg/L
Sault Ste. Marie Water Rangers Task Team,11715,Little Carp River:Little Carp River Carpin Beach Rd,46.5097352,-84.4441581,River/Stream,Field Msr/Obs,Surface Water,3/27/2024,Test strip,Chlorine,0,ppm
Sault Ste. Marie Water Rangers Task Team,11718,East Davignon Creek:East Davignon Creek Allens Side (N of 2nd Ln W),46.559108,-84.4037962,River/Stream,Field Msr/Obs,Surface Water,6/8/2024,Probe/Sensor,Dissolved oxygen (DO),8,mg/L
Sault Ste. Marie Water Rangers Task Team,11714,West Davignon Creek:West Davignon Brookfield Ave,46.5307892,-84.3968654,River/Stream,Field Msr/Obs,Surface Water,3/10/2024,,pH,6.6,None
Sault Ste. Marie Water Rangers Task Team,11718,East Davignon Creek:East Davignon Creek Allens Side (N of 2nd Ln W),46.559108,-84.4037962,River/Stream,Field Msr/Obs,Surface Water,3/10/2024,Probe/Sensor,Dissolved oxygen (DO),11,mg/L
Sault Ste. Marie Water Rangers Task Team,11705,Coldwater Creek:Lower Coldwater Creek Case Rd,46.5646992,-84.2689991,River/Stream,Field Msr/Obs,Surface Water,4/12/2024,Probe/Sensor,"Temperature, air",7,deg C
Sault Ste. Marie Water Rangers Task Team,11718,East Davignon Creek:East Davignon Creek Allens Side (N of 2nd Ln W),46.559108,-84.4037962,River/Stream,Field Msr/Obs,Surface Water,3/1/2024,Test strip,"Alkalinity, total",0,mg/L
Sault Ste. Marie Water Rangers Task Team,11713,East Davignon Creek:East Davignon Farwell Terrace (near Tim Hortons),46.5367668,-84.3616748,River/Stream,Field Msr/Obs,Surface Water,3/8/2024,Test strip,Total hardness,20,mg/L
Sault Ste. Marie Water Rangers Task Team,11718,East Davignon Creek:East Davignon Creek Allens Side (N of 2nd Ln W),46.559108,-84.4037962,River/Stream,Field Msr/Obs,Surface Water,3/10/2024,Test strip,Chlorine,0,ppm
Sault Ste. Marie Water Rangers Task Team,11705,Coldwater Creek:Lower Coldwater Creek Case Rd,46.5646992,-84.2689991,River/Stream,Field Msr/Obs,Surface Water,4/19/2024,Probe/Sensor,"Temperature, air",2,deg C
Sault Ste. Marie Water Rangers Task Team,11709,Canon Creek:Canon Creek Old Goulais Bay Rd,46.5915743,-84.3430281,River/Stream,Field Msr/Obs,Surface Water,5/5/2024,Test strip,Total hardness,0,mg/L
Sault Ste. Marie Water Rangers Task Team,11711,Duck pond:Bellevue Park duck pond,46.5004401,-84.2993188,Lake/Pond,Field Msr/Obs,Surface Water,4/14/2024,Test strip,Chlorine,0,ppm
Sault Ste. Marie Water Rangers Task Team,11714,West Davignon Creek:West Davignon Brookfield Ave,46.5307892,-84.3968654,River/Stream,Field Msr/Obs,Surface Water,4/5/2024,,pH,6.4,None
Sault Ste. Marie Water Rangers Task Team,11715,Little Carp River:Little Carp River Carpin Beach Rd,46.5097352,-84.4441581,River/Stream,Field Msr/Obs,Surface Water,5/10/2024,Test strip,Total hardness,0,mg/L
Sault Ste. Marie Water Rangers Task Team,11718,East Davignon Creek:East Davignon Creek Allens Side (N of 2nd Ln W),46.559108,-84.4037962,River/Stream,Field Msr/Obs,Surface Water,3/10/2024,Secchi Disk,Depth of water column,0.26,m
Sault Ste. Marie Water Rangers Task Team,11704,Root River:Root River Wishart Park,46.5637702,-84.2936325,River/Stream,Field Msr/Obs,Surface Water,4/19/2024,Probe/Sensor,"Temperature, water",7.8,deg C
Sault Ste. Marie Water Rangers Task Team,11702,Cold Water Creek:Cold Water Creek at Old Garden River Road,46.5636057,-84.2783117,River/Stream,Field Msr/Obs,Surface Water,5/27/2024,Test strip,"Alkalinity, total",20,mg/L
Sault Ste. Marie Water Rangers Task Team,11701,St. Marys River:Bellevue Park Topsail Island,46.4952016,-84.297452,River/Stream,Field Msr/Obs,Surface Water,3/1/2024,Probe/Sensor,"Temperature, air",8,deg C
Sault Ste. Marie Water Rangers Task Team,11712,Fort Creek:Fort Creek Channel at Carmen's Way,46.5363508,-84.3442512,River/Stream,Field Msr/Obs,Surface Water,3/8/2024,Test strip,Total hardness,150,mg/L
Sault Ste. Marie Water Rangers Task Team,11702,Cold Water Creek:Cold Water Creek at Old Garden River Road,46.5636057,-84.2783117,River/Stream,Field Msr/Obs,Surface Water,3/10/2024,Probe/Sensor,Dissolved oxygen (DO),6,mg/L
Sault Ste. Marie Water Rangers Task Team,11708,Root River:Root River off Hwy 17 N (near Teen Challenge),46.5717047,-84.3206692,River/Stream,Field Msr/Obs,Surface Water,3/27/2024,Test strip,Total hardness,0,mg/L
Sault Ste. Marie Water Rangers Task Team,11714,West Davignon Creek:West Davignon Brookfield Ave,46.5307892,-84.3968654,River/Stream,Field Msr/Obs,Surface Water,4/5/2024,Test strip,Total hardness,50,mg/L
Sault Ste. Marie Water Rangers Task Team,11715,Little Carp River:Little Carp River Carpin Beach Rd,46.5097352,-84.4441581,River/Stream,Field Msr/Obs,Surface Water,5/18/2024,Probe/Sensor,"Temperature, water",16,deg C
Sault Ste. Marie Water Rangers Task Team,11702,Cold Water Creek:Cold Water Creek at Old Garden River Road,46.5636057,-84.2783117,River/Stream,Field Msr/Obs,Surface Water,7/7/2024,Probe/Sensor,Conductivity,169,uS/cm
Sault Ste. Marie Water Rangers Task Team,11710,Root River:Root River Hwy 17E,46.5459338,-84.2184019,River/Stream,Field Msr/Obs,Surface Water,5/11/2024,Test strip,Chlorine,0,ppm
Sault Ste. Marie Water Rangers Task Team,11708,Root River:Root River off Hwy 17 N (near Teen Challenge),46.5717047,-84.3206692,River/Stream,Field Msr/Obs,Surface Water,3/10/2024,Test strip,Chlorine,0,ppm
Sault Ste. Marie Water Rangers Task Team,11710,Root River:Root River Hwy 17E,46.5459338,-84.2184019,River/Stream,Field Msr/Obs,Surface Water,6/14/2024,Test strip,Total hardness,0,mg/L
Sault Ste. Marie Water Rangers Task Team,11712,Fort Creek:Fort Creek Channel at Carmen's Way,46.5363508,-84.3442512,River/Stream,Field Msr/Obs,Surface Water,3/1/2024,Secchi Disk,Depth of water column,0.35,m
Sault Ste. Marie Water Rangers Task Team,11717,Upper Carp River:Upper Carp River at Creek Rd/Third Line W,46.5480272,-84.4551659,River/Stream,Field Msr/Obs,Surface Water,4/6/2024,Test strip,Total hardness,0,mg/L
Sault Ste. Marie Water Rangers Task Team,11708,Root River:Root River off Hwy 17 N (near Teen Challenge),46.5717047,-84.3206692,River/Stream,Field Msr/Obs,Surface Water,5/5/2024,Test strip,"Alkalinity, total",0,mg/L
Sault Ste. Marie Water Rangers Task Team,11711,Duck pond:Bellevue Park duck pond,46.5004401,-84.2993188,Lake/Pond,Field Msr/Obs,Surface Water,4/7/2024,Probe/Sensor,Dissolved oxygen (DO),12,mg/L
Sault Ste. Marie Water Rangers Task Team,11706,Root River:Root River Fourth Line E,46.5672083,-84.3063569,River/Stream,Field Msr/Obs,Surface Water,3/10/2024,,pH,6.4,None
Sault Ste. Marie Water Rangers Task Team,11709,Canon Creek:Canon Creek Old Goulais Bay Rd,46.5915743,-84.3430281,River/Stream,Field Msr/Obs,Surface Water,4/21/2024,Test strip,Chlorine,0,ppm
Sault Ste. Marie Water Rangers Task Team,11718,East Davignon Creek:East Davignon Creek Allens Side (N of 2nd Ln W),46.559108,-84.4037962,River/Stream,Field Msr/Obs,Surface Water,3/27/2024,Probe/Sensor,"Temperature, water",1.3,deg C
Sault Ste. Marie Water Rangers Task Team,11702,Cold Water Creek:Cold Water Creek at Old Garden River Road,46.5636057,-84.2783117,River/Stream,Field Msr/Obs,Surface Water,5/5/2024,Probe/Sensor,Dissolved oxygen (DO),7,mg/L
Sault Ste. Marie Water Rangers Task Team,11709,Canon Creek:Canon Creek Old Goulais Bay Rd,46.5915743,-84.3430281,River/Stream,Field Msr/Obs,Surface Water,3/15/2024,Probe/Sensor,"Temperature, water",3.6,deg C
Sault Ste. Marie Water Rangers Task Team,11702,Cold Water Creek:Cold Water Creek at Old Garden River Road,46.5636057,-84.2783117,River/Stream,Field Msr/Obs,Surface Water,5/10/2024,Probe/Sensor,Conductivity,191,uS/cm
Sault Ste. Marie Water Rangers Task Team,11714,West Davignon Creek:West Davignon Brookfield Ave,46.5307892,-84.3968654,River/Stream,Field Msr/Obs,Surface Water,4/5/2024,Probe/Sensor,"Temperature, air",4,deg C
Sault Ste. Marie Water Rangers Task Team,11712,Fort Creek:Fort Creek Channel at Carmen's Way,46.5363508,-84.3442512,River/Stream,Field Msr/Obs,Surface Water,6/14/2024,Probe/Sensor,"Temperature, water",21.7,deg C
Sault Ste. Marie Water Rangers Task Team,11702,Cold Water Creek:Cold Water Creek at Old Garden River Road,46.5636057,-84.2783117,River/Stream,Field Msr/Obs,Surface Water,4/19/2024,,pH,7,None
Sault Ste. Marie Water Rangers Task Team,11708,Root River:Root River off Hwy 17 N (near Teen Challenge),46.5717047,-84.3206692,River/Stream,Field Msr/Obs,Surface Water,3/10/2024,Probe/Sensor,"Temperature, water",3,deg C
Sault Ste. Marie Water Rangers Task Team,11708,Root River:Root River off Hwy 17 N (near Teen Challenge),46.5717047,-84.3206692,River/Stream,Field Msr/Obs,Surface Water,3/14/2024,Probe/Sensor,"Temperature, air",2,deg C
Sault Ste. Marie Water Rangers Task Team,11716,Big Carp River:Big Carp River Herkimer Rd,46.5062632,-84.4498873,River/Stream,Field Msr/Obs,Surface Water,5/10/2024,Probe/Sensor,"Temperature, water",15.1,deg C
Sault Ste. Marie Water Rangers Task Team,11706,Root River:Root River Fourth Line E,46.5672083,-84.3063569,River/Stream,Field Msr/Obs,Surface Water,5/10/2024,Probe/Sensor,"Temperature, water",17.3,deg C
Sault Ste. Marie Water Rangers Task Team,11710,Root River:Root River Hwy 17E,46.5459338,-84.2184019,River/Stream,Field Msr/Obs,Surface Water,4/14/2024,Test strip,"Alkalinity, total",10,mg/L
Sault Ste. Marie Water Rangers Task Team,11711,Duck pond:Bellevue Park duck pond,46.5004401,-84.2993188,Lake/Pond,Field Msr/Obs,Surface Water,3/15/2024,Probe/Sensor,Dissolved oxygen (DO),12,mg/L
Sault Ste. Marie Water Rangers Task Team,11713,East Davignon Creek:East Davignon Farwell Terrace (near Tim Hortons),46.5367668,-84.3616748,River/Stream,Field Msr/Obs,Surface Water,3/9/2024,Secchi Disk,Depth of water column,0.4,m
Sault Ste. Marie Water Rangers Task Team,11714,West Davignon Creek:West Davignon Brookfield Ave,46.5307892,-84.3968654,River/Stream,Field Msr/Obs,Surface Water,4/28/2024,,pH,6.4,None
Sault Ste. Marie Water Rangers Task Team,11715,Little Carp River:Little Carp River Carpin Beach Rd,46.5097352,-84.4441581,River/Stream,Field Msr/Obs,Surface Water,3/27/2024,Test strip,Chlorine,0,ppm
Sault Ste. Marie Water Rangers Task Team,11714,West Davignon Creek:West Davignon Brookfield Ave,46.5307892,-84.3968654,River/Stream,Field Msr/Obs,Surface Water,3/15/2024,Probe/Sensor,Dissolved oxygen (DO),11,mg/L
Sault Ste. Marie Water Rangers Task Team,11702,Cold Water Creek:Cold Water Creek at Old Garden River Road,46.5636057,-84.2783117,River/Stream,Field Msr/Obs,Surface Water,6/28/2024,Probe/Sensor,"Temperature, water",9.2,deg C
Sault Ste. Marie Water Rangers Task Team,11709,Canon Creek:Canon Creek Old Goulais Bay Rd,46.5915743,-84.3430281,River/Stream,Field Msr/Obs,Surface Water,5/5/2024,,pH,6.4,None
Sault Ste. Marie Water Rangers Task Team,11708,Root River:Root River off Hwy 17 N (near Teen Challenge),46.5717047,-84.3206692,River/Stream,Field Msr/Obs,Surface Water,5/10/2024,Probe/Sensor,"Temperature, water",16.4,deg C
Sault Ste. Marie Water Rangers Task Team,11717,Upper Carp River:Upper Carp River at Creek Rd/Third Line W,46.5480272,-84.4551659,River/Stream,Field Msr/Obs,Surface Water,4/6/2024,,pH,6.6,None
Sault Ste. Marie Water Rangers Task Team,11712,Fort Creek:Fort Creek Channel at Carmen's Way,46.5363508,-84.3442512,River/Stream,Field Msr/Obs,Surface Water,3/8/2024,Probe/Sensor,"Temperature, water",4,deg C
Sault Ste. Marie Water Rangers Task Team,11718,East Davignon Creek:East Davignon Creek Allens Side (N of 2nd Ln W),46.559108,-84.4037962,River/Stream,Field Msr/Obs,Surface Water,6/8/2024,Test strip,Chlorine,0,ppm
Sault Ste. Marie Water Rangers Task Team,11702,Cold Water Creek:Cold Water Creek at Old Garden River Road,46.5636057,-84.2783117,River/Stream,Field Msr/Obs,Surface Water,3/1/2024,,pH,6.4,None
Sault Ste. Marie Water Rangers Task Team,11706,Root River:Root River Fourth Line E,46.5672083,-84.3063569,River/Stream,Field Msr/Obs,Surface Water,4/13/2024,Probe/Sensor,"Temperature, air",5,deg C
Sault Ste. Marie Water Rangers Task Team,11703,Root River:Root River Old Garden River,46.5629144,-84.2812943,River/Stream,Field Msr/Obs,Surface Water,6/14/2024,Test strip,Total hardness,0,mg/L
Sault Ste. Marie Water Rangers Task Team,11717,Upper Carp River:Upper Carp River at Creek Rd/Third Line W,46.5480272,-84.4551659,River/Stream,Field Msr/Obs,Surface Water,3/27/2024,,pH,6.4,None
Sault Ste. Marie Water Rangers Task Team,11702,Cold Water Creek:Cold Water Creek at Old Garden River Road,46.5636057,-84.2783117,River/Stream,Field Msr/Obs,Surface Water,3/27/2024,Probe/Sensor,"Temperature, water",4.6,deg C
Sault Ste. Marie Water Rangers Task Team,11716,Big Carp River:Big Carp River Herkimer Rd,46.5062632,-84.4498873,River/Stream,Field Msr/Obs,Surface Water,3/27/2024,Probe/Sensor,Dissolved oxygen (DO),11,mg/L
Sault Ste. Marie Water Rangers Task Team,11702,Cold Water Creek:Cold Water Creek at Old Garden River Road,46.5636057,-84.2783117,River/Stream,Field Msr/Obs,Surface Water,5/10/2024,,pH,6.4,None
Sault Ste. Marie Water Rangers Task Team,11712,Fort Creek:Fort Creek Channel at Carmen's Way,46.5363508,-84.3442512,River/Stream,Field Msr/Obs,Surface Water,3/31/2024,Test strip,Chlorine,0,ppm
Sault Ste. Marie Water Rangers Task Team,11702,Cold Water Creek:Cold Water Creek at Old Garden River Road,46.5636057,-84.2783117,River/Stream,Field Msr/Obs,Surface Water,5/5/2024,Secchi Disk,Depth of water column,0.41,m
Sault Ste. Marie Water Rangers Task Team,11703,Root River:Root River Old Garden River,46.5629144,-84.2812943,River/Stream,Field Msr/Obs,Surface Water,3/10/2024,Probe/Sensor,"Temperature, water",2.6,deg C
Sault Ste. Marie Water Rangers Task Team,11711,Duck pond:Bellevue Park duck pond,46.5004401,-84.2993188,Lake/Pond,Field Msr/Obs,Surface Water,4/14/2024,Test strip,Total hardness,200,mg/L
Sault Ste. Marie Water Rangers Task Team,11703,Root River:Root River Old Garden River,46.5629144,-84.2812943,River/Stream,Field Msr/Obs,Surface Water,3/10/2024,Probe/Sensor,"Temperature, air",3,deg C
Sault Ste. Marie Water Rangers Task Team,11717,Upper Carp River:Upper Carp River at Creek Rd/Third Line W,46.5480272,-84.4551659,River/Stream,Field Msr/Obs,Surface Water,4/13/2024,Probe/Sensor,Conductivity,29,uS/cm
Sault Ste. Marie Water Rangers Task Team,11718,East Davignon Creek:East Davignon Creek Allens Side (N of 2nd Ln W),46.559108,-84.4037962,River/Stream,Field Msr/Obs,Surface Water,3/10/2024,Test strip,Chlorine,0,ppm
Sault Ste. Marie Water Rangers Task Team,11704,Root River:Root River Wishart Park,46.5637702,-84.2936325,River/Stream,Field Msr/Obs,Surface Water,3/10/2024,,pH,6.8,None
Sault Ste. Marie Water Rangers Task Team,11708,Root River:Root River off Hwy 17 N (near Teen Challenge),46.5717047,-84.3206692,River/Stream,Field Msr/Obs,Surface Water,4/13/2024,Probe/Sensor,Conductivity,53,uS/cm
Sault Ste. Marie Water Rangers Task Team,11711,Duck pond:Bellevue Park duck pond,46.5004401,-84.2993188,Lake/Pond,Field Msr/Obs,Surface Water,5/17/2024,,pH,8.4,None
Sault Ste. Marie Water Rangers Task Team,11712,Fort Creek:Fort Creek Channel at Carmen's Way,46.5363508,-84.3442512,River/Stream,Field Msr/Obs,Surface Water,3/15/2024,Test strip,"Alkalinity, total",80,mg/L
Sault Ste. Marie Water Rangers Task Team,11708,Root River:Root River off Hwy 17 N (near Teen Challenge),46.5717047,-84.3206692,River/Stream,Field Msr/Obs,Surface Water,4/13/2024,Probe/Sensor,Dissolved oxygen (DO),8,mg/L
Sault Ste. Marie Water Rangers Task Team,11717,Upper Carp River:Upper Carp River at Creek Rd/Third Line W,46.5480272,-84.4551659,River/Stream,Field Msr/Obs,Surface Water,3/27/2024,Probe/Sensor,Dissolved oxygen (DO),9,mg/L
Sault Ste. Marie Water Rangers Task Team,11709,Canon Creek:Canon Creek Old Goulais Bay Rd,46.5915743,-84.3430281,River/Stream,Field Msr/Obs,Surface Water,5/5/2024,Probe/Sensor,"Temperature, air",6,deg C
Sault Ste. Marie Water Rangers Task Team,11710,Root River:Root River Hwy 17E,46.5459338,-84.2184019,River/Stream,Field Msr/Obs,Surface Water,3/27/2024,Test strip,"Alkalinity, total",0,mg/L
Sault Ste. Marie Water Rangers Task Team,11703,Root River:Root River Old Garden River,46.5629144,-84.2812943,River/Stream,Field Msr/Obs,Surface Water,5/27/2024,Probe/Sensor,"Temperature, air",20,deg C
Sault Ste. Marie Water Rangers Task Team,11714,West Davignon Creek:West Davignon Brookfield Ave,46.5307892,-84.3968654,River/Stream,Field Msr/Obs,Surface Water,3/27/2024,Probe/Sensor,Conductivity,46,uS/cm
Sault Ste. Marie Water Rangers Task Team,11706,Root River:Root River Fourth Line E,46.5672083,-84.3063569,River/Stream,Field Msr/Obs,Surface Water,3/27/2024,Test strip,"Alkalinity, total",0,mg/L
Sault Ste. Marie Water Rangers Task Team,11714,West Davignon Creek:West Davignon Brookfield Ave,46.5307892,-84.3968654,River/Stream,Field Msr/Obs,Surface Water,5/10/2024,Test strip,Chlorine,0,ppm
Sault Ste. Marie Water Rangers Task Team,11712,Fort Creek:Fort Creek Channel at Carmen's Way,46.5363508,-84.3442512,River/Stream,Field Msr/Obs,Surface Water,4/5/2024,Test strip,Total hardness,100,mg/L
Sault Ste. Marie Water Rangers Task Team,11711,Duck pond:Bellevue Park duck pond,46.5004401,-84.2993188,Lake/Pond,Field Msr/Obs,Surface Water,3/15/2024,Probe/Sensor,"Temperature, air",6,deg C
Sault Ste. Marie Water Rangers Task Team,11712,Fort Creek:Fort Creek Channel at Carmen's Way,46.5363508,-84.3442512,River/Stream,Field Msr/Obs,Surface Water,3/8/2024,Secchi Disk,"Depth, Secchi disk depth",0.15,m
Sault Ste. Marie Water Rangers Task Team,11702,Cold Water Creek:Cold Water Creek at Old Garden River Road,46.5636057,-84.2783117,River/Stream,Field Msr/Obs,Surface Water,3/1/2024,Probe/Sensor,Conductivity,201,uS/cm
Sault Ste. Marie Water Rangers Task Team,11704,Root River:Root River Wishart Park,46.5637702,-84.2936325,River/Stream,Field Msr/Obs,Surface Water,3/27/2024,Probe/Sensor,Conductivity,42,uS/cm
Sault Ste. Marie Water Rangers Task Team,11715,Little Carp River:Little Carp River Carpin Beach Rd,46.5097352,-84.4441581,River/Stream,Field Msr/Obs,Surface Water,3/27/2024,,pH,6.4,None
Sault Ste. Marie Water Rangers Task Team,11709,Canon Creek:Canon Creek Old Goulais Bay Rd,46.5915743,-84.3430281,River/Stream,Field Msr/Obs,Surface Water,4/12/2024,Probe/Sensor,Dissolved oxygen (DO),7,mg/L
Sault Ste. Marie Water Rangers Task Team,11712,Fort Creek:Fort Creek Channel at Carmen's Way,46.5363508,-84.3442512,River/Stream,Field Msr/Obs,Surface Water,4/14/2024,Probe/Sensor,Conductivity,632,uS/cm
Sault Ste. Marie Water Rangers Task Team,11707,Root River Branch:Root River Branch Fourth Line E,46.5676351,-84.3005633,River/Stream,Field Msr/Obs,Surface Water,7/25/2024,Test strip,Total hardness,0,mg/L
Sault Ste. Marie Water Rangers Task Team,11711,Duck pond:Bellevue Park duck pond,46.5004401,-84.2993188,Lake/Pond,Field Msr/Obs,Surface Water,4/14/2024,Probe/Sensor,Conductivity,482,uS/cm
Sault Ste. Marie Water Rangers Task Team,11705,Coldwater Creek:Lower Coldwater Creek Case Rd,46.5646992,-84.2689991,River/Stream,Field Msr/Obs,Surface Water,4/7/2024,Probe/Sensor,"Temperature, air",15,deg C
Sault Ste. Marie Water Rangers Task Team,11707,Root River Branch:Root River Branch Fourth Line E,46.5676351,-84.3005633,River/Stream,Field Msr/Obs,Surface Water,6/7/2024,Test strip,Total hardness,0,mg/L
Sault Ste. Marie Water Rangers Task Team,11713,East Davignon Creek:East Davignon Farwell Terrace (near Tim Hortons),46.5367668,-84.3616748,River/Stream,Field Msr/Obs,Surface Water,4/7/2024,Test strip,Total hardness,20,mg/L
Sault Ste. Marie Water Rangers Task Team,11702,Cold Water Creek:Cold Water Creek at Old Garden River Road,46.5636057,-84.2783117,River/Stream,Field Msr/Obs,Surface Water,6/14/2024,Probe/Sensor,"Temperature, water",12.9,deg C
Sault Ste. Marie Water Rangers Task Team,11709,Canon Creek:Canon Creek Old Goulais Bay Rd,46.5915743,-84.3430281,River/Stream,Field Msr/Obs,Surface Water,5/12/2024,Test strip,Total hardness,0,mg/L
Sault Ste. Marie Water Rangers Task Team,11715,Little Carp River:Little Carp River Carpin Beach Rd,46.5097352,-84.4441581,River/Stream,Field Msr/Obs,Surface Water,4/13/2024,,pH,6.4,None
Sault Ste. Marie Water Rangers Task Team,11706,Root River:Root River Fourth Line E,46.5672083,-84.3063569,River/Stream,Field Msr/Obs,Surface Water,3/27/2024,Secchi Disk,Depth of water column,0.34,m
Sault Ste. Marie Water Rangers Task Team,11712,Fort Creek:Fort Creek Channel at Carmen's Way,46.5363508,-84.3442512,River/Stream,Field Msr/Obs,Surface Water,4/5/2024,Test strip,"Alkalinity, total",70,mg/L
Sault Ste. Marie Water Rangers Task Team,11712,Fort Creek:Fort Creek Channel at Carmen's Way,46.5363508,-84.3442512,River/Stream,Field Msr/Obs,Surface Water,3/27/2024,Probe/Sensor,"Temperature, water",3.7,deg C
Sault Ste. Marie Water Rangers Task Team,11711,Duck pond:Bellevue Park duck pond,46.5004401,-84.2993188,Lake/Pond,Field Msr/Obs,Surface Water,5/17/2024,Probe/Sensor,"Temperature, water",0,deg C
Sault Ste. Marie Water Rangers Task Team,11715,Little Carp River:Little Carp River Carpin Beach Rd,46.5097352,-84.4441581,River/Stream,Field Msr/Obs,Surface Water,5/10/2024,Probe/Sensor,Conductivity,76,uS/cm
Sault Ste. Marie Water Rangers Task Team,11713,East Davignon Creek:East Davignon Farwell Terrace (near Tim Hortons),46.5367668,-84.3616748,River/Stream,Field Msr/Obs,Surface Water,4/14/2024,Secchi Disk,Depth of water column,0.15,m
Sault Ste. Marie Water Rangers Task Team,11704,Root River:Root River Wishart Park,46.5637702,-84.2936325,River/Stream,Field Msr/Obs,Surface Water,3/15/2024,Test strip,Total hardness,0,mg/L
Sault Ste. Marie Water Rangers Task Team,11714,West Davignon Creek:West Davignon Brookfield Ave,46.5307892,-84.3968654,River/Stream,Field Msr/Obs,Surface Water,3/10/2024,Secchi Disk,Depth of water column,0.3,m
Sault Ste. Marie Water Rangers Task Team,11709,Canon Creek:Canon Creek Old Goulais Bay Rd,46.5915743,-84.3430281,River/Stream,Field Msr/Obs,Surface Water,5/5/2024,Probe/Sensor,"Temperature, water",11.3,deg C
Sault Ste. Marie Water Rangers Task Team,11709,Canon Creek:Canon Creek Old Goulais Bay Rd,46.5915743,-84.3430281,River/Stream,Field Msr/Obs,Surface Water,6/8/2024,Secchi Disk,"Depth, Secchi disk depth",0.3,m
Sault Ste. Marie Water Rangers Task Team,11702,Cold Water Creek:Cold Water Creek at Old Garden River Road,46.5636057,-84.2783117,River/Stream,Field Msr/Obs,Surface Water,4/26/2024,Probe/Sensor,Dissolved oxygen (DO),11,mg/L
Sault Ste. Marie Water Rangers Task Team,11707,Root River Branch:Root River Branch Fourth Line E,46.5676351,-84.3005633,River/Stream,Field Msr/Obs,Surface Water,4/21/2024,Test strip,Chlorine,0,ppm
Sault Ste. Marie Water Rangers Task Team,11719,SSM TEST SITE:SSM TEST SITE,46.5038247,-84.2879248,Unspecified,Field Msr/Obs,Surface Water,2/23/2024,Probe/Sensor,"Temperature, water",0,deg C
Sault Ste. Marie Water Rangers Task Team,11718,East Davignon Creek:East Davignon Creek Allens Side (N of 2nd Ln W),46.559108,-84.4037962,River/Stream,Field Msr/Obs,Surface Water,3/16/2024,Test strip,"Alkalinity, total",0,mg/L
Sault Ste. Marie Water Rangers Task Team,11718,East Davignon Creek:East Davignon Creek Allens Side (N of 2nd Ln W),46.559108,-84.4037962,River/Stream,Field Msr/Obs,Surface Water,3/10/2024,Test strip,Total hardness,0,mg/L
Sault Ste. Marie Water Rangers Task Team,11702,Cold Water Creek:Cold Water Creek at Old Garden River Road,46.5636057,-84.2783117,River/Stream,Field Msr/Obs,Surface Water,4/19/2024,Probe/Sensor,"Temperature, water",7.9,deg C
Sault Ste. Marie Water Rangers Task Team,11702,Cold Water Creek:Cold Water Creek at Old Garden River Road,46.5636057,-84.2783117,River/Stream,Field Msr/Obs,Surface Water,6/28/2024,,pH,7.2,None
Sault Ste. Marie Water Rangers Task Team,11715,Little Carp River:Little Carp River Carpin Beach Rd,46.5097352,-84.4441581,River/Stream,Field Msr/Obs,Surface Water,5/18/2024,Probe/Sensor,"Temperature, air",23,deg C
Sault Ste. Marie Water Rangers Task Team,11702,Cold Water Creek:Cold Water Creek at Old Garden River Road,46.5636057,-84.2783117,River/Stream,Field Msr/Obs,Surface Water,4/12/2024,Probe/Sensor,"Temperature, water",7.4,deg C
Sault Ste. Marie Water Rangers Task Team,11712,Fort Creek:Fort Creek Channel at Carmen's Way,46.5363508,-84.3442512,River/Stream,Field Msr/Obs,Surface Water,3/1/2024,Test strip,Chlorine,0,ppm
Sault Ste. Marie Water Rangers Task Team,11703,Root River:Root River Old Garden River,46.5629144,-84.2812943,River/Stream,Field Msr/Obs,Surface Water,5/10/2024,Probe/Sensor,Dissolved oxygen (DO),9,mg/L
Sault Ste. Marie Water Rangers Task Team,11706,Root River:Root River Fourth Line E,46.5672083,-84.3063569,River/Stream,Field Msr/Obs,Surface Water,3/27/2024,Test strip,Total hardness,0,mg/L
Sault Ste. Marie Water Rangers Task Team,11710,Root River:Root River Hwy 17E,46.5459338,-84.2184019,River/Stream,Field Msr/Obs,Surface Water,4/22/2024,Test strip,"Alkalinity, total",0,mg/L
Sault Ste. Marie Water Rangers Task Team,11705,Coldwater Creek:Lower Coldwater Creek Case Rd,46.5646992,-84.2689991,River/Stream,Field Msr/Obs,Surface Water,4/26/2024,Probe/Sensor,Conductivity,30,uS/cm
Sault Ste. Marie Water Rangers Task Team,11710,Root River:Root River Hwy 17E,46.5459338,-84.2184019,River/Stream,Field Msr/Obs,Surface Water,3/27/2024,,pH,6.8,None
Sault Ste. Marie Water Rangers Task Team,11702,Cold Water Creek:Cold Water Creek at Old Garden River Road,46.5636057,-84.2783117,River/Stream,Field Msr/Obs,Surface Water,3/15/2024,,pH,6.8,None
Sault Ste. Marie Water Rangers Task Team,11704,Root River:Root River Wishart Park,46.5637702,-84.2936325,River/Stream,Field Msr/Obs,Surface Water,4/13/2024,Probe/Sensor,"Temperature, water",7.7,deg C
Sault Ste. Marie Water Rangers Task Team,11713,East Davignon Creek:East Davignon Farwell Terrace (near Tim Hortons),46.5367668,-84.3616748,River/Stream,Field Msr/Obs,Surface Water,4/7/2024,Secchi Disk,Depth of water column,0.4,m
Sault Ste. Marie Water Rangers Task Team,11703,Root River:Root River Old Garden River,46.5629144,-84.2812943,River/Stream,Field Msr/Obs,Surface Water,7/24/2024,,pH,7.5,None
Sault Ste. Marie Water Rangers Task Team,11702,Cold Water Creek:Cold Water Creek at Old Garden River Road,46.5636057,-84.2783117,River/Stream,Field Msr/Obs,Surface Water,5/27/2024,,pH,7.5,None
Sault Ste. Marie Water Rangers Task Team,11712,Fort Creek:Fort Creek Channel at Carmen's Way,46.5363508,-84.3442512,River/Stream,Field Msr/Obs,Surface Water,3/27/2024,Test strip,Total hardness,50,mg/L
Sault Ste. Marie Water Rangers Task Team,11715,Little Carp River:Little Carp River Carpin Beach Rd,46.5097352,-84.4441581,River/Stream,Field Msr/Obs,Surface Water,5/18/2024,Test strip,Total hardness,0,mg/L
Sault Ste. Marie Water Rangers Task Team,11718,East Davignon Creek:East Davignon Creek Allens Side (N of 2nd Ln W),46.559108,-84.4037962,River/Stream,Field Msr/Obs,Surface Water,3/1/2024,Test strip,Total hardness,0,mg/L
Sault Ste. Marie Water Rangers Task Team,11702,Cold Water Creek:Cold Water Creek at Old Garden River Road,46.5636057,-84.2783117,River/Stream,Field Msr/Obs,Surface Water,3/15/2024,Probe/Sensor,"Temperature, air",7,deg C
Sault Ste. Marie Water Rangers Task Team,11708,Root River:Root River off Hwy 17 N (near Teen Challenge),46.5717047,-84.3206692,River/Stream,Field Msr/Obs,Surface Water,4/13/2024,Probe/Sensor,"Temperature, water",7.9,deg C
Sault Ste. Marie Water Rangers Task Team,11702,Cold Water Creek:Cold Water Creek at Old Garden River Road,46.5636057,-84.2783117,River/Stream,Field Msr/Obs,Surface Water,5/27/2024,Probe/Sensor,Conductivity,181,uS/cm
Sault Ste. Marie Water Rangers Task Team,11703,Root River:Root River Old Garden River,46.5629144,-84.2812943,River/Stream,Field Msr/Obs,Surface Water,7/7/2024,Test strip,Total hardness,0,mg/L
Sault Ste. Marie Water Rangers Task Team,11701,St. Marys River:Bellevue Park Topsail Island,46.4952016,-84.297452,River/Stream,Field Msr/Obs,Surface Water,2/22/2024,,pH,6.6,None
Sault Ste. Marie Water Rangers Task Team,11707,Root River Branch:Root River Branch Fourth Line E,46.5676351,-84.3005633,River/Stream,Field Msr/Obs,Surface Water,5/11/2024,Test strip,"Alkalinity, total",10,mg/L
Sault Ste. Marie Water Rangers Task Team,11709,Canon Creek:Canon Creek Old Goulais Bay Rd,46.5915743,-84.3430281,River/Stream,Field Msr/Obs,Surface Water,4/26/2024,Probe/Sensor,"Temperature, water",12.2,deg C
Sault Ste. Marie Water Rangers Task Team,11703,Root River:Root River Old Garden River,46.5629144,-84.2812943,River/Stream,Field Msr/Obs,Surface Water,6/28/2024,Probe/Sensor,Dissolved oxygen (DO),11,mg/L
Sault Ste. Marie Water Rangers Task Team,11704,Root River:Root River Wishart Park,46.5637702,-84.2936325,River/Stream,Field Msr/Obs,Surface Water,5/18/2024,Probe/Sensor,Dissolved oxygen (DO),8,mg/L
Sault Ste. Marie Water Rangers Task Team,11702,Cold Water Creek:Cold Water Creek at Old Garden River Road,46.5636057,-84.2783117,River/Stream,Field Msr/Obs,Surface Water,4/19/2024,Probe/Sensor,"Temperature, air",2,deg C
Sault Ste. Marie Water Rangers Task Team,11706,Root River:Root River Fourth Line E,46.5672083,-84.3063569,River/Stream,Field Msr/Obs,Surface Water,5/24/2024,Test strip,Chlorine,0,ppm
Sault Ste. Marie Water Rangers Task Team,11707,Root River Branch:Root River Branch Fourth Line E,46.5676351,-84.3005633,River/Stream,Field Msr/Obs,Surface Water,4/21/2024,,pH,6.6,None
Sault Ste. Marie Water Rangers Task Team,11714,West Davignon Creek:West Davignon Brookfield Ave,46.5307892,-84.3968654,River/Stream,Field Msr/Obs,Surface Water,3/8/2024,Test strip,"Alkalinity, total",30,mg/L
Sault Ste. Marie Water Rangers Task Team,11705,Coldwater Creek:Lower Coldwater Creek Case Rd,46.5646992,-84.2689991,River/Stream,Field Msr/Obs,Surface Water,5/19/2024,Test strip,Total hardness,0,mg/L
Sault Ste. Marie Water Rangers Task Team,11716,Big Carp River:Big Carp River Herkimer Rd,46.5062632,-84.4498873,River/Stream,Field Msr/Obs,Surface Water,4/6/2024,Probe/Sensor,Dissolved oxygen (DO),9,mg/L
Sault Ste. Marie Water Rangers Task Team,11706,Root River:Root River Fourth Line E,46.5672083,-84.3063569,River/Stream,Field Msr/Obs,Surface Water,4/13/2024,Test strip,Chlorine,0,ppm
Sault Ste. Marie Water Rangers Task Team,11715,Little Carp River:Little Carp River Carpin Beach Rd,46.5097352,-84.4441581,River/Stream,Field Msr/Obs,Surface Water,5/24/2024,Secchi Disk,Depth of water column,0.15,m
Sault Ste. Marie Water Rangers Task Team,11713,East Davignon Creek:East Davignon Farwell Terrace (near Tim Hortons),46.5367668,-84.3616748,River/Stream,Field Msr/Obs,Surface Water,4/14/2024,,pH,6.6,None
Sault Ste. Marie Water Rangers Task Team,11707,Root River Branch:Root River Branch Fourth Line E,46.5676351,-84.3005633,River/Stream,Field Msr/Obs,Surface Water,7/20/2024,Test strip,Total hardness,0,mg/L
Sault Ste. Marie Water Rangers Task Team,11709,Canon Creek:Canon Creek Old Goulais Bay Rd,46.5915743,-84.3430281,River/Stream,Field Msr/Obs,Surface Water,4/12/2024,Test strip,"Alkalinity, total",20,mg/L
Sault Ste. Marie Water Rangers Task Team,11718,East Davignon Creek:East Davignon Creek Allens Side (N of 2nd Ln W),46.559108,-84.4037962,River/Stream,Field Msr/Obs,Surface Water,6/7/2024,,pH,7.2,None
Sault Ste. Marie Water Rangers Task Team,11702,Cold Water Creek:Cold Water Creek at Old Garden River Road,46.5636057,-84.2783117,River/Stream,Field Msr/Obs,Surface Water,3/1/2024,Test strip,Total hardness,0,mg/L
Sault Ste. Marie Water Rangers Task Team,11705,Coldwater Creek:Lower Coldwater Creek Case Rd,46.5646992,-84.2689991,River/Stream,Field Msr/Obs,Surface Water,3/10/2024,Probe/Sensor,"Temperature, air",4,deg C
Sault Ste. Marie Water Rangers Task Team,11708,Root River:Root River off Hwy 17 N (near Teen Challenge),46.5717047,-84.3206692,River/Stream,Field Msr/Obs,Surface Water,3/27/2024,Probe/Sensor,Conductivity,42,uS/cm
Sault Ste. Marie Water Rangers Task Team,11713,East Davignon Creek:East Davignon Farwell Terrace (near Tim Hortons),46.5367668,-84.3616748,River/Stream,Field Msr/Obs,Surface Water,3/31/2024,,pH,6.4,None
Sault Ste. Marie Water Rangers Task Team,11703,Root River:Root River Old Garden River,46.5629144,-84.2812943,River/Stream,Field Msr/Obs,Surface Water,5/12/2024,Probe/Sensor,Dissolved oxygen (DO),8,mg/L
Sault Ste. Marie Water Rangers Task Team,11708,Root River:Root River off Hwy 17 N (near Teen Challenge),46.5717047,-84.3206692,River/Stream,Field Msr/Obs,Surface Water,5/5/2024,Secchi Disk,Depth of water column,0.32,m
Sault Ste. Marie Water Rangers Task Team,11704,Root River:Root River Wishart Park,46.5637702,-84.2936325,River/Stream,Field Msr/Obs,Surface Water,3/27/2024,Probe/Sensor,"Temperature, air",-1,deg C
Sault Ste. Marie Water Rangers Task Team,11718,East Davignon Creek:East Davignon Creek Allens Side (N of 2nd Ln W),46.559108,-84.4037962,River/Stream,Field Msr/Obs,Surface Water,4/13/2024,Test strip,Total hardness,0,mg/L
Sault Ste. Marie Water Rangers Task Team,11706,Root River:Root River Fourth Line E,46.5672083,-84.3063569,River/Stream,Field Msr/Obs,Surface Water,5/24/2024,Secchi Disk,Depth of water column,0.19,m
Sault Ste. Marie Water Rangers Task Team,11704,Root River:Root River Wishart Park,46.5637702,-84.2936325,River/Stream,Field Msr/Obs,Surface Water,3/27/2024,,pH,6.8,None
Sault Ste. Marie Water Rangers Task Team,11716,Big Carp River:Big Carp River Herkimer Rd,46.5062632,-84.4498873,River/Stream,Field Msr/Obs,Surface Water,5/10/2024,Test strip,"Alkalinity, total",20,mg/L
Sault Ste. Marie Water Rangers Task Team,11707,Root River Branch:Root River Branch Fourth Line E,46.5676351,-84.3005633,River/Stream,Field Msr/Obs,Surface Water,4/21/2024,Test strip,"Alkalinity, total",20,mg/L
Sault Ste. Marie Water Rangers Task Team,11704,Root River:Root River Wishart Park,46.5637702,-84.2936325,River/Stream,Field Msr/Obs,Surface Water,4/5/2024,,pH,6.4,None
Sault Ste. Marie Water Rangers Task Team,11707,Root River Branch:Root River Branch Fourth Line E,46.5676351,-84.3005633,River/Stream,Field Msr/Obs,Surface Water,6/22/2024,Probe/Sensor,"Temperature, water",13,deg C
Sault Ste. Marie Water Rangers Task Team,11706,Root River:Root River Fourth Line E,46.5672083,-84.3063569,River/Stream,Field Msr/Obs,Surface Water,5/24/2024,Probe/Sensor,Conductivity,92,uS/cm
Sault Ste. Marie Water Rangers Task Team,11718,East Davignon Creek:East Davignon Creek Allens Side (N of 2nd Ln W),46.559108,-84.4037962,River/Stream,Field Msr/Obs,Surface Water,5/10/2024,Test strip,"Alkalinity, total",20,mg/L
Sault Ste. Marie Water Rangers Task Team,11718,East Davignon Creek:East Davignon Creek Allens Side (N of 2nd Ln W),46.559108,-84.4037962,River/Stream,Field Msr/Obs,Surface Water,3/16/2024,Probe/Sensor,Dissolved oxygen (DO),11,mg/L
Sault Ste. Marie Water Rangers Task Team,11718,East Davignon Creek:East Davignon Creek Allens Side (N of 2nd Ln W),46.559108,-84.4037962,River/Stream,Field Msr/Obs,Surface Water,4/13/2024,Probe/Sensor,Conductivity,23,uS/cm
Sault Ste. Marie Water Rangers Task Team,11718,East Davignon Creek:East Davignon Creek Allens Side (N of 2nd Ln W),46.559108,-84.4037962,River/Stream,Field Msr/Obs,Surface Water,3/27/2024,Probe/Sensor,Dissolved oxygen (DO),9,mg/L
Sault Ste. Marie Water Rangers Task Team,11715,Little Carp River:Little Carp River Carpin Beach Rd,46.5097352,-84.4441581,River/Stream,Field Msr/Obs,Surface Water,3/16/2024,Test strip,Chlorine,0,ppm
Sault Ste. Marie Water Rangers Task Team,11718,East Davignon Creek:East Davignon Creek Allens Side (N of 2nd Ln W),46.559108,-84.4037962,River/Stream,Field Msr/Obs,Surface Water,5/18/2024,Test strip,Chlorine,0,ppm
Sault Ste. Marie Water Rangers Task Team,11704,Root River:Root River Wishart Park,46.5637702,-84.2936325,River/Stream,Field Msr/Obs,Surface Water,5/5/2024,Secchi Disk,Depth of water column,0.32,m
Sault Ste. Marie Water Rangers Task Team,11704,Root River:Root River Wishart Park,46.5637702,-84.2936325,River/Stream,Field Msr/Obs,Surface Water,5/11/2024,Test strip,Total hardness,0,mg/L
Sault Ste. Marie Water Rangers Task Team,11704,Root River:Root River Wishart Park,46.5637702,-84.2936325,River/Stream,Field Msr/Obs,Surface Water,5/18/2024,Probe/Sensor,Conductivity,84,uS/cm
Sault Ste. Marie Water Rangers Task Team,11715,Little Carp River:Little Carp River Carpin Beach Rd,46.5097352,-84.4441581,River/Stream,Field Msr/Obs,Surface Water,4/13/2024,Probe/Sensor,Conductivity,102,uS/cm
Sault Ste. Marie Water Rangers Task Team,11711,Duck pond:Bellevue Park duck pond,46.5004401,-84.2993188,Lake/Pond,Field Msr/Obs,Surface Water,4/23/2024,Test strip,"Alkalinity, total",180,mg/L
Sault Ste. Marie Water Rangers Task Team,11708,Root River:Root River off Hwy 17 N (near Teen Challenge),46.5717047,-84.3206692,River/Stream,Field Msr/Obs,Surface Water,3/27/2024,Test strip,"Alkalinity, total",0,mg/L
Sault Ste. Marie Water Rangers Task Team,11712,Fort Creek:Fort Creek Channel at Carmen's Way,46.5363508,-84.3442512,River/Stream,Field Msr/Obs,Surface Water,5/12/2024,Probe/Sensor,"Temperature, water",10.5,deg C
Sault Ste. Marie Water Rangers Task Team,11712,Fort Creek:Fort Creek Channel at Carmen's Way,46.5363508,-84.3442512,River/Stream,Field Msr/Obs,Surface Water,4/28/2024,Secchi Disk,Depth of water column,0.15,m
Sault Ste. Marie Water Rangers Task Team,11711,Duck pond:Bellevue Park duck pond,46.5004401,-84.2993188,Lake/Pond,Field Msr/Obs,Surface Water,3/1/2024,Probe/Sensor,"Temperature, air",8,deg C
Sault Ste. Marie Water Rangers Task Team,11712,Fort Creek:Fort Creek Channel at Carmen's Way,46.5363508,-84.3442512,River/Stream,Field Msr/Obs,Surface Water,3/8/2024,Probe/Sensor,Dissolved oxygen (DO),11,mg/L
Sault Ste. Marie Water Rangers Task Team,11703,Root River:Root River Old Garden River,46.5629144,-84.2812943,River/Stream,Field Msr/Obs,Surface Water,6/24/2024,,pH,7.5,None
Sault Ste. Marie Water Rangers Task Team,11713,East Davignon Creek:East Davignon Farwell Terrace (near Tim Hortons),46.5367668,-84.3616748,River/Stream,Field Msr/Obs,Surface Water,3/9/2024,Test strip,Chlorine,0,ppm
Sault Ste. Marie Water Rangers Task Team,11716,Big Carp River:Big Carp River Herkimer Rd,46.5062632,-84.4498873,River/Stream,Field Msr/Obs,Surface Water,3/16/2024,Test strip,"Alkalinity, total",0,mg/L
Sault Ste. Marie Water Rangers Task Team,11715,Little Carp River:Little Carp River Carpin Beach Rd,46.5097352,-84.4441581,River/Stream,Field Msr/Obs,Surface Water,5/18/2024,Probe/Sensor,Dissolved oxygen (DO),9,mg/L
Sault Ste. Marie Water Rangers Task Team,11710,Root River:Root River Hwy 17E,46.5459338,-84.2184019,River/Stream,Field Msr/Obs,Surface Water,3/1/2024,Probe/Sensor,"Temperature, air",7,deg C
Sault Ste. Marie Water Rangers Task Team,11718,East Davignon Creek:East Davignon Creek Allens Side (N of 2nd Ln W),46.559108,-84.4037962,River/Stream,Field Msr/Obs,Surface Water,3/27/2024,Test strip,Chlorine,0,ppm
Sault Ste. Marie Water Rangers Task Team,11716,Big Carp River:Big Carp River Herkimer Rd,46.5062632,-84.4498873,River/Stream,Field Msr/Obs,Surface Water,6/14/2024,Secchi Disk,Depth of water column,1.05,m
Sault Ste. Marie Water Rangers Task Team,11718,East Davignon Creek:East Davignon Creek Allens Side (N of 2nd Ln W),46.559108,-84.4037962,River/Stream,Field Msr/Obs,Surface Water,4/13/2024,Test strip,"Alkalinity, total",0,mg/L
Sault Ste. Marie Water Rangers Task Team,11716,Big Carp River:Big Carp River Herkimer Rd,46.5062632,-84.4498873,River/Stream,Field Msr/Obs,Surface Water,4/13/2024,Secchi Disk,Depth of water column,1.3,m
Sault Ste. Marie Water Rangers Task Team,11702,Cold Water Creek:Cold Water Creek at Old Garden River Road,46.5636057,-84.2783117,River/Stream,Field Msr/Obs,Surface Water,4/5/2024,,pH,6.4,None
Sault Ste. Marie Water Rangers Task Team,11714,West Davignon Creek:West Davignon Brookfield Ave,46.5307892,-84.3968654,River/Stream,Field Msr/Obs,Surface Water,3/31/2024,Test strip,Chlorine,0,ppm
Sault Ste. Marie Water Rangers Task Team,11711,Duck pond:Bellevue Park duck pond,46.5004401,-84.2993188,Lake/Pond,Field Msr/Obs,Surface Water,5/17/2024,Test strip,Total hardness,100,mg/L
Sault Ste. Marie Water Rangers Task Team,11708,Root River:Root River off Hwy 17 N (near Teen Challenge),46.5717047,-84.3206692,River/Stream,Field Msr/Obs,Surface Water,5/10/2024,Probe/Sensor,Conductivity,75,uS/cm
Sault Ste. Marie Water Rangers Task Team,11715,Little Carp River:Little Carp River Carpin Beach Rd,46.5097352,-84.4441581,River/Stream,Field Msr/Obs,Surface Water,3/10/2024,Secchi Disk,Depth of water column,0.3,m
Sault Ste. Marie Water Rangers Task Team,11714,West Davignon Creek:West Davignon Brookfield Ave,46.5307892,-84.3968654,River/Stream,Field Msr/Obs,Surface Water,3/8/2024,Probe/Sensor,"Temperature, air",7,deg C
Sault Ste. Marie Water Rangers Task Team,11704,Root River:Root River Wishart Park,46.5637702,-84.2936325,River/Stream,Field Msr/Obs,Surface Water,3/10/2024,Test strip,Total hardness,0,mg/L
Sault Ste. Marie Water Rangers Task Team,11703,Root River:Root River Old Garden River,46.5629144,-84.2812943,River/Stream,Field Msr/Obs,Surface Water,6/28/2024,Probe/Sensor,"Temperature, water",16.9,deg C
Sault Ste. Marie Water Rangers Task Team,11705,Coldwater Creek:Lower Coldwater Creek Case Rd,46.5646992,-84.2689991,River/Stream,Field Msr/Obs,Surface Water,5/19/2024,Test strip,"Alkalinity, total",0,mg/L
Sault Ste. Marie Water Rangers Task Team,11710,Root River:Root River Hwy 17E,46.5459338,-84.2184019,River/Stream,Field Msr/Obs,Surface Water,3/27/2024,Test strip,Total hardness,0,mg/L
Sault Ste. Marie Water Rangers Task Team,11708,Root River:Root River off Hwy 17 N (near Teen Challenge),46.5717047,-84.3206692,River/Stream,Field Msr/Obs,Surface Water,3/27/2024,Secchi Disk,"Depth, Secchi disk depth",0.29,m
Sault Ste. Marie Water Rangers Task Team,11718,East Davignon Creek:East Davignon Creek Allens Side (N of 2nd Ln W),46.559108,-84.4037962,River/Stream,Field Msr/Obs,Surface Water,3/1/2024,Probe/Sensor,Dissolved oxygen (DO),11,mg/L
Sault Ste. Marie Water Rangers Task Team,11705,Coldwater Creek:Lower Coldwater Creek Case Rd,46.5646992,-84.2689991,River/Stream,Field Msr/Obs,Surface Water,4/19/2024,Test strip,Total hardness,0,mg/L
Sault Ste. Marie Water Rangers Task Team,11715,Little Carp River:Little Carp River Carpin Beach Rd,46.5097352,-84.4441581,River/Stream,Field Msr/Obs,Surface Water,4/13/2024,Test strip,"Alkalinity, total",0,mg/L
Sault Ste. Marie Water Rangers Task Team,11702,Cold Water Creek:Cold Water Creek at Old Garden River Road,46.5636057,-84.2783117,River/Stream,Field Msr/Obs,Surface Water,7/24/2024,Probe/Sensor,"Temperature, water",13.9,deg C
Sault Ste. Marie Water Rangers Task Team,11710,Root River:Root River Hwy 17E,46.5459338,-84.2184019,River/Stream,Field Msr/Obs,Surface Water,3/10/2024,,pH,6.4,None
Sault Ste. Marie Water Rangers Task Team,11718,East Davignon Creek:East Davignon Creek Allens Side (N of 2nd Ln W),46.559108,-84.4037962,River/Stream,Field Msr/Obs,Surface Water,3/27/2024,Probe/Sensor,Conductivity,23,uS/cm
Sault Ste. Marie Water Rangers Task Team,11717,Upper Carp River:Upper Carp River at Creek Rd/Third Line W,46.5480272,-84.4551659,River/Stream,Field Msr/Obs,Surface Water,4/19/2024,Test strip,"Alkalinity, total",0,mg/L
Sault Ste. Marie Water Rangers Task Team,11709,Canon Creek:Canon Creek Old Goulais Bay Rd,46.5915743,-84.3430281,River/Stream,Field Msr/Obs,Surface Water,6/8/2024,Probe/Sensor,"Temperature, water",17.1,deg C
Sault Ste. Marie Water Rangers Task Team,11711,Duck pond:Bellevue Park duck pond,46.5004401,-84.2993188,Lake/Pond,Field Msr/Obs,Surface Water,3/15/2024,,pH,7.2,None
Sault Ste. Marie Water Rangers Task Team,11713,East Davignon Creek:East Davignon Farwell Terrace (near Tim Hortons),46.5367668,-84.3616748,River/Stream,Field Msr/Obs,Surface Water,4/14/2024,Probe/Sensor,Conductivity,139,uS/cm
Sault Ste. Marie Water Rangers Task Team,11717,Upper Carp River:Upper Carp River at Creek Rd/Third Line W,46.5480272,-84.4551659,River/Stream,Field Msr/Obs,Surface Water,3/27/2024,Probe/Sensor,"Temperature, air",-2,deg C
Sault Ste. Marie Water Rangers Task Team,11716,Big Carp River:Big Carp River Herkimer Rd,46.5062632,-84.4498873,River/Stream,Field Msr/Obs,Surface Water,6/14/2024,Probe/Sensor,Conductivity,109,uS/cm
Sault Ste. Marie Water Rangers Task Team,11718,East Davignon Creek:East Davignon Creek Allens Side (N of 2nd Ln W),46.559108,-84.4037962,River/Stream,Field Msr/Obs,Surface Water,3/27/2024,Test strip,"Alkalinity, total",0,mg/L
Sault Ste. Marie Water Rangers Task Team,11703,Root River:Root River Old Garden River,46.5629144,-84.2812943,River/Stream,Field Msr/Obs,Surface Water,5/12/2024,Secchi Disk,Depth of water column,0.24,m
Sault Ste. Marie Water Rangers Task Team,11716,Big Carp River:Big Carp River Herkimer Rd,46.5062632,-84.4498873,River/Stream,Field Msr/Obs,Surface Water,3/31/2024,Probe/Sensor,Conductivity,50,uS/cm
Sault Ste. Marie Water Rangers Task Team,11713,East Davignon Creek:East Davignon Farwell Terrace (near Tim Hortons),46.5367668,-84.3616748,River/Stream,Field Msr/Obs,Surface Water,5/12/2024,Probe/Sensor,Conductivity,181,uS/cm
Sault Ste. Marie Water Rangers Task Team,11706,Root River:Root River Fourth Line E,46.5672083,-84.3063569,River/Stream,Field Msr/Obs,Surface Water,5/24/2024,Test strip,"Alkalinity, total",0,mg/L
Sault Ste. Marie Water Rangers Task Team,11713,East Davignon Creek:East Davignon Farwell Terrace (near Tim Hortons),46.5367668,-84.3616748,River/Stream,Field Msr/Obs,Surface Water,3/15/2024,Probe/Sensor,"Temperature, air",4,deg C
Sault Ste. Marie Water Rangers Task Team,11718,East Davignon Creek:East Davignon Creek Allens Side (N of 2nd Ln W),46.559108,-84.4037962,River/Stream,Field Msr/Obs,Surface Water,4/19/2024,Secchi Disk,Depth of water column,0.24,m
Sault Ste. Marie Water Rangers Task Team,11718,East Davignon Creek:East Davignon Creek Allens Side (N of 2nd Ln W),46.559108,-84.4037962,River/Stream,Field Msr/Obs,Surface Water,6/3/2024,Secchi Disk,Depth of water column,0.17,m
Sault Ste. Marie Water Rangers Task Team,11710,Root River:Root River Hwy 17E,46.5459338,-84.2184019,River/Stream,Field Msr/Obs,Surface Water,3/27/2024,Secchi Disk,"Depth, Secchi disk depth",0.18,m
Sault Ste. Marie Water Rangers Task Team,11718,East Davignon Creek:East Davignon Creek Allens Side (N of 2nd Ln W),46.559108,-84.4037962,River/Stream,Field Msr/Obs,Surface Water,4/13/2024,Probe/Sensor,"Temperature, water",5.6,deg C
Sault Ste. Marie Water Rangers Task Team,11706,Root River:Root River Fourth Line E,46.5672083,-84.3063569,River/Stream,Field Msr/Obs,Surface Water,5/10/2024,Test strip,Total hardness,0,mg/L
Sault Ste. Marie Water Rangers Task Team,11716,Big Carp River:Big Carp River Herkimer Rd,46.5062632,-84.4498873,River/Stream,Field Msr/Obs,Surface Water,4/13/2024,Probe/Sensor,Conductivity,85,uS/cm
Sault Ste. Marie Water Rangers Task Team,11704,Root River:Root River Wishart Park,46.5637702,-84.2936325,River/Stream,Field Msr/Obs,Surface Water,4/13/2024,,pH,6.4,None
Sault Ste. Marie Water Rangers Task Team,11709,Canon Creek:Canon Creek Old Goulais Bay Rd,46.5915743,-84.3430281,River/Stream,Field Msr/Obs,Surface Water,4/5/2024,,pH,6.8,None
Sault Ste. Marie Water Rangers Task Team,11705,Coldwater Creek:Lower Coldwater Creek Case Rd,46.5646992,-84.2689991,River/Stream,Field Msr/Obs,Surface Water,3/15/2024,Probe/Sensor,Dissolved oxygen (DO),10,mg/L
Sault Ste. Marie Water Rangers Task Team,11705,Coldwater Creek:Lower Coldwater Creek Case Rd,46.5646992,-84.2689991,River/Stream,Field Msr/Obs,Surface Water,3/10/2024,Probe/Sensor,"Temperature, water",2,deg C
Sault Ste. Marie Water Rangers Task Team,11711,Duck pond:Bellevue Park duck pond,46.5004401,-84.2993188,Lake/Pond,Field Msr/Obs,Surface Water,5/17/2024,Secchi Disk,Depth of water column,0.25,m
Sault Ste. Marie Water Rangers Task Team,11711,Duck pond:Bellevue Park duck pond,46.5004401,-84.2993188,Lake/Pond,Field Msr/Obs,Surface Water,5/17/2024,Probe/Sensor,Dissolved oxygen (DO),6,mg/L
Sault Ste. Marie Water Rangers Task Team,11703,Root River:Root River Old Garden River,46.5629144,-84.2812943,River/Stream,Field Msr/Obs,Surface Water,7/24/2024,Probe/Sensor,"Temperature, air",21,deg C
Sault Ste. Marie Water Rangers Task Team,11704,Root River:Root River Wishart Park,46.5637702,-84.2936325,River/Stream,Field Msr/Obs,Surface Water,6/21/2024,Test strip,Chlorine,0,ppm
Sault Ste. Marie Water Rangers Task Team,11701,St. Marys River:Bellevue Park Topsail Island,46.4952016,-84.297452,River/Stream,Field Msr/Obs,Surface Water,2/22/2024,Test strip,Total hardness,0,mg/L
Sault Ste. Marie Water Rangers Task Team,11714,West Davignon Creek:West Davignon Brookfield Ave,46.5307892,-84.3968654,River/Stream,Field Msr/Obs,Surface Water,5/10/2024,Secchi Disk,Depth of water column,0.15,m
Sault Ste. Marie Water Rangers Task Team,11714,West Davignon Creek:West Davignon Brookfield Ave,46.5307892,-84.3968654,River/Stream,Field Msr/Obs,Surface Water,4/5/2024,Secchi Disk,Depth of water column,0.4,m
Sault Ste. Marie Water Rangers Task Team,11704,Root River:Root River Wishart Park,46.5637702,-84.2936325,River/Stream,Field Msr/Obs,Surface Water,4/12/2024,Test strip,Chlorine,0,ppm
Sault Ste. Marie Water Rangers Task Team,11712,Fort Creek:Fort Creek Channel at Carmen's Way,46.5363508,-84.3442512,River/Stream,Field Msr/Obs,Surface Water,4/14/2024,Secchi Disk,Depth of water column,0.17,m
Sault Ste. Marie Water Rangers Task Team,11704,Root River:Root River Wishart Park,46.5637702,-84.2936325,River/Stream,Field Msr/Obs,Surface Water,6/14/2024,Probe/Sensor,Dissolved oxygen (DO),8,mg/L
Sault Ste. Marie Water Rangers Task Team,11716,Big Carp River:Big Carp River Herkimer Rd,46.5062632,-84.4498873,River/Stream,Field Msr/Obs,Surface Water,5/24/2024,Test strip,"Alkalinity, total",0,mg/L
Sault Ste. Marie Water Rangers Task Team,11705,Coldwater Creek:Lower Coldwater Creek Case Rd,46.5646992,-84.2689991,River/Stream,Field Msr/Obs,Surface Water,5/5/2024,Probe/Sensor,Conductivity,27,uS/cm
Sault Ste. Marie Water Rangers Task Team,11717,Upper Carp River:Upper Carp River at Creek Rd/Third Line W,46.5480272,-84.4551659,River/Stream,Field Msr/Obs,Surface Water,5/24/2024,,pH,6.4,None
Sault Ste. Marie Water Rangers Task Team,11718,East Davignon Creek:East Davignon Creek Allens Side (N of 2nd Ln W),46.559108,-84.4037962,River/Stream,Field Msr/Obs,Surface Water,5/10/2024,,pH,7.5,None
Sault Ste. Marie Water Rangers Task Team,11710,Root River:Root River Hwy 17E,46.5459338,-84.2184019,River/Stream,Field Msr/Obs,Surface Water,4/22/2024,Probe/Sensor,"Temperature, water",10.2,deg C
Sault Ste. Marie Water Rangers Task Team,11703,Root River:Root River Old Garden River,46.5629144,-84.2812943,River/Stream,Field Msr/Obs,Surface Water,5/10/2024,Test strip,"Alkalinity, total",20,mg/L
Sault Ste. Marie Water Rangers Task Team,11712,Fort Creek:Fort Creek Channel at Carmen's Way,46.5363508,-84.3442512,River/Stream,Field Msr/Obs,Surface Water,6/14/2024,Test strip,Chlorine,0,ppm
Sault Ste. Marie Water Rangers Task Team,11708,Root River:Root River off Hwy 17 N (near Teen Challenge),46.5717047,-84.3206692,River/Stream,Field Msr/Obs,Surface Water,5/10/2024,Test strip,Total hardness,0,mg/L
Sault Ste. Marie Water Rangers Task Team,11711,Duck pond:Bellevue Park duck pond,46.5004401,-84.2993188,Lake/Pond,Field Msr/Obs,Surface Water,4/14/2024,,pH,7.2,None
Sault Ste. Marie Water Rangers Task Team,11712,Fort Creek:Fort Creek Channel at Carmen's Way,46.5363508,-84.3442512,River/Stream,Field Msr/Obs,Surface Water,3/15/2024,Test strip,Chlorine,0,ppm
Sault Ste. Marie Water Rangers Task Team,11718,East Davignon Creek:East Davignon Creek Allens Side (N of 2nd Ln W),46.559108,-84.4037962,River/Stream,Field Msr/Obs,Surface Water,3/10/2024,Test strip,"Alkalinity, total",20,mg/L
Sault Ste. Marie Water Rangers Task Team,11706,Root River:Root River Fourth Line E,46.5672083,-84.3063569,River/Stream,Field Msr/Obs,Surface Water,4/13/2024,Probe/Sensor,"Temperature, water",3.7,deg C
Sault Ste. Marie Water Rangers Task Team,11709,Canon Creek:Canon Creek Old Goulais Bay Rd,46.5915743,-84.3430281,River/Stream,Field Msr/Obs,Surface Water,4/12/2024,Test strip,Chlorine,0,ppm
Sault Ste. Marie Water Rangers Task Team,11706,Root River:Root River Fourth Line E,46.5672083,-84.3063569,River/Stream,Field Msr/Obs,Surface Water,3/27/2024,Secchi Disk,"Depth, Secchi disk depth",0.3,m
Sault Ste. Marie Water Rangers Task Team,11709,Canon Creek:Canon Creek Old Goulais Bay Rd,46.5915743,-84.3430281,River/Stream,Field Msr/Obs,Surface Water,3/15/2024,Probe/Sensor,Conductivity,21,uS/cm
Sault Ste. Marie Water Rangers Task Team,11709,Canon Creek:Canon Creek Old Goulais Bay Rd,46.5915743,-84.3430281,River/Stream,Field Msr/Obs,Surface Water,5/5/2024,Test strip,"Alkalinity, total",0,mg/L
Sault Ste. Marie Water Rangers Task Team,11705,Coldwater Creek:Lower Coldwater Creek Case Rd,46.5646992,-84.2689991,River/Stream,Field Msr/Obs,Surface Water,4/26/2024,Probe/Sensor,Dissolved oxygen (DO),12,mg/L
Sault Ste. Marie Water Rangers Task Team,11702,Cold Water Creek:Cold Water Creek at Old Garden River Road,46.5636057,-84.2783117,River/Stream,Field Msr/Obs,Surface Water,4/26/2024,Probe/Sensor,"Temperature, air",13,deg C
Sault Ste. Marie Water Rangers Task Team,11708,Root River:Root River off Hwy 17 N (near Teen Challenge),46.5717047,-84.3206692,River/Stream,Field Msr/Obs,Surface Water,5/24/2024,Secchi Disk,Depth of water column,0.11,m
Sault Ste. Marie Water Rangers Task Team,11704,Root River:Root River Wishart Park,46.5637702,-84.2936325,River/Stream,Field Msr/Obs,Surface Water,5/18/2024,,pH,6.4,None
Sault Ste. Marie Water Rangers Task Team,11716,Big Carp River:Big Carp River Herkimer Rd,46.5062632,-84.4498873,River/Stream,Field Msr/Obs,Surface Water,4/19/2024,Secchi Disk,Depth of water column,1.14,m
Sault Ste. Marie Water Rangers Task Team,11712,Fort Creek:Fort Creek Channel at Carmen's Way,46.5363508,-84.3442512,River/Stream,Field Msr/Obs,Surface Water,4/28/2024,Probe/Sensor,Conductivity,707,uS/cm
Sault Ste. Marie Water Rangers Task Team,11706,Root River:Root River Fourth Line E,46.5672083,-84.3063569,River/Stream,Field Msr/Obs,Surface Water,4/13/2024,Test strip,Total hardness,0,mg/L
Sault Ste. Marie Water Rangers Task Team,11717,Upper Carp River:Upper Carp River at Creek Rd/Third Line W,46.5480272,-84.4551659,River/Stream,Field Msr/Obs,Surface Water,3/27/2024,Test strip,Chlorine,0,ppm
Sault Ste. Marie Water Rangers Task Team,11705,Coldwater Creek:Lower Coldwater Creek Case Rd,46.5646992,-84.2689991,River/Stream,Field Msr/Obs,Surface Water,5/19/2024,Probe/Sensor,"Temperature, water",11.2,deg C
Sault Ste. Marie Water Rangers Task Team,11708,Root River:Root River off Hwy 17 N (near Teen Challenge),46.5717047,-84.3206692,River/Stream,Field Msr/Obs,Surface Water,4/13/2024,Test strip,Chlorine,0,ppm
Sault Ste. Marie Water Rangers Task Team,11710,Root River:Root River Hwy 17E,46.5459338,-84.2184019,River/Stream,Field Msr/Obs,Surface Water,4/22/2024,Test strip,Total hardness,0,mg/L
Sault Ste. Marie Water Rangers Task Team,11711,Duck pond:Bellevue Park duck pond,46.5004401,-84.2993188,Lake/Pond,Field Msr/Obs,Surface Water,3/27/2024,Test strip,"Alkalinity, total",120,mg/L
Sault Ste. Marie Water Rangers Task Team,11701,St. Marys River:Bellevue Park Topsail Island,46.4952016,-84.297452,River/Stream,Field Msr/Obs,Surface Water,3/15/2024,Probe/Sensor,"Temperature, water",4.7,deg C
Sault Ste. Marie Water Rangers Task Team,11709,Canon Creek:Canon Creek Old Goulais Bay Rd,46.5915743,-84.3430281,River/Stream,Field Msr/Obs,Surface Water,4/26/2024,Test strip,Chlorine,0,ppm
Sault Ste. Marie Water Rangers Task Team,11703,Root River:Root River Old Garden River,46.5629144,-84.2812943,River/Stream,Field Msr/Obs,Surface Water,6/10/2024,Secchi Disk,Depth of water column,0.24,m
Sault Ste. Marie Water Rangers Task Team,11718,East Davignon Creek:East Davignon Creek Allens Side (N of 2nd Ln W),46.559108,-84.4037962,River/Stream,Field Msr/Obs,Surface Water,4/19/2024,Probe/Sensor,"Temperature, water",7.1,deg C
Sault Ste. Marie Water Rangers Task Team,11710,Root River:Root River Hwy 17E,46.5459338,-84.2184019,River/Stream,Field Msr/Obs,Surface Water,6/14/2024,Probe/Sensor,"Temperature, air",18.5,deg C
Sault Ste. Marie Water Rangers Task Team,11718,East Davignon Creek:East Davignon Creek Allens Side (N of 2nd Ln W),46.559108,-84.4037962,River/Stream,Field Msr/Obs,Surface Water,5/18/2024,Probe/Sensor,Dissolved oxygen (DO),9,mg/L
Sault Ste. Marie Water Rangers Task Team,11716,Big Carp River:Big Carp River Herkimer Rd,46.5062632,-84.4498873,River/Stream,Field Msr/Obs,Surface Water,6/14/2024,Test strip,Total hardness,0,mg/L
Sault Ste. Marie Water Rangers Task Team,11710,Root River:Root River Hwy 17E,46.5459338,-84.2184019,River/Stream,Field Msr/Obs,Surface Water,5/25/2024,Probe/Sensor,Dissolved oxygen (DO),8,mg/L
Sault Ste. Marie Water Rangers Task Team,11712,Fort Creek:Fort Creek Channel at Carmen's Way,46.5363508,-84.3442512,River/Stream,Field Msr/Obs,Surface Water,3/8/2024,Probe/Sensor,Conductivity,797,uS/cm
Sault Ste. Marie Water Rangers Task Team,11702,Cold Water Creek:Cold Water Creek at Old Garden River Road,46.5636057,-84.2783117,River/Stream,Field Msr/Obs,Surface Water,5/27/2024,Test strip,Total hardness,0,mg/L
Sault Ste. Marie Water Rangers Task Team,11718,East Davignon Creek:East Davignon Creek Allens Side (N of 2nd Ln W),46.559108,-84.4037962,River/Stream,Field Msr/Obs,Surface Water,4/19/2024,Test strip,Total hardness,0,mg/L
Sault Ste. Marie Water Rangers Task Team,11702,Cold Water Creek:Cold Water Creek at Old Garden River Road,46.5636057,-84.2783117,River/Stream,Field Msr/Obs,Surface Water,3/15/2024,Probe/Sensor,"Temperature, water",8.4,deg C
Sault Ste. Marie Water Rangers Task Team,11711,Duck pond:Bellevue Park duck pond,46.5004401,-84.2993188,Lake/Pond,Field Msr/Obs,Surface Water,4/7/2024,Test strip,Chlorine,0,ppm
Sault Ste. Marie Water Rangers Task Team,11712,Fort Creek:Fort Creek Channel at Carmen's Way,46.5363508,-84.3442512,River/Stream,Field Msr/Obs,Surface Water,3/8/2024,Secchi Disk,Depth of water column,0.2,m
Sault Ste. Marie Water Rangers Task Team,11705,Coldwater Creek:Lower Coldwater Creek Case Rd,46.5646992,-84.2689991,River/Stream,Field Msr/Obs,Surface Water,4/12/2024,Secchi Disk,"Depth, Secchi disk depth",0.47,m
Sault Ste. Marie Water Rangers Task Team,11702,Cold Water Creek:Cold Water Creek at Old Garden River Road,46.5636057,-84.2783117,River/Stream,Field Msr/Obs,Surface Water,6/10/2024,Probe/Sensor,Conductivity,174,uS/cm
Sault Ste. Marie Water Rangers Task Team,11703,Root River:Root River Old Garden River,46.5629144,-84.2812943,River/Stream,Field Msr/Obs,Surface Water,6/14/2024,Probe/Sensor,"Temperature, air",19,deg C
Sault Ste. Marie Water Rangers Task Team,11702,Cold Water Creek:Cold Water Creek at Old Garden River Road,46.5636057,-84.2783117,River/Stream,Field Msr/Obs,Surface Water,6/10/2024,,pH,7.5,None
Sault Ste. Marie Water Rangers Task Team,11711,Duck pond:Bellevue Park duck pond,46.5004401,-84.2993188,Lake/Pond,Field Msr/Obs,Surface Water,3/27/2024,Secchi Disk,Depth of water column,0.19,m
Sault Ste. Marie Water Rangers Task Team,11715,Little Carp River:Little Carp River Carpin Beach Rd,46.5097352,-84.4441581,River/Stream,Field Msr/Obs,Surface Water,5/24/2024,,pH,6.5,None
Sault Ste. Marie Water Rangers Task Team,11714,West Davignon Creek:West Davignon Brookfield Ave,46.5307892,-84.3968654,River/Stream,Field Msr/Obs,Surface Water,3/27/2024,,pH,6.4,None
Sault Ste. Marie Water Rangers Task Team,11703,Root River:Root River Old Garden River,46.5629144,-84.2812943,River/Stream,Field Msr/Obs,Surface Water,5/12/2024,Probe/Sensor,Conductivity,102,uS/cm
Sault Ste. Marie Water Rangers Task Team,11717,Upper Carp River:Upper Carp River at Creek Rd/Third Line W,46.5480272,-84.4551659,River/Stream,Field Msr/Obs,Surface Water,3/27/2024,Test strip,Total hardness,0,mg/L
Sault Ste. Marie Water Rangers Task Team,11713,East Davignon Creek:East Davignon Farwell Terrace (near Tim Hortons),46.5367668,-84.3616748,River/Stream,Field Msr/Obs,Surface Water,6/7/2024,Test strip,Chlorine,0,ppm
Sault Ste. Marie Water Rangers Task Team,11713,East Davignon Creek:East Davignon Farwell Terrace (near Tim Hortons),46.5367668,-84.3616748,River/Stream,Field Msr/Obs,Surface Water,4/28/2024,Test strip,Total hardness,50,mg/L
Sault Ste. Marie Water Rangers Task Team,11711,Duck pond:Bellevue Park duck pond,46.5004401,-84.2993188,Lake/Pond,Field Msr/Obs,Surface Water,3/10/2024,Probe/Sensor,"Temperature, water",2.9,deg C
Sault Ste. Marie Water Rangers Task Team,11711,Duck pond:Bellevue Park duck pond,46.5004401,-84.2993188,Lake/Pond,Field Msr/Obs,Surface Water,3/27/2024,Probe/Sensor,Conductivity,448,uS/cm
Sault Ste. Marie Water Rangers Task Team,11716,Big Carp River:Big Carp River Herkimer Rd,46.5062632,-84.4498873,River/Stream,Field Msr/Obs,Surface Water,6/8/2024,,pH,7.7,None
Sault Ste. Marie Water Rangers Task Team,11718,East Davignon Creek:East Davignon Creek Allens Side (N of 2nd Ln W),46.559108,-84.4037962,River/Stream,Field Msr/Obs,Surface Water,3/27/2024,Probe/Sensor,Dissolved oxygen (DO),9,mg/L
Sault Ste. Marie Water Rangers Task Team,11708,Root River:Root River off Hwy 17 N (near Teen Challenge),46.5717047,-84.3206692,River/Stream,Field Msr/Obs,Surface Water,3/10/2024,Secchi Disk,"Depth, Secchi disk depth",2,m
Sault Ste. Marie Water Rangers Task Team,11702,Cold Water Creek:Cold Water Creek at Old Garden River Road,46.5636057,-84.2783117,River/Stream,Field Msr/Obs,Surface Water,5/19/2024,Test strip,Chlorine,0,ppm
Sault Ste. Marie Water Rangers Task Team,11713,East Davignon Creek:East Davignon Farwell Terrace (near Tim Hortons),46.5367668,-84.3616748,River/Stream,Field Msr/Obs,Surface Water,3/8/2024,Secchi Disk,Depth of water column,0.4,m
Sault Ste. Marie Water Rangers Task Team,11710,Root River:Root River Hwy 17E,46.5459338,-84.2184019,River/Stream,Field Msr/Obs,Surface Water,3/15/2024,Secchi Disk,"Depth, Secchi disk depth",0.62,m
Sault Ste. Marie Water Rangers Task Team,11702,Cold Water Creek:Cold Water Creek at Old Garden River Road,46.5636057,-84.2783117,River/Stream,Field Msr/Obs,Surface Water,3/15/2024,Probe/Sensor,Dissolved oxygen (DO),10,mg/L
Sault Ste. Marie Water Rangers Task Team,11708,Root River:Root River off Hwy 17 N (near Teen Challenge),46.5717047,-84.3206692,River/Stream,Field Msr/Obs,Surface Water,3/10/2024,Probe/Sensor,Conductivity,58,uS/cm
Sault Ste. Marie Water Rangers Task Team,11708,Root River:Root River off Hwy 17 N (near Teen Challenge),46.5717047,-84.3206692,River/Stream,Field Msr/Obs,Surface Water,5/10/2024,Test strip,Chlorine,0,ppm
Sault Ste. Marie Water Rangers Task Team,11708,Root River:Root River off Hwy 17 N (near Teen Challenge),46.5717047,-84.3206692,River/Stream,Field Msr/Obs,Surface Water,3/14/2024,Test strip,"Alkalinity, total",0,mg/L
Sault Ste. Marie Water Rangers Task Team,11718,East Davignon Creek:East Davignon Creek Allens Side (N of 2nd Ln W),46.559108,-84.4037962,River/Stream,Field Msr/Obs,Surface Water,6/3/2024,Probe/Sensor,"Temperature, water",15.6,deg C
Sault Ste. Marie Water Rangers Task Team,11703,Root River:Root River Old Garden River,46.5629144,-84.2812943,River/Stream,Field Msr/Obs,Surface Water,5/12/2024,Probe/Sensor,"Temperature, air",22,deg C
Sault Ste. Marie Water Rangers Task Team,11702,Cold Water Creek:Cold Water Creek at Old Garden River Road,46.5636057,-84.2783117,River/Stream,Field Msr/Obs,Surface Water,5/5/2024,Test strip,Chlorine,0,ppm
Sault Ste. Marie Water Rangers Task Team,11717,Upper Carp River:Upper Carp River at Creek Rd/Third Line W,46.5480272,-84.4551659,River/Stream,Field Msr/Obs,Surface Water,4/6/2024,Probe/Sensor,Dissolved oxygen (DO),11,mg/L
Sault Ste. Marie Water Rangers Task Team,11702,Cold Water Creek:Cold Water Creek at Old Garden River Road,46.5636057,-84.2783117,River/Stream,Field Msr/Obs,Surface Water,4/26/2024,Probe/Sensor,"Temperature, water",10.8,deg C
Sault Ste. Marie Water Rangers Task Team,11702,Cold Water Creek:Cold Water Creek at Old Garden River Road,46.5636057,-84.2783117,River/Stream,Field Msr/Obs,Surface Water,5/10/2024,Probe/Sensor,Dissolved oxygen (DO),11,mg/L
Sault Ste. Marie Water Rangers Task Team,11717,Upper Carp River:Upper Carp River at Creek Rd/Third Line W,46.5480272,-84.4551659,River/Stream,Field Msr/Obs,Surface Water,5/10/2024,Test strip,Chlorine,0,ppm
Sault Ste. Marie Water Rangers Task Team,11703,Root River:Root River Old Garden River,46.5629144,-84.2812943,River/Stream,Field Msr/Obs,Surface Water,7/7/2024,Probe/Sensor,Dissolved oxygen (DO),9,mg/L
Sault Ste. Marie Water Rangers Task Team,11711,Duck pond:Bellevue Park duck pond,46.5004401,-84.2993188,Lake/Pond,Field Msr/Obs,Surface Water,3/10/2024,Probe/Sensor,Dissolved oxygen (DO),10,mg/L
Sault Ste. Marie Water Rangers Task Team,11703,Root River:Root River Old Garden River,46.5629144,-84.2812943,River/Stream,Field Msr/Obs,Surface Water,5/10/2024,Test strip,Chlorine,0,ppm
Sault Ste. Marie Water Rangers Task Team,11710,Root River:Root River Hwy 17E,46.5459338,-84.2184019,River/Stream,Field Msr/Obs,Surface Water,6/21/2024,Probe/Sensor,Dissolved oxygen (DO),7,mg/L
Sault Ste. Marie Water Rangers Task Team,11711,Duck pond:Bellevue Park duck pond,46.5004401,-84.2993188,Lake/Pond,Field Msr/Obs,Surface Water,3/27/2024,Probe/Sensor,"Temperature, air",0,deg C
Sault Ste. Marie Water Rangers Task Team,11706,Root River:Root River Fourth Line E,46.5672083,-84.3063569,River/Stream,Field Msr/Obs,Surface Water,3/27/2024,Probe/Sensor,Conductivity,43,uS/cm
Sault Ste. Marie Water Rangers Task Team,11713,East Davignon Creek:East Davignon Farwell Terrace (near Tim Hortons),46.5367668,-84.3616748,River/Stream,Field Msr/Obs,Surface Water,6/3/2024,Probe/Sensor,Conductivity,297,uS/cm
Sault Ste. Marie Water Rangers Task Team,11703,Root River:Root River Old Garden River,46.5629144,-84.2812943,River/Stream,Field Msr/Obs,Surface Water,5/27/2024,Secchi Disk,Depth of water column,0.24,m
Sault Ste. Marie Water Rangers Task Team,11713,East Davignon Creek:East Davignon Farwell Terrace (near Tim Hortons),46.5367668,-84.3616748,River/Stream,Field Msr/Obs,Surface Water,3/8/2024,Probe/Sensor,"Temperature, air",7,deg C
Sault Ste. Marie Water Rangers Task Team,11718,East Davignon Creek:East Davignon Creek Allens Side (N of 2nd Ln W),46.559108,-84.4037962,River/Stream,Field Msr/Obs,Surface Water,5/10/2024,Test strip,Chlorine,0,ppm
Sault Ste. Marie Water Rangers Task Team,11705,Coldwater Creek:Lower Coldwater Creek Case Rd,46.5646992,-84.2689991,River/Stream,Field Msr/Obs,Surface Water,5/10/2024,Secchi Disk,Depth of water column,0.41,m
Sault Ste. Marie Water Rangers Task Team,11717,Upper Carp River:Upper Carp River at Creek Rd/Third Line W,46.5480272,-84.4551659,River/Stream,Field Msr/Obs,Surface Water,4/6/2024,Probe/Sensor,"Temperature, air",7,deg C
Sault Ste. Marie Water Rangers Task Team,11705,Coldwater Creek:Lower Coldwater Creek Case Rd,46.5646992,-84.2689991,River/Stream,Field Msr/Obs,Surface Water,4/7/2024,,pH,6.4,None
Sault Ste. Marie Water Rangers Task Team,11707,Root River Branch:Root River Branch Fourth Line E,46.5676351,-84.3005633,River/Stream,Field Msr/Obs,Surface Water,5/11/2024,Probe/Sensor,"Temperature, air",17,deg C
Sault Ste. Marie Water Rangers Task Team,11702,Cold Water Creek:Cold Water Creek at Old Garden River Road,46.5636057,-84.2783117,River/Stream,Field Msr/Obs,Surface Water,4/19/2024,Test strip,"Alkalinity, total",20,mg/L
Sault Ste. Marie Water Rangers Task Team,11712,Fort Creek:Fort Creek Channel at Carmen's Way,46.5363508,-84.3442512,River/Stream,Field Msr/Obs,Surface Water,4/5/2024,Probe/Sensor,"Temperature, water",3.8,deg C
Sault Ste. Marie Water Rangers Task Team,11711,Duck pond:Bellevue Park duck pond,46.5004401,-84.2993188,Lake/Pond,Field Msr/Obs,Surface Water,4/7/2024,Probe/Sensor,"Temperature, air",8,deg C
Sault Ste. Marie Water Rangers Task Team,11716,Big Carp River:Big Carp River Herkimer Rd,46.5062632,-84.4498873,River/Stream,Field Msr/Obs,Surface Water,6/8/2024,Test strip,"Alkalinity, total",20,mg/L
Sault Ste. Marie Water Rangers Task Team,11703,Root River:Root River Old Garden River,46.5629144,-84.2812943,River/Stream,Field Msr/Obs,Surface Water,3/10/2024,Test strip,Chlorine,0,ppm
Sault Ste. Marie Water Rangers Task Team,11710,Root River:Root River Hwy 17E,46.5459338,-84.2184019,River/Stream,Field Msr/Obs,Surface Water,4/14/2024,Probe/Sensor,Dissolved oxygen (DO),9,mg/L
Sault Ste. Marie Water Rangers Task Team,11702,Cold Water Creek:Cold Water Creek at Old Garden River Road,46.5636057,-84.2783117,River/Stream,Field Msr/Obs,Surface Water,5/10/2024,Probe/Sensor,"Temperature, water",12.4,deg C
Sault Ste. Marie Water Rangers Task Team,11704,Root River:Root River Wishart Park,46.5637702,-84.2936325,River/Stream,Field Msr/Obs,Surface Water,4/19/2024,Probe/Sensor,Conductivity,60,uS/cm
Sault Ste. Marie Water Rangers Task Team,11704,Root River:Root River Wishart Park,46.5637702,-84.2936325,River/Stream,Field Msr/Obs,Surface Water,4/12/2024,Test strip,"Alkalinity, total",20,mg/L
Sault Ste. Marie Water Rangers Task Team,11710,Root River:Root River Hwy 17E,46.5459338,-84.2184019,River/Stream,Field Msr/Obs,Surface Water,3/15/2024,Probe/Sensor,"Temperature, water",4.4,deg C
Sault Ste. Marie Water Rangers Task Team,11708,Root River:Root River off Hwy 17 N (near Teen Challenge),46.5717047,-84.3206692,River/Stream,Field Msr/Obs,Surface Water,4/19/2024,Probe/Sensor,"Temperature, water",6.9,deg C
Sault Ste. Marie Water Rangers Task Team,11714,West Davignon Creek:West Davignon Brookfield Ave,46.5307892,-84.3968654,River/Stream,Field Msr/Obs,Surface Water,4/28/2024,Probe/Sensor,"Temperature, water",7.6,deg C
Sault Ste. Marie Water Rangers Task Team,11714,West Davignon Creek:West Davignon Brookfield Ave,46.5307892,-84.3968654,River/Stream,Field Msr/Obs,Surface Water,3/8/2024,Probe/Sensor,Conductivity,75,uS/cm
Sault Ste. Marie Water Rangers Task Team,11713,East Davignon Creek:East Davignon Farwell Terrace (near Tim Hortons),46.5367668,-84.3616748,River/Stream,Field Msr/Obs,Surface Water,6/7/2024,Test strip,Total hardness,100,mg/L
Sault Ste. Marie Water Rangers Task Team,11702,Cold Water Creek:Cold Water Creek at Old Garden River Road,46.5636057,-84.2783117,River/Stream,Field Msr/Obs,Surface Water,5/10/2024,Test strip,"Alkalinity, total",0,mg/L
Sault Ste. Marie Water Rangers Task Team,11707,Root River Branch:Root River Branch Fourth Line E,46.5676351,-84.3005633,River/Stream,Field Msr/Obs,Surface Water,5/5/2024,Probe/Sensor,Dissolved oxygen (DO),8,mg/L
Sault Ste. Marie Water Rangers Task Team,11709,Canon Creek:Canon Creek Old Goulais Bay Rd,46.5915743,-84.3430281,River/Stream,Field Msr/Obs,Surface Water,4/21/2024,Test strip,Total hardness,0,mg/L
Sault Ste. Marie Water Rangers Task Team,11704,Root River:Root River Wishart Park,46.5637702,-84.2936325,River/Stream,Field Msr/Obs,Surface Water,5/18/2024,Test strip,Total hardness,0,mg/L
Sault Ste. Marie Water Rangers Task Team,11716,Big Carp River:Big Carp River Herkimer Rd,46.5062632,-84.4498873,River/Stream,Field Msr/Obs,Surface Water,3/31/2024,Probe/Sensor,"Temperature, air",-2,deg C
Sault Ste. Marie Water Rangers Task Team,11708,Root River:Root River off Hwy 17 N (near Teen Challenge),46.5717047,-84.3206692,River/Stream,Field Msr/Obs,Surface Water,3/27/2024,,pH,6.8,None
Sault Ste. Marie Water Rangers Task Team,11714,West Davignon Creek:West Davignon Brookfield Ave,46.5307892,-84.3968654,River/Stream,Field Msr/Obs,Surface Water,3/8/2024,,pH,6.4,None
Sault Ste. Marie Water Rangers Task Team,11712,Fort Creek:Fort Creek Channel at Carmen's Way,46.5363508,-84.3442512,River/Stream,Field Msr/Obs,Surface Water,3/27/2024,Test strip,Chlorine,0,ppm
Sault Ste. Marie Water Rangers Task Team,11706,Root River:Root River Fourth Line E,46.5672083,-84.3063569,River/Stream,Field Msr/Obs,Surface Water,3/10/2024,Probe/Sensor,Conductivity,57,uS/cm
Sault Ste. Marie Water Rangers Task Team,11714,West Davignon Creek:West Davignon Brookfield Ave,46.5307892,-84.3968654,River/Stream,Field Msr/Obs,Surface Water,3/15/2024,Probe/Sensor,"Temperature, water",3.4,deg C
Sault Ste. Marie Water Rangers Task Team,11704,Root River:Root River Wishart Park,46.5637702,-84.2936325,River/Stream,Field Msr/Obs,Surface Water,4/26/2024,Probe/Sensor,"Temperature, air",15,deg C
Sault Ste. Marie Water Rangers Task Team,11707,Root River Branch:Root River Branch Fourth Line E,46.5676351,-84.3005633,River/Stream,Field Msr/Obs,Surface Water,6/7/2024,Probe/Sensor,"Temperature, air",13,deg C
Sault Ste. Marie Water Rangers Task Team,11702,Cold Water Creek:Cold Water Creek at Old Garden River Road,46.5636057,-84.2783117,River/Stream,Field Msr/Obs,Surface Water,6/14/2024,Test strip,Total hardness,0,mg/L
Sault Ste. Marie Water Rangers Task Team,11718,East Davignon Creek:East Davignon Creek Allens Side (N of 2nd Ln W),46.559108,-84.4037962,River/Stream,Field Msr/Obs,Surface Water,3/27/2024,Test strip,"Alkalinity, total",0,mg/L
Sault Ste. Marie Water Rangers Task Team,11704,Root River:Root River Wishart Park,46.5637702,-84.2936325,River/Stream,Field Msr/Obs,Surface Water,6/21/2024,,pH,7.4,None
Sault Ste. Marie Water Rangers Task Team,11714,West Davignon Creek:West Davignon Brookfield Ave,46.5307892,-84.3968654,River/Stream,Field Msr/Obs,Surface Water,4/14/2024,Test strip,"Alkalinity, total",20,mg/L
Sault Ste. Marie Water Rangers Task Team,11707,Root River Branch:Root River Branch Fourth Line E,46.5676351,-84.3005633,River/Stream,Field Msr/Obs,Surface Water,7/25/2024,Probe/Sensor,Conductivity,116,uS/cm
Sault Ste. Marie Water Rangers Task Team,11711,Duck pond:Bellevue Park duck pond,46.5004401,-84.2993188,Lake/Pond,Field Msr/Obs,Surface Water,4/23/2024,Probe/Sensor,Conductivity,511,uS/cm
Sault Ste. Marie Water Rangers Task Team,11704,Root River:Root River Wishart Park,46.5637702,-84.2936325,River/Stream,Field Msr/Obs,Surface Water,3/10/2024,Probe/Sensor,"Temperature, water",2,deg C
Sault Ste. Marie Water Rangers Task Team,11702,Cold Water Creek:Cold Water Creek at Old Garden River Road,46.5636057,-84.2783117,River/Stream,Field Msr/Obs,Surface Water,7/24/2024,Test strip,"Alkalinity, total",40,mg/L
Sault Ste. Marie Water Rangers Task Team,11705,Coldwater Creek:Lower Coldwater Creek Case Rd,46.5646992,-84.2689991,River/Stream,Field Msr/Obs,Surface Water,4/26/2024,Secchi Disk,Depth of water column,0.3,m
Sault Ste. Marie Water Rangers Task Team,11711,Duck pond:Bellevue Park duck pond,46.5004401,-84.2993188,Lake/Pond,Field Msr/Obs,Surface Water,5/17/2024,Probe/Sensor,"Temperature, air",17,deg C
Sault Ste. Marie Water Rangers Task Team,11704,Root River:Root River Wishart Park,46.5637702,-84.2936325,River/Stream,Field Msr/Obs,Surface Water,4/5/2024,Test strip,Total hardness,0,mg/L
Sault Ste. Marie Water Rangers Task Team,11716,Big Carp River:Big Carp River Herkimer Rd,46.5062632,-84.4498873,River/Stream,Field Msr/Obs,Surface Water,3/31/2024,Test strip,"Alkalinity, total",0,mg/L
Sault Ste. Marie Water Rangers Task Team,11713,East Davignon Creek:East Davignon Farwell Terrace (near Tim Hortons),46.5367668,-84.3616748,River/Stream,Field Msr/Obs,Surface Water,3/9/2024,Probe/Sensor,"Temperature, water",4.1,deg C
Sault Ste. Marie Water Rangers Task Team,11709,Canon Creek:Canon Creek Old Goulais Bay Rd,46.5915743,-84.3430281,River/Stream,Field Msr/Obs,Surface Water,5/12/2024,Probe/Sensor,"Temperature, air",6,deg C
Sault Ste. Marie Water Rangers Task Team,11705,Coldwater Creek:Lower Coldwater Creek Case Rd,46.5646992,-84.2689991,River/Stream,Field Msr/Obs,Surface Water,3/15/2024,Probe/Sensor,"Temperature, water",4.7,deg C
Sault Ste. Marie Water Rangers Task Team,11718,East Davignon Creek:East Davignon Creek Allens Side (N of 2nd Ln W),46.559108,-84.4037962,River/Stream,Field Msr/Obs,Surface Water,6/3/2024,Test strip,Total hardness,0,mg/L
Sault Ste. Marie Water Rangers Task Team,11702,Cold Water Creek:Cold Water Creek at Old Garden River Road,46.5636057,-84.2783117,River/Stream,Field Msr/Obs,Surface Water,3/15/2024,Test strip,"Alkalinity, total",0,mg/L
Sault Ste. Marie Water Rangers Task Team,11705,Coldwater Creek:Lower Coldwater Creek Case Rd,46.5646992,-84.2689991,River/Stream,Field Msr/Obs,Surface Water,4/19/2024,Test strip,Chlorine,0,ppm
Sault Ste. Marie Water Rangers Task Team,11718,East Davignon Creek:East Davignon Creek Allens Side (N of 2nd Ln W),46.559108,-84.4037962,River/Stream,Field Msr/Obs,Surface Water,4/19/2024,Probe/Sensor,Dissolved oxygen (DO),11,mg/L
Sault Ste. Marie Water Rangers Task Team,11703,Root River:Root River Old Garden River,46.5629144,-84.2812943,River/Stream,Field Msr/Obs,Surface Water,6/28/2024,Test strip,"Alkalinity, total",0,mg/L
Sault Ste. Marie Water Rangers Task Team,11715,Little Carp River:Little Carp River Carpin Beach Rd,46.5097352,-84.4441581,River/Stream,Field Msr/Obs,Surface Water,5/18/2024,,pH,7,None
Sault Ste. Marie Water Rangers Task Team,11707,Root River Branch:Root River Branch Fourth Line E,46.5676351,-84.3005633,River/Stream,Field Msr/Obs,Surface Water,3/1/2024,,pH,6.4,None
Sault Ste. Marie Water Rangers Task Team,11718,East Davignon Creek:East Davignon Creek Allens Side (N of 2nd Ln W),46.559108,-84.4037962,River/Stream,Field Msr/Obs,Surface Water,3/27/2024,Test strip,Total hardness,0,mg/L
Sault Ste. Marie Water Rangers Task Team,11707,Root River Branch:Root River Branch Fourth Line E,46.5676351,-84.3005633,River/Stream,Field Msr/Obs,Surface Water,6/22/2024,Test strip,Total hardness,0,mg/L
Sault Ste. Marie Water Rangers Task Team,11702,Cold Water Creek:Cold Water Creek at Old Garden River Road,46.5636057,-84.2783117,River/Stream,Field Msr/Obs,Surface Water,6/10/2024,Test strip,Chlorine,0,ppm
Sault Ste. Marie Water Rangers Task Team,11707,Root River Branch:Root River Branch Fourth Line E,46.5676351,-84.3005633,River/Stream,Field Msr/Obs,Surface Water,6/22/2024,Secchi Disk,Depth of water column,0.09,m
Sault Ste. Marie Water Rangers Task Team,11702,Cold Water Creek:Cold Water Creek at Old Garden River Road,46.5636057,-84.2783117,River/Stream,Field Msr/Obs,Surface Water,4/19/2024,Secchi Disk,Depth of water column,0.4,m
Sault Ste. Marie Water Rangers Task Team,11713,East Davignon Creek:East Davignon Farwell Terrace (near Tim Hortons),46.5367668,-84.3616748,River/Stream,Field Msr/Obs,Surface Water,6/3/2024,Secchi Disk,Depth of water column,0.11,m
Sault Ste. Marie Water Rangers Task Team,11708,Root River:Root River off Hwy 17 N (near Teen Challenge),46.5717047,-84.3206692,River/Stream,Field Msr/Obs,Surface Water,3/14/2024,Secchi Disk,Depth of water column,0.2,m
Sault Ste. Marie Water Rangers Task Team,11718,East Davignon Creek:East Davignon Creek Allens Side (N of 2nd Ln W),46.559108,-84.4037962,River/Stream,Field Msr/Obs,Surface Water,4/19/2024,Test strip,"Alkalinity, total",0,mg/L
Sault Ste. Marie Water Rangers Task Team,11714,West Davignon Creek:West Davignon Brookfield Ave,46.5307892,-84.3968654,River/Stream,Field Msr/Obs,Surface Water,4/5/2024,Test strip,Chlorine,0,ppm
Sault Ste. Marie Water Rangers Task Team,11703,Root River:Root River Old Garden River,46.5629144,-84.2812943,River/Stream,Field Msr/Obs,Surface Water,5/10/2024,Secchi Disk,Depth of water column,0.28,m
Sault Ste. Marie Water Rangers Task Team,11705,Coldwater Creek:Lower Coldwater Creek Case Rd,46.5646992,-84.2689991,River/Stream,Field Msr/Obs,Surface Water,4/7/2024,Test strip,"Alkalinity, total",0,mg/L
Sault Ste. Marie Water Rangers Task Team,11717,Upper Carp River:Upper Carp River at Creek Rd/Third Line W,46.5480272,-84.4551659,River/Stream,Field Msr/Obs,Surface Water,3/27/2024,Probe/Sensor,Conductivity,23,uS/cm
Sault Ste. Marie Water Rangers Task Team,11713,East Davignon Creek:East Davignon Farwell Terrace (near Tim Hortons),46.5367668,-84.3616748,River/Stream,Field Msr/Obs,Surface Water,4/28/2024,Probe/Sensor,Dissolved oxygen (DO),11,mg/L
Sault Ste. Marie Water Rangers Task Team,11717,Upper Carp River:Upper Carp River at Creek Rd/Third Line W,46.5480272,-84.4551659,River/Stream,Field Msr/Obs,Surface Water,5/10/2024,Probe/Sensor,"Temperature, air",18,deg C
Sault Ste. Marie Water Rangers Task Team,11718,East Davignon Creek:East Davignon Creek Allens Side (N of 2nd Ln W),46.559108,-84.4037962,River/Stream,Field Msr/Obs,Surface Water,5/24/2024,,pH,6.8,None
Sault Ste. Marie Water Rangers Task Team,11703,Root River:Root River Old Garden River,46.5629144,-84.2812943,River/Stream,Field Msr/Obs,Surface Water,6/24/2024,Probe/Sensor,Dissolved oxygen (DO),8,mg/L
Sault Ste. Marie Water Rangers Task Team,11710,Root River:Root River Hwy 17E,46.5459338,-84.2184019,River/Stream,Field Msr/Obs,Surface Water,4/14/2024,Probe/Sensor,"Temperature, air",5,deg C
Sault Ste. Marie Water Rangers Task Team,11709,Canon Creek:Canon Creek Old Goulais Bay Rd,46.5915743,-84.3430281,River/Stream,Field Msr/Obs,Surface Water,4/12/2024,Secchi Disk,"Depth, Secchi disk depth",0.58,m
Sault Ste. Marie Water Rangers Task Team,11714,West Davignon Creek:West Davignon Brookfield Ave,46.5307892,-84.3968654,River/Stream,Field Msr/Obs,Surface Water,5/10/2024,Probe/Sensor,Conductivity,86,uS/cm
Sault Ste. Marie Water Rangers Task Team,11710,Root River:Root River Hwy 17E,46.5459338,-84.2184019,River/Stream,Field Msr/Obs,Surface Water,3/27/2024,Probe/Sensor,Dissolved oxygen (DO),6,mg/L
Sault Ste. Marie Water Rangers Task Team,11718,East Davignon Creek:East Davignon Creek Allens Side (N of 2nd Ln W),46.559108,-84.4037962,River/Stream,Field Msr/Obs,Surface Water,6/8/2024,Test strip,Total hardness,0,mg/L
Sault Ste. Marie Water Rangers Task Team,11713,East Davignon Creek:East Davignon Farwell Terrace (near Tim Hortons),46.5367668,-84.3616748,River/Stream,Field Msr/Obs,Surface Water,6/3/2024,Probe/Sensor,Dissolved oxygen (DO),9,mg/L
Sault Ste. Marie Water Rangers Task Team,11710,Root River:Root River Hwy 17E,46.5459338,-84.2184019,River/Stream,Field Msr/Obs,Surface Water,5/11/2024,,pH,6.4,None
Sault Ste. Marie Water Rangers Task Team,11702,Cold Water Creek:Cold Water Creek at Old Garden River Road,46.5636057,-84.2783117,River/Stream,Field Msr/Obs,Surface Water,6/28/2024,Probe/Sensor,Conductivity,206,uS/cm
Sault Ste. Marie Water Rangers Task Team,11713,East Davignon Creek:East Davignon Farwell Terrace (near Tim Hortons),46.5367668,-84.3616748,River/Stream,Field Msr/Obs,Surface Water,3/31/2024,Probe/Sensor,"Temperature, water",1.5,deg C
Sault Ste. Marie Water Rangers Task Team,11705,Coldwater Creek:Lower Coldwater Creek Case Rd,46.5646992,-84.2689991,River/Stream,Field Msr/Obs,Surface Water,4/19/2024,Test strip,"Alkalinity, total",0,mg/L
Sault Ste. Marie Water Rangers Task Team,11713,East Davignon Creek:East Davignon Farwell Terrace (near Tim Hortons),46.5367668,-84.3616748,River/Stream,Field Msr/Obs,Surface Water,4/14/2024,Probe/Sensor,"Temperature, air",5,deg C
Sault Ste. Marie Water Rangers Task Team,11702,Cold Water Creek:Cold Water Creek at Old Garden River Road,46.5636057,-84.2783117,River/Stream,Field Msr/Obs,Surface Water,7/7/2024,Test strip,Chlorine,0,ppm
Sault Ste. Marie Water Rangers Task Team,11718,East Davignon Creek:East Davignon Creek Allens Side (N of 2nd Ln W),46.559108,-84.4037962,River/Stream,Field Msr/Obs,Surface Water,3/1/2024,Test strip,Chlorine,0,ppm
Sault Ste. Marie Water Rangers Task Team,11703,Root River:Root River Old Garden River,46.5629144,-84.2812943,River/Stream,Field Msr/Obs,Surface Water,6/10/2024,Test strip,Chlorine,0,ppm
Sault Ste. Marie Water Rangers Task Team,11706,Root River:Root River Fourth Line E,46.5672083,-84.3063569,River/Stream,Field Msr/Obs,Surface Water,4/19/2024,Probe/Sensor,"Temperature, water",6.9,deg C
Sault Ste. Marie Water Rangers Task Team,11705,Coldwater Creek:Lower Coldwater Creek Case Rd,46.5646992,-84.2689991,River/Stream,Field Msr/Obs,Surface Water,5/5/2024,,pH,6.4,None
Sault Ste. Marie Water Rangers Task Team,11707,Root River Branch:Root River Branch Fourth Line E,46.5676351,-84.3005633,River/Stream,Field Msr/Obs,Surface Water,6/7/2024,Probe/Sensor,Dissolved oxygen (DO),10,mg/L
Sault Ste. Marie Water Rangers Task Team,11703,Root River:Root River Old Garden River,46.5629144,-84.2812943,River/Stream,Field Msr/Obs,Surface Water,6/24/2024,Test strip,Total hardness,0,mg/L
Sault Ste. Marie Water Rangers Task Team,11711,Duck pond:Bellevue Park duck pond,46.5004401,-84.2993188,Lake/Pond,Field Msr/Obs,Surface Water,4/7/2024,Probe/Sensor,"Temperature, water",9.5,deg C
Sault Ste. Marie Water Rangers Task Team,11718,East Davignon Creek:East Davignon Creek Allens Side (N of 2nd Ln W),46.559108,-84.4037962,River/Stream,Field Msr/Obs,Surface Water,5/10/2024,Probe/Sensor,Dissolved oxygen (DO),11,mg/L
Sault Ste. Marie Water Rangers Task Team,11707,Root River Branch:Root River Branch Fourth Line E,46.5676351,-84.3005633,River/Stream,Field Msr/Obs,Surface Water,7/20/2024,Probe/Sensor,"Temperature, water",14,deg C
Sault Ste. Marie Water Rangers Task Team,11718,East Davignon Creek:East Davignon Creek Allens Side (N of 2nd Ln W),46.559108,-84.4037962,River/Stream,Field Msr/Obs,Surface Water,6/7/2024,Probe/Sensor,"Temperature, air",13,deg C
Sault Ste. Marie Water Rangers Task Team,11712,Fort Creek:Fort Creek Channel at Carmen's Way,46.5363508,-84.3442512,River/Stream,Field Msr/Obs,Surface Water,5/12/2024,Secchi Disk,Depth of water column,0.15,m
Sault Ste. Marie Water Rangers Task Team,11716,Big Carp River:Big Carp River Herkimer Rd,46.5062632,-84.4498873,River/Stream,Field Msr/Obs,Surface Water,5/18/2024,Probe/Sensor,"Temperature, air",22,deg C
Sault Ste. Marie Water Rangers Task Team,11708,Root River:Root River off Hwy 17 N (near Teen Challenge),46.5717047,-84.3206692,River/Stream,Field Msr/Obs,Surface Water,4/19/2024,Secchi Disk,"Depth, Secchi disk depth",0.43,m
Sault Ste. Marie Water Rangers Task Team,11709,Canon Creek:Canon Creek Old Goulais Bay Rd,46.5915743,-84.3430281,River/Stream,Field Msr/Obs,Surface Water,3/27/2024,Probe/Sensor,Conductivity,25,uS/cm
Sault Ste. Marie Water Rangers Task Team,11702,Cold Water Creek:Cold Water Creek at Old Garden River Road,46.5636057,-84.2783117,River/Stream,Field Msr/Obs,Surface Water,7/24/2024,Secchi Disk,Depth of water column,0.47,m
Sault Ste. Marie Water Rangers Task Team,11714,West Davignon Creek:West Davignon Brookfield Ave,46.5307892,-84.3968654,River/Stream,Field Msr/Obs,Surface Water,3/8/2024,Test strip,Total hardness,100,mg/L
Sault Ste. Marie Water Rangers Task Team,11705,Coldwater Creek:Lower Coldwater Creek Case Rd,46.5646992,-84.2689991,River/Stream,Field Msr/Obs,Surface Water,5/5/2024,Test strip,Total hardness,0,mg/L
Sault Ste. Marie Water Rangers Task Team,11718,East Davignon Creek:East Davignon Creek Allens Side (N of 2nd Ln W),46.559108,-84.4037962,River/Stream,Field Msr/Obs,Surface Water,3/1/2024,Test strip,"Alkalinity, total",0,mg/L
Sault Ste. Marie Water Rangers Task Team,11712,Fort Creek:Fort Creek Channel at Carmen's Way,46.5363508,-84.3442512,River/Stream,Field Msr/Obs,Surface Water,3/8/2024,Test strip,Total hardness,150,mg/L
Sault Ste. Marie Water Rangers Task Team,11702,Cold Water Creek:Cold Water Creek at Old Garden River Road,46.5636057,-84.2783117,River/Stream,Field Msr/Obs,Surface Water,6/14/2024,Secchi Disk,Depth of water column,0.64,m
Sault Ste. Marie Water Rangers Task Team,11704,Root River:Root River Wishart Park,46.5637702,-84.2936325,River/Stream,Field Msr/Obs,Surface Water,3/27/2024,Test strip,"Alkalinity, total",0,mg/L
Sault Ste. Marie Water Rangers Task Team,11717,Upper Carp River:Upper Carp River at Creek Rd/Third Line W,46.5480272,-84.4551659,River/Stream,Field Msr/Obs,Surface Water,3/27/2024,Test strip,"Alkalinity, total",0,mg/L
Sault Ste. Marie Water Rangers Task Team,11702,Cold Water Creek:Cold Water Creek at Old Garden River Road,46.5636057,-84.2783117,River/Stream,Field Msr/Obs,Surface Water,5/5/2024,Test strip,Total hardness,10,mg/L
Sault Ste. Marie Water Rangers Task Team,11702,Cold Water Creek:Cold Water Creek at Old Garden River Road,46.5636057,-84.2783117,River/Stream,Field Msr/Obs,Surface Water,5/19/2024,Test strip,Total hardness,0,mg/L
Sault Ste. Marie Water Rangers Task Team,11717,Upper Carp River:Upper Carp River at Creek Rd/Third Line W,46.5480272,-84.4551659,River/Stream,Field Msr/Obs,Surface Water,4/13/2024,Probe/Sensor,"Temperature, water",5.9,deg C
Sault Ste. Marie Water Rangers Task Team,11701,St. Marys River:Bellevue Park Topsail Island,46.4952016,-84.297452,River/Stream,Field Msr/Obs,Surface Water,8/6/2024,Probe/Sensor,Conductivity,101,uS/cm
Sault Ste. Marie Water Rangers Task Team,11701,St. Marys River:Bellevue Park Topsail Island,46.4952016,-84.297452,River/Stream,Field Msr/Obs,Surface Water,7/19/2024,Probe/Sensor,Conductivity,100,uS/cm
Sault Ste. Marie Water Rangers Task Team,11702,Cold Water Creek:Cold Water Creek at Old Garden River Road,46.5636057,-84.2783117,River/Stream,Field Msr/Obs,Surface Water,8/6/2024,,pH,7.5,None
Sault Ste. Marie Water Rangers Task Team,11701,St. Marys River:Bellevue Park Topsail Island,46.4952016,-84.297452,River/Stream,Field Msr/Obs,Surface Water,5/29/2024,Test strip,"Alkalinity, total",0,mg/L
Sault Ste. Marie Water Rangers Task Team,11701,St. Marys River:Bellevue Park Topsail Island,46.4952016,-84.297452,River/Stream,Field Msr/Obs,Surface Water,4/5/2024,Test strip,Total hardness,0,mg/L
Sault Ste. Marie Water Rangers Task Team,11712,Fort Creek:Fort Creek Channel at Carmen's Way,46.5363508,-84.3442512,River/Stream,Field Msr/Obs,Surface Water,6/23/2024,Probe/Sensor,Conductivity,196,uS/cm
Sault Ste. Marie Water Rangers Task Team,11701,St. Marys River:Bellevue Park Topsail Island,46.4952016,-84.297452,River/Stream,Field Msr/Obs,Surface Water,7/15/2024,Probe/Sensor,Dissolved oxygen (DO),9,mg/L
Sault Ste. Marie Water Rangers Task Team,11714,West Davignon Creek:West Davignon Brookfield Ave,46.5307892,-84.3968654,River/Stream,Field Msr/Obs,Surface Water,8/17/2024,Test strip,"Alkalinity, total",40,mg/L
Sault Ste. Marie Water Rangers Task Team,11701,St. Marys River:Bellevue Park Topsail Island,46.4952016,-84.297452,River/Stream,Field Msr/Obs,Surface Water,4/26/2024,,pH,6.4,None
Sault Ste. Marie Water Rangers Task Team,11701,St. Marys River:Bellevue Park Topsail Island,46.4952016,-84.297452,River/Stream,Field Msr/Obs,Surface Water,7/15/2024,Test strip,Chlorine,0,ppm
Sault Ste. Marie Water Rangers Task Team,11713,East Davignon Creek:East Davignon Farwell Terrace (near Tim Hortons),46.5367668,-84.3616748,River/Stream,Field Msr/Obs,Surface Water,8/9/2024,Test strip,"Alkalinity, total",60,mg/L
Sault Ste. Marie Water Rangers Task Team,11706,Root River:Root River Fourth Line E,46.5672083,-84.3063569,River/Stream,Field Msr/Obs,Surface Water,6/22/2024,Test strip,"Alkalinity, total",0,mg/L
Sault Ste. Marie Water Rangers Task Team,11711,Duck pond:Bellevue Park duck pond,46.5004401,-84.2993188,Lake/Pond,Field Msr/Obs,Surface Water,6/7/2024,Test strip,"Alkalinity, total",120,mg/L
Sault Ste. Marie Water Rangers Task Team,11714,West Davignon Creek:West Davignon Brookfield Ave,46.5307892,-84.3968654,River/Stream,Field Msr/Obs,Surface Water,6/14/2024,Probe/Sensor,Dissolved oxygen (DO),7,mg/L
Sault Ste. Marie Water Rangers Task Team,11704,Root River:Root River Wishart Park,46.5637702,-84.2936325,River/Stream,Field Msr/Obs,Surface Water,7/24/2024,,pH,7.5,None
Sault Ste. Marie Water Rangers Task Team,11712,Fort Creek:Fort Creek Channel at Carmen's Way,46.5363508,-84.3442512,River/Stream,Field Msr/Obs,Surface Water,6/23/2024,Test strip,Chlorine,0,ppm
Sault Ste. Marie Water Rangers Task Team,11706,Root River:Root River Fourth Line E,46.5672083,-84.3063569,River/Stream,Field Msr/Obs,Surface Water,7/20/2024,Test strip,Chlorine,0,ppm
Sault Ste. Marie Water Rangers Task Team,11713,East Davignon Creek:East Davignon Farwell Terrace (near Tim Hortons),46.5367668,-84.3616748,River/Stream,Field Msr/Obs,Surface Water,7/7/2024,,pH,7.6,None
Sault Ste. Marie Water Rangers Task Team,11714,West Davignon Creek:West Davignon Brookfield Ave,46.5307892,-84.3968654,River/Stream,Field Msr/Obs,Surface Water,7/19/2024,Probe/Sensor,"Temperature, air",24,deg C
Sault Ste. Marie Water Rangers Task Team,11718,East Davignon Creek:East Davignon Creek Allens Side (N of 2nd Ln W),46.559108,-84.4037962,River/Stream,Field Msr/Obs,Surface Water,8/17/2024,Probe/Sensor,Salinity,41,ppm
Sault Ste. Marie Water Rangers Task Team,11706,Root River:Root River Fourth Line E,46.5672083,-84.3063569,River/Stream,Field Msr/Obs,Surface Water,6/14/2024,Probe/Sensor,"Temperature, water",20.7,deg C
Sault Ste. Marie Water Rangers Task Team,11710,Root River:Root River Hwy 17E,46.5459338,-84.2184019,River/Stream,Field Msr/Obs,Surface Water,7/30/2024,Probe/Sensor,"Temperature, water",21,deg C
Sault Ste. Marie Water Rangers Task Team,11701,St. Marys River:Bellevue Park Topsail Island,46.4952016,-84.297452,River/Stream,Field Msr/Obs,Surface Water,4/26/2024,Test strip,"Alkalinity, total",20,mg/L
Sault Ste. Marie Water Rangers Task Team,11703,Root River:Root River Old Garden River,46.5629144,-84.2812943,River/Stream,Field Msr/Obs,Surface Water,8/12/2024,,pH,7.6,None
Sault Ste. Marie Water Rangers Task Team,11715,Little Carp River:Little Carp River Carpin Beach Rd,46.5097352,-84.4441581,River/Stream,Field Msr/Obs,Surface Water,7/25/2024,Probe/Sensor,Salinity,59,ppm
Sault Ste. Marie Water Rangers Task Team,11706,Root River:Root River Fourth Line E,46.5672083,-84.3063569,River/Stream,Field Msr/Obs,Surface Water,6/28/2024,Test strip,Total hardness,0,mg/L
Sault Ste. Marie Water Rangers Task Team,11705,Coldwater Creek:Lower Coldwater Creek Case Rd,46.5646992,-84.2689991,River/Stream,Field Msr/Obs,Surface Water,7/24/2024,Probe/Sensor,"Temperature, air",23,deg C
Sault Ste. Marie Water Rangers Task Team,11703,Root River:Root River Old Garden River,46.5629144,-84.2812943,River/Stream,Field Msr/Obs,Surface Water,8/12/2024,Probe/Sensor,Conductivity,113,uS/cm
Sault Ste. Marie Water Rangers Task Team,11713,East Davignon Creek:East Davignon Farwell Terrace (near Tim Hortons),46.5367668,-84.3616748,River/Stream,Field Msr/Obs,Surface Water,7/8/2024,,pH,7.6,None
Sault Ste. Marie Water Rangers Task Team,11705,Coldwater Creek:Lower Coldwater Creek Case Rd,46.5646992,-84.2689991,River/Stream,Field Msr/Obs,Surface Water,6/14/2024,Test strip,"Alkalinity, total",0,mg/L
Sault Ste. Marie Water Rangers Task Team,11707,Root River Branch:Root River Branch Fourth Line E,46.5676351,-84.3005633,River/Stream,Field Msr/Obs,Surface Water,7/30/2024,,pH,7.8,None
Sault Ste. Marie Water Rangers Task Team,11713,East Davignon Creek:East Davignon Farwell Terrace (near Tim Hortons),46.5367668,-84.3616748,River/Stream,Field Msr/Obs,Surface Water,8/9/2024,Probe/Sensor,"Temperature, water",17.7,deg C
Sault Ste. Marie Water Rangers Task Team,11701,St. Marys River:Bellevue Park Topsail Island,46.4952016,-84.297452,River/Stream,Field Msr/Obs,Surface Water,4/26/2024,Test strip,Total hardness,0,mg/L
Sault Ste. Marie Water Rangers Task Team,11718,East Davignon Creek:East Davignon Creek Allens Side (N of 2nd Ln W),46.559108,-84.4037962,River/Stream,Field Msr/Obs,Surface Water,7/5/2024,Probe/Sensor,"Temperature, water",17.7,deg C
Sault Ste. Marie Water Rangers Task Team,11701,St. Marys River:Bellevue Park Topsail Island,46.4952016,-84.297452,River/Stream,Field Msr/Obs,Surface Water,6/7/2024,Test strip,"Alkalinity, total",20,mg/L
Sault Ste. Marie Water Rangers Task Team,11715,Little Carp River:Little Carp River Carpin Beach Rd,46.5097352,-84.4441581,River/Stream,Field Msr/Obs,Surface Water,7/25/2024,Probe/Sensor,"Temperature, air",24,deg C
Sault Ste. Marie Water Rangers Task Team,11701,St. Marys River:Bellevue Park Topsail Island,46.4952016,-84.297452,River/Stream,Field Msr/Obs,Surface Water,4/26/2024,Probe/Sensor,Conductivity,114,uS/cm
Sault Ste. Marie Water Rangers Task Team,11716,Big Carp River:Big Carp River Herkimer Rd,46.5062632,-84.4498873,River/Stream,Field Msr/Obs,Surface Water,8/17/2024,Probe/Sensor,Dissolved oxygen (DO),6,mg/L
Sault Ste. Marie Water Rangers Task Team,11711,Duck pond:Bellevue Park duck pond,46.5004401,-84.2993188,Lake/Pond,Field Msr/Obs,Surface Water,8/3/2024,,pH,8.4,None
Sault Ste. Marie Water Rangers Task Team,11706,Root River:Root River Fourth Line E,46.5672083,-84.3063569,River/Stream,Field Msr/Obs,Surface Water,6/6/2024,Probe/Sensor,Conductivity,117,uS/cm
Sault Ste. Marie Water Rangers Task Team,11706,Root River:Root River Fourth Line E,46.5672083,-84.3063569,River/Stream,Field Msr/Obs,Surface Water,6/6/2024,Test strip,Chlorine,0,ppm
Sault Ste. Marie Water Rangers Task Team,11706,Root River:Root River Fourth Line E,46.5672083,-84.3063569,River/Stream,Field Msr/Obs,Surface Water,6/14/2024,Test strip,"Alkalinity, total",0,mg/L
Sault Ste. Marie Water Rangers Task Team,11701,St. Marys River:Bellevue Park Topsail Island,46.4952016,-84.297452,River/Stream,Field Msr/Obs,Surface Water,5/29/2024,Test strip,Total hardness,0,mg/L
Sault Ste. Marie Water Rangers Task Team,11718,East Davignon Creek:East Davignon Creek Allens Side (N of 2nd Ln W),46.559108,-84.4037962,River/Stream,Field Msr/Obs,Surface Water,7/30/2024,Probe/Sensor,Conductivity,68,uS/cm
Sault Ste. Marie Water Rangers Task Team,11718,East Davignon Creek:East Davignon Creek Allens Side (N of 2nd Ln W),46.559108,-84.4037962,River/Stream,Field Msr/Obs,Surface Water,7/19/2024,Probe/Sensor,"Temperature, air",23,deg C
Sault Ste. Marie Water Rangers Task Team,11718,East Davignon Creek:East Davignon Creek Allens Side (N of 2nd Ln W),46.559108,-84.4037962,River/Stream,Field Msr/Obs,Surface Water,8/17/2024,Probe/Sensor,"Temperature, air",20,deg C
Sault Ste. Marie Water Rangers Task Team,11701,St. Marys River:Bellevue Park Topsail Island,46.4952016,-84.297452,River/Stream,Field Msr/Obs,Surface Water,5/29/2024,Probe/Sensor,"Temperature, air",9,deg C
Sault Ste. Marie Water Rangers Task Team,11710,Root River:Root River Hwy 17E,46.5459338,-84.2184019,River/Stream,Field Msr/Obs,Surface Water,8/11/2024,Probe/Sensor,Salinity,90,ppm
Sault Ste. Marie Water Rangers Task Team,11701,St. Marys River:Bellevue Park Topsail Island,46.4952016,-84.297452,River/Stream,Field Msr/Obs,Surface Water,3/10/2024,Probe/Sensor,"Temperature, water",2.6,deg C
Sault Ste. Marie Water Rangers Task Team,11701,St. Marys River:Bellevue Park Topsail Island,46.4952016,-84.297452,River/Stream,Field Msr/Obs,Surface Water,4/20/2024,Probe/Sensor,"Temperature, water",4.8,deg C
Sault Ste. Marie Water Rangers Task Team,11712,Fort Creek:Fort Creek Channel at Carmen's Way,46.5363508,-84.3442512,River/Stream,Field Msr/Obs,Surface Water,7/8/2024,,pH,8.2,None
Sault Ste. Marie Water Rangers Task Team,11701,St. Marys River:Bellevue Park Topsail Island,46.4952016,-84.297452,River/Stream,Field Msr/Obs,Surface Water,5/29/2024,Test strip,Chlorine,0,ppm
Sault Ste. Marie Water Rangers Task Team,11703,Root River:Root River Old Garden River,46.5629144,-84.2812943,River/Stream,Field Msr/Obs,Surface Water,7/30/2024,Probe/Sensor,Conductivity,155,uS/cm
Sault Ste. Marie Water Rangers Task Team,11712,Fort Creek:Fort Creek Channel at Carmen's Way,46.5363508,-84.3442512,River/Stream,Field Msr/Obs,Surface Water,6/23/2024,Test strip,Total hardness,50,mg/L
Sault Ste. Marie Water Rangers Task Team,11718,East Davignon Creek:East Davignon Creek Allens Side (N of 2nd Ln W),46.559108,-84.4037962,River/Stream,Field Msr/Obs,Surface Water,7/20/2024,Test strip,"Alkalinity, total",20,mg/L
Sault Ste. Marie Water Rangers Task Team,11701,St. Marys River:Bellevue Park Topsail Island,46.4952016,-84.297452,River/Stream,Field Msr/Obs,Surface Water,5/28/2024,Probe/Sensor,"Temperature, water",12.9,deg C
Sault Ste. Marie Water Rangers Task Team,11717,Upper Carp River:Upper Carp River at Creek Rd/Third Line W,46.5480272,-84.4551659,River/Stream,Field Msr/Obs,Surface Water,6/8/2024,Secchi Disk,Depth of water column,0.16,m
Sault Ste. Marie Water Rangers Task Team,11712,Fort Creek:Fort Creek Channel at Carmen's Way,46.5363508,-84.3442512,River/Stream,Field Msr/Obs,Surface Water,8/14/2024,Probe/Sensor,"Temperature, water",20.5,deg C
Sault Ste. Marie Water Rangers Task Team,11712,Fort Creek:Fort Creek Channel at Carmen's Way,46.5363508,-84.3442512,River/Stream,Field Msr/Obs,Surface Water,8/9/2024,Test strip,Total hardness,50,mg/L
Sault Ste. Marie Water Rangers Task Team,11705,Coldwater Creek:Lower Coldwater Creek Case Rd,46.5646992,-84.2689991,River/Stream,Field Msr/Obs,Surface Water,5/27/2024,,pH,7.5,None
Sault Ste. Marie Water Rangers Task Team,11716,Big Carp River:Big Carp River Herkimer Rd,46.5062632,-84.4498873,River/Stream,Field Msr/Obs,Surface Water,8/17/2024,Probe/Sensor,Conductivity,84,uS/cm
Sault Ste. Marie Water Rangers Task Team,11714,West Davignon Creek:West Davignon Brookfield Ave,46.5307892,-84.3968654,River/Stream,Field Msr/Obs,Surface Water,8/17/2024,Test strip,Total hardness,50,mg/L
Sault Ste. Marie Water Rangers Task Team,11716,Big Carp River:Big Carp River Herkimer Rd,46.5062632,-84.4498873,River/Stream,Field Msr/Obs,Surface Water,7/25/2024,Probe/Sensor,Conductivity,101,uS/cm
Sault Ste. Marie Water Rangers Task Team,11705,Coldwater Creek:Lower Coldwater Creek Case Rd,46.5646992,-84.2689991,River/Stream,Field Msr/Obs,Surface Water,8/12/2024,Secchi Disk,Depth of water column,0.27,m
Sault Ste. Marie Water Rangers Task Team,11701,St. Marys River:Bellevue Park Topsail Island,46.4952016,-84.297452,River/Stream,Field Msr/Obs,Surface Water,5/29/2024,,pH,6.4,None
Sault Ste. Marie Water Rangers Task Team,11708,Root River:Root River off Hwy 17 N (near Teen Challenge),46.5717047,-84.3206692,River/Stream,Field Msr/Obs,Surface Water,7/24/2024,Probe/Sensor,"Temperature, water",19.4,deg C
Sault Ste. Marie Water Rangers Task Team,11705,Coldwater Creek:Lower Coldwater Creek Case Rd,46.5646992,-84.2689991,River/Stream,Field Msr/Obs,Surface Water,8/6/2024,Probe/Sensor,"Temperature, air",23,deg C
Sault Ste. Marie Water Rangers Task Team,11714,West Davignon Creek:West Davignon Brookfield Ave,46.5307892,-84.3968654,River/Stream,Field Msr/Obs,Surface Water,8/17/2024,Probe/Sensor,Dissolved oxygen (DO),8,mg/L
Sault Ste. Marie Water Rangers Task Team,11704,Root River:Root River Wishart Park,46.5637702,-84.2936325,River/Stream,Field Msr/Obs,Surface Water,8/11/2024,,pH,7.4,None
Sault Ste. Marie Water Rangers Task Team,11711,Duck pond:Bellevue Park duck pond,46.5004401,-84.2993188,Lake/Pond,Field Msr/Obs,Surface Water,7/19/2024,Test strip,Chlorine,0,ppm
Sault Ste. Marie Water Rangers Task Team,11710,Root River:Root River Hwy 17E,46.5459338,-84.2184019,River/Stream,Field Msr/Obs,Surface Water,7/30/2024,Test strip,"Alkalinity, total",40,mg/L
Sault Ste. Marie Water Rangers Task Team,11701,St. Marys River:Bellevue Park Topsail Island,46.4952016,-84.297452,River/Stream,Field Msr/Obs,Surface Water,4/20/2024,Probe/Sensor,Dissolved oxygen (DO),12,mg/L
Sault Ste. Marie Water Rangers Task Team,11704,Root River:Root River Wishart Park,46.5637702,-84.2936325,River/Stream,Field Msr/Obs,Surface Water,8/14/2024,,pH,6.8,None
Sault Ste. Marie Water Rangers Task Team,11701,St. Marys River:Bellevue Park Topsail Island,46.4952016,-84.297452,River/Stream,Field Msr/Obs,Surface Water,4/14/2024,,pH,6.4,None
Sault Ste. Marie Water Rangers Task Team,11705,Coldwater Creek:Lower Coldwater Creek Case Rd,46.5646992,-84.2689991,River/Stream,Field Msr/Obs,Surface Water,6/14/2024,Probe/Sensor,"Temperature, air",21,deg C
Sault Ste. Marie Water Rangers Task Team,11701,St. Marys River:Bellevue Park Topsail Island,46.4952016,-84.297452,River/Stream,Field Msr/Obs,Surface Water,5/29/2024,Test strip,Chlorine,0,ppm
Sault Ste. Marie Water Rangers Task Team,11717,Upper Carp River:Upper Carp River at Creek Rd/Third Line W,46.5480272,-84.4551659,River/Stream,Field Msr/Obs,Surface Water,6/8/2024,Probe/Sensor,Dissolved oxygen (DO),9,mg/L
Sault Ste. Marie Water Rangers Task Team,11714,West Davignon Creek:West Davignon Brookfield Ave,46.5307892,-84.3968654,River/Stream,Field Msr/Obs,Surface Water,6/29/2024,Test strip,Total hardness,0,mg/L
Sault Ste. Marie Water Rangers Task Team,11718,East Davignon Creek:East Davignon Creek Allens Side (N of 2nd Ln W),46.559108,-84.4037962,River/Stream,Field Msr/Obs,Surface Water,6/29/2024,Secchi Disk,Depth of water column,0.6,m
Sault Ste. Marie Water Rangers Task Team,11713,East Davignon Creek:East Davignon Farwell Terrace (near Tim Hortons),46.5367668,-84.3616748,River/Stream,Field Msr/Obs,Surface Water,7/7/2024,Test strip,"Alkalinity, total",40,mg/L
Sault Ste. Marie Water Rangers Task Team,11714,West Davignon Creek:West Davignon Brookfield Ave,46.5307892,-84.3968654,River/Stream,Field Msr/Obs,Surface Water,7/12/2024,Secchi Disk,Depth of water column,0.17,m
Sault Ste. Marie Water Rangers Task Team,11710,Root River:Root River Hwy 17E,46.5459338,-84.2184019,River/Stream,Field Msr/Obs,Surface Water,7/30/2024,Test strip,Total hardness,0,mg/L
Sault Ste. Marie Water Rangers Task Team,11712,Fort Creek:Fort Creek Channel at Carmen's Way,46.5363508,-84.3442512,River/Stream,Field Msr/Obs,Surface Water,7/8/2024,Test strip,Chlorine,0,ppm
Sault Ste. Marie Water Rangers Task Team,11717,Upper Carp River:Upper Carp River at Creek Rd/Third Line W,46.5480272,-84.4551659,River/Stream,Field Msr/Obs,Surface Water,7/25/2024,Probe/Sensor,Dissolved oxygen (DO),9,mg/L
Sault Ste. Marie Water Rangers Task Team,11705,Coldwater Creek:Lower Coldwater Creek Case Rd,46.5646992,-84.2689991,River/Stream,Field Msr/Obs,Surface Water,6/10/2024,Probe/Sensor,Conductivity,55,uS/cm
Sault Ste. Marie Water Rangers Task Team,11704,Root River:Root River Wishart Park,46.5637702,-84.2936325,River/Stream,Field Msr/Obs,Surface Water,8/8/2024,Probe/Sensor,Conductivity,171,uS/cm
Sault Ste. Marie Water Rangers Task Team,11711,Duck pond:Bellevue Park duck pond,46.5004401,-84.2993188,Lake/Pond,Field Msr/Obs,Surface Water,7/15/2024,Test strip,Total hardness,0,mg/L
Sault Ste. Marie Water Rangers Task Team,11706,Root River:Root River Fourth Line E,46.5672083,-84.3063569,River/Stream,Field Msr/Obs,Surface Water,6/28/2024,Probe/Sensor,Conductivity,81,uS/cm
Sault Ste. Marie Water Rangers Task Team,11715,Little Carp River:Little Carp River Carpin Beach Rd,46.5097352,-84.4441581,River/Stream,Field Msr/Obs,Surface Water,7/25/2024,Test strip,Total hardness,50,mg/L
Sault Ste. Marie Water Rangers Task Team,11714,West Davignon Creek:West Davignon Brookfield Ave,46.5307892,-84.3968654,River/Stream,Field Msr/Obs,Surface Water,8/17/2024,Probe/Sensor,Salinity,70,ppm
Sault Ste. Marie Water Rangers Task Team,11701,St. Marys River:Bellevue Park Topsail Island,46.4952016,-84.297452,River/Stream,Field Msr/Obs,Surface Water,3/10/2024,Probe/Sensor,"Temperature, air",-2,deg C
Sault Ste. Marie Water Rangers Task Team,11714,West Davignon Creek:West Davignon Brookfield Ave,46.5307892,-84.3968654,River/Stream,Field Msr/Obs,Surface Water,7/12/2024,Test strip,Total hardness,0,mg/L
Sault Ste. Marie Water Rangers Task Team,11718,East Davignon Creek:East Davignon Creek Allens Side (N of 2nd Ln W),46.559108,-84.4037962,River/Stream,Field Msr/Obs,Surface Water,6/29/2024,Probe/Sensor,Conductivity,75,uS/cm
Sault Ste. Marie Water Rangers Task Team,11711,Duck pond:Bellevue Park duck pond,46.5004401,-84.2993188,Lake/Pond,Field Msr/Obs,Surface Water,6/7/2024,Test strip,Chlorine,0,ppm
Sault Ste. Marie Water Rangers Task Team,11705,Coldwater Creek:Lower Coldwater Creek Case Rd,46.5646992,-84.2689991,River/Stream,Field Msr/Obs,Surface Water,8/6/2024,,pH,7.5,None
Sault Ste. Marie Water Rangers Task Team,11710,Root River:Root River Hwy 17E,46.5459338,-84.2184019,River/Stream,Field Msr/Obs,Surface Water,7/30/2024,Probe/Sensor,Conductivity,142,uS/cm
Sault Ste. Marie Water Rangers Task Team,11705,Coldwater Creek:Lower Coldwater Creek Case Rd,46.5646992,-84.2689991,River/Stream,Field Msr/Obs,Surface Water,8/12/2024,,pH,7.5,None
Sault Ste. Marie Water Rangers Task Team,11705,Coldwater Creek:Lower Coldwater Creek Case Rd,46.5646992,-84.2689991,River/Stream,Field Msr/Obs,Surface Water,6/21/2024,Probe/Sensor,Conductivity,80,uS/cm
Sault Ste. Marie Water Rangers Task Team,11708,Root River:Root River off Hwy 17 N (near Teen Challenge),46.5717047,-84.3206692,River/Stream,Field Msr/Obs,Surface Water,7/24/2024,Probe/Sensor,Dissolved oxygen (DO),9,mg/L
Sault Ste. Marie Water Rangers Task Team,11701,St. Marys River:Bellevue Park Topsail Island,46.4952016,-84.297452,River/Stream,Field Msr/Obs,Surface Water,3/27/2024,Secchi Disk,"Depth, Secchi disk depth",0.17,m
Sault Ste. Marie Water Rangers Task Team,11701,St. Marys River:Bellevue Park Topsail Island,46.4952016,-84.297452,River/Stream,Field Msr/Obs,Surface Water,5/29/2024,Probe/Sensor,"Temperature, water",12,deg C
Sault Ste. Marie Water Rangers Task Team,11713,East Davignon Creek:East Davignon Farwell Terrace (near Tim Hortons),46.5367668,-84.3616748,River/Stream,Field Msr/Obs,Surface Water,8/14/2024,,pH,7.3,None
Sault Ste. Marie Water Rangers Task Team,11701,St. Marys River:Bellevue Park Topsail Island,46.4952016,-84.297452,River/Stream,Field Msr/Obs,Surface Water,8/3/2024,Probe/Sensor,Conductivity,103,uS/cm
Sault Ste. Marie Water Rangers Task Team,11712,Fort Creek:Fort Creek Channel at Carmen's Way,46.5363508,-84.3442512,River/Stream,Field Msr/Obs,Surface Water,8/14/2024,,pH,7.8,None
Sault Ste. Marie Water Rangers Task Team,11712,Fort Creek:Fort Creek Channel at Carmen's Way,46.5363508,-84.3442512,River/Stream,Field Msr/Obs,Surface Water,8/14/2024,Secchi Disk,"Depth, Secchi disk depth",0.3,m
Sault Ste. Marie Water Rangers Task Team,11705,Coldwater Creek:Lower Coldwater Creek Case Rd,46.5646992,-84.2689991,River/Stream,Field Msr/Obs,Surface Water,8/6/2024,Probe/Sensor,Dissolved oxygen (DO),9,mg/L
Sault Ste. Marie Water Rangers Task Team,11704,Root River:Root River Wishart Park,46.5637702,-84.2936325,River/Stream,Field Msr/Obs,Surface Water,8/8/2024,Probe/Sensor,"Temperature, water",20.9,deg C
Sault Ste. Marie Water Rangers Task Team,11701,St. Marys River:Bellevue Park Topsail Island,46.4952016,-84.297452,River/Stream,Field Msr/Obs,Surface Water,4/26/2024,Probe/Sensor,Dissolved oxygen (DO),11,mg/L
Sault Ste. Marie Water Rangers Task Team,11715,Little Carp River:Little Carp River Carpin Beach Rd,46.5097352,-84.4441581,River/Stream,Field Msr/Obs,Surface Water,8/11/2024,Probe/Sensor,Conductivity,117,uS/cm
Sault Ste. Marie Water Rangers Task Team,11704,Root River:Root River Wishart Park,46.5637702,-84.2936325,River/Stream,Field Msr/Obs,Surface Water,7/20/2024,Test strip,Chlorine,0,ppm
Sault Ste. Marie Water Rangers Task Team,11717,Upper Carp River:Upper Carp River at Creek Rd/Third Line W,46.5480272,-84.4551659,River/Stream,Field Msr/Obs,Surface Water,8/11/2024,Test strip,Total hardness,0,mg/L
Sault Ste. Marie Water Rangers Task Team,11709,Canon Creek:Canon Creek Old Goulais Bay Rd,46.5915743,-84.3430281,River/Stream,Field Msr/Obs,Surface Water,8/7/2024,Test strip,Chlorine,0,ppm
Sault Ste. Marie Water Rangers Task Team,11701,St. Marys River:Bellevue Park Topsail Island,46.4952016,-84.297452,River/Stream,Field Msr/Obs,Surface Water,6/21/2024,Test strip,Total hardness,0,mg/L
Sault Ste. Marie Water Rangers Task Team,11705,Coldwater Creek:Lower Coldwater Creek Case Rd,46.5646992,-84.2689991,River/Stream,Field Msr/Obs,Surface Water,6/10/2024,Secchi Disk,"Depth, Secchi disk depth",0.19,m
Sault Ste. Marie Water Rangers Task Team,11713,East Davignon Creek:East Davignon Farwell Terrace (near Tim Hortons),46.5367668,-84.3616748,River/Stream,Field Msr/Obs,Surface Water,7/24/2024,Probe/Sensor,Dissolved oxygen (DO),9,mg/L
Sault Ste. Marie Water Rangers Task Team,11701,St. Marys River:Bellevue Park Topsail Island,46.4952016,-84.297452,River/Stream,Field Msr/Obs,Surface Water,7/24/2024,Probe/Sensor,Dissolved oxygen (DO),7,mg/L
Sault Ste. Marie Water Rangers Task Team,11711,Duck pond:Bellevue Park duck pond,46.5004401,-84.2993188,Lake/Pond,Field Msr/Obs,Surface Water,8/3/2024,Probe/Sensor,Conductivity,149,uS/cm
Sault Ste. Marie Water Rangers Task Team,11711,Duck pond:Bellevue Park duck pond,46.5004401,-84.2993188,Lake/Pond,Field Msr/Obs,Surface Water,8/3/2024,Probe/Sensor,"Temperature, water",28.1,deg C
Sault Ste. Marie Water Rangers Task Team,11711,Duck pond:Bellevue Park duck pond,46.5004401,-84.2993188,Lake/Pond,Field Msr/Obs,Surface Water,7/29/2024,Probe/Sensor,Dissolved oxygen (DO),10,mg/L
Sault Ste. Marie Water Rangers Task Team,11715,Little Carp River:Little Carp River Carpin Beach Rd,46.5097352,-84.4441581,River/Stream,Field Msr/Obs,Surface Water,7/25/2024,,pH,7.6,None
Sault Ste. Marie Water Rangers Task Team,11717,Upper Carp River:Upper Carp River at Creek Rd/Third Line W,46.5480272,-84.4551659,River/Stream,Field Msr/Obs,Surface Water,6/8/2024,Test strip,Total hardness,0,mg/L
Sault Ste. Marie Water Rangers Task Team,11714,West Davignon Creek:West Davignon Brookfield Ave,46.5307892,-84.3968654,River/Stream,Field Msr/Obs,Surface Water,8/17/2024,Probe/Sensor,Conductivity,131,uS/cm
Sault Ste. Marie Water Rangers Task Team,11701,St. Marys River:Bellevue Park Topsail Island,46.4952016,-84.297452,River/Stream,Field Msr/Obs,Surface Water,5/29/2024,,pH,6.4,None
Sault Ste. Marie Water Rangers Task Team,11706,Root River:Root River Fourth Line E,46.5672083,-84.3063569,River/Stream,Field Msr/Obs,Surface Water,7/24/2024,Probe/Sensor,"Temperature, water",17.1,deg C
Sault Ste. Marie Water Rangers Task Team,11705,Coldwater Creek:Lower Coldwater Creek Case Rd,46.5646992,-84.2689991,River/Stream,Field Msr/Obs,Surface Water,6/10/2024,,pH,7.5,None
Sault Ste. Marie Water Rangers Task Team,11712,Fort Creek:Fort Creek Channel at Carmen's Way,46.5363508,-84.3442512,River/Stream,Field Msr/Obs,Surface Water,8/9/2024,Probe/Sensor,"Temperature, water",18.5,deg C
Sault Ste. Marie Water Rangers Task Team,11714,West Davignon Creek:West Davignon Brookfield Ave,46.5307892,-84.3968654,River/Stream,Field Msr/Obs,Surface Water,7/19/2024,Test strip,Total hardness,0,mg/L
Sault Ste. Marie Water Rangers Task Team,11714,West Davignon Creek:West Davignon Brookfield Ave,46.5307892,-84.3968654,River/Stream,Field Msr/Obs,Surface Water,6/29/2024,,pH,7.2,None
Sault Ste. Marie Water Rangers Task Team,11718,East Davignon Creek:East Davignon Creek Allens Side (N of 2nd Ln W),46.559108,-84.4037962,River/Stream,Field Msr/Obs,Surface Water,7/30/2024,Probe/Sensor,"Temperature, air",25,deg C
Sault Ste. Marie Water Rangers Task Team,11714,West Davignon Creek:West Davignon Brookfield Ave,46.5307892,-84.3968654,River/Stream,Field Msr/Obs,Surface Water,8/11/2024,Probe/Sensor,"Temperature, water",15,deg C
Sault Ste. Marie Water Rangers Task Team,11711,Duck pond:Bellevue Park duck pond,46.5004401,-84.2993188,Lake/Pond,Field Msr/Obs,Surface Water,6/21/2024,Probe/Sensor,Conductivity,415,uS/cm
Sault Ste. Marie Water Rangers Task Team,11704,Root River:Root River Wishart Park,46.5637702,-84.2936325,River/Stream,Field Msr/Obs,Surface Water,8/14/2024,Probe/Sensor,Dissolved oxygen (DO),7,mg/L
Sault Ste. Marie Water Rangers Task Team,11704,Root River:Root River Wishart Park,46.5637702,-84.2936325,River/Stream,Field Msr/Obs,Surface Water,8/11/2024,Probe/Sensor,Conductivity,102,uS/cm
Sault Ste. Marie Water Rangers Task Team,11708,Root River:Root River off Hwy 17 N (near Teen Challenge),46.5717047,-84.3206692,River/Stream,Field Msr/Obs,Surface Water,8/8/2024,Test strip,Total hardness,0,mg/L
Sault Ste. Marie Water Rangers Task Team,11714,West Davignon Creek:West Davignon Brookfield Ave,46.5307892,-84.3968654,River/Stream,Field Msr/Obs,Surface Water,8/17/2024,Test strip,Chlorine,0,ppm
Sault Ste. Marie Water Rangers Task Team,11701,St. Marys River:Bellevue Park Topsail Island,46.4952016,-84.297452,River/Stream,Field Msr/Obs,Surface Water,5/29/2024,,pH,6.4,None
Sault Ste. Marie Water Rangers Task Team,11703,Root River:Root River Old Garden River,46.5629144,-84.2812943,River/Stream,Field Msr/Obs,Surface Water,8/12/2024,Test strip,Chlorine,0,ppm
Sault Ste. Marie Water Rangers Task Team,11706,Root River:Root River Fourth Line E,46.5672083,-84.3063569,River/Stream,Field Msr/Obs,Surface Water,8/11/2024,,pH,7.2,None
Sault Ste. Marie Water Rangers Task Team,11718,East Davignon Creek:East Davignon Creek Allens Side (N of 2nd Ln W),46.559108,-84.4037962,River/Stream,Field Msr/Obs,Surface Water,6/15/2024,Test strip,"Alkalinity, total",20,mg/L
Sault Ste. Marie Water Rangers Task Team,11701,St. Marys River:Bellevue Park Topsail Island,46.4952016,-84.297452,River/Stream,Field Msr/Obs,Surface Water,5/29/2024,Probe/Sensor,"Temperature, water",11.1,deg C
Sault Ste. Marie Water Rangers Task Team,11701,St. Marys River:Bellevue Park Topsail Island,46.4952016,-84.297452,River/Stream,Field Msr/Obs,Surface Water,4/26/2024,Probe/Sensor,Conductivity,118,uS/cm
Sault Ste. Marie Water Rangers Task Team,11701,St. Marys River:Bellevue Park Topsail Island,46.4952016,-84.297452,River/Stream,Field Msr/Obs,Surface Water,8/6/2024,Test strip,Chlorine,0,ppm
Sault Ste. Marie Water Rangers Task Team,11705,Coldwater Creek:Lower Coldwater Creek Case Rd,46.5646992,-84.2689991,River/Stream,Field Msr/Obs,Surface Water,7/24/2024,Probe/Sensor,"Temperature, water",17.8,deg C
Sault Ste. Marie Water Rangers Task Team,11716,Big Carp River:Big Carp River Herkimer Rd,46.5062632,-84.4498873,River/Stream,Field Msr/Obs,Surface Water,7/25/2024,Probe/Sensor,"Temperature, air",23,deg C
Sault Ste. Marie Water Rangers Task Team,11701,St. Marys River:Bellevue Park Topsail Island,46.4952016,-84.297452,River/Stream,Field Msr/Obs,Surface Water,7/15/2024,,pH,7.5,None
Sault Ste. Marie Water Rangers Task Team,11701,St. Marys River:Bellevue Park Topsail Island,46.4952016,-84.297452,River/Stream,Field Msr/Obs,Surface Water,4/7/2024,,pH,6.4,None
Sault Ste. Marie Water Rangers Task Team,11706,Root River:Root River Fourth Line E,46.5672083,-84.3063569,River/Stream,Field Msr/Obs,Surface Water,7/20/2024,Probe/Sensor,"Temperature, water",19.4,deg C
Sault Ste. Marie Water Rangers Task Team,11714,West Davignon Creek:West Davignon Brookfield Ave,46.5307892,-84.3968654,River/Stream,Field Msr/Obs,Surface Water,8/17/2024,,pH,7.5,None
Sault Ste. Marie Water Rangers Task Team,11712,Fort Creek:Fort Creek Channel at Carmen's Way,46.5363508,-84.3442512,River/Stream,Field Msr/Obs,Surface Water,8/2/2024,Probe/Sensor,"Temperature, water",23,deg C
Sault Ste. Marie Water Rangers Task Team,11711,Duck pond:Bellevue Park duck pond,46.5004401,-84.2993188,Lake/Pond,Field Msr/Obs,Surface Water,7/29/2024,Probe/Sensor,"Temperature, water",26.4,deg C
Sault Ste. Marie Water Rangers Task Team,11701,St. Marys River:Bellevue Park Topsail Island,46.4952016,-84.297452,River/Stream,Field Msr/Obs,Surface Water,4/26/2024,Test strip,"Alkalinity, total",0,mg/L
Sault Ste. Marie Water Rangers Task Team,11705,Coldwater Creek:Lower Coldwater Creek Case Rd,46.5646992,-84.2689991,River/Stream,Field Msr/Obs,Surface Water,8/12/2024,Test strip,Total hardness,0,mg/L
Sault Ste. Marie Water Rangers Task Team,11705,Coldwater Creek:Lower Coldwater Creek Case Rd,46.5646992,-84.2689991,River/Stream,Field Msr/Obs,Surface Water,5/27/2024,Test strip,Total hardness,0,mg/L
Sault Ste. Marie Water Rangers Task Team,11705,Coldwater Creek:Lower Coldwater Creek Case Rd,46.5646992,-84.2689991,River/Stream,Field Msr/Obs,Surface Water,5/27/2024,Probe/Sensor,Conductivity,39,uS/cm
Sault Ste. Marie Water Rangers Task Team,11708,Root River:Root River off Hwy 17 N (near Teen Challenge),46.5717047,-84.3206692,River/Stream,Field Msr/Obs,Surface Water,8/8/2024,Secchi Disk,Depth of water column,0.26,m
Sault Ste. Marie Water Rangers Task Team,11706,Root River:Root River Fourth Line E,46.5672083,-84.3063569,River/Stream,Field Msr/Obs,Surface Water,6/28/2024,Probe/Sensor,Dissolved oxygen (DO),7,mg/L
Sault Ste. Marie Water Rangers Task Team,11716,Big Carp River:Big Carp River Herkimer Rd,46.5062632,-84.4498873,River/Stream,Field Msr/Obs,Surface Water,8/4/2024,Test strip,Chlorine,0,ppm
Sault Ste. Marie Water Rangers Task Team,11701,St. Marys River:Bellevue Park Topsail Island,46.4952016,-84.297452,River/Stream,Field Msr/Obs,Surface Water,5/29/2024,Test strip,Total hardness,0,mg/L
Sault Ste. Marie Water Rangers Task Team,11705,Coldwater Creek:Lower Coldwater Creek Case Rd,46.5646992,-84.2689991,River/Stream,Field Msr/Obs,Surface Water,6/28/2024,Test strip,Total hardness,0,mg/L
Sault Ste. Marie Water Rangers Task Team,11706,Root River:Root River Fourth Line E,46.5672083,-84.3063569,River/Stream,Field Msr/Obs,Surface Water,7/24/2024,Test strip,Chlorine,0,ppm
Sault Ste. Marie Water Rangers Task Team,11708,Root River:Root River off Hwy 17 N (near Teen Challenge),46.5717047,-84.3206692,River/Stream,Field Msr/Obs,Surface Water,7/24/2024,Test strip,Chlorine,0,ppm
Sault Ste. Marie Water Rangers Task Team,11718,East Davignon Creek:East Davignon Creek Allens Side (N of 2nd Ln W),46.559108,-84.4037962,River/Stream,Field Msr/Obs,Surface Water,8/17/2024,Probe/Sensor,Dissolved oxygen (DO),7,mg/L
Sault Ste. Marie Water Rangers Task Team,11701,St. Marys River:Bellevue Park Topsail Island,46.4952016,-84.297452,River/Stream,Field Msr/Obs,Surface Water,5/29/2024,Probe/Sensor,"Temperature, air",9,deg C
Sault Ste. Marie Water Rangers Task Team,11714,West Davignon Creek:West Davignon Brookfield Ave,46.5307892,-84.3968654,River/Stream,Field Msr/Obs,Surface Water,7/5/2024,Test strip,Chlorine,0,ppm
Sault Ste. Marie Water Rangers Task Team,11707,Root River Branch:Root River Branch Fourth Line E,46.5676351,-84.3005633,River/Stream,Field Msr/Obs,Surface Water,8/11/2024,Test strip,"Alkalinity, total",20,mg/L
Sault Ste. Marie Water Rangers Task Team,11712,Fort Creek:Fort Creek Channel at Carmen's Way,46.5363508,-84.3442512,River/Stream,Field Msr/Obs,Surface Water,8/2/2024,Test strip,"Alkalinity, total",150,mg/L
Sault Ste. Marie Water Rangers Task Team,11714,West Davignon Creek:West Davignon Brookfield Ave,46.5307892,-84.3968654,River/Stream,Field Msr/Obs,Surface Water,7/27/2024,Probe/Sensor,"Temperature, air",25,deg C
Sault Ste. Marie Water Rangers Task Team,11710,Root River:Root River Hwy 17E,46.5459338,-84.2184019,River/Stream,Field Msr/Obs,Surface Water,7/30/2024,,pH,7.8,None
Sault Ste. Marie Water Rangers Task Team,11718,East Davignon Creek:East Davignon Creek Allens Side (N of 2nd Ln W),46.559108,-84.4037962,River/Stream,Field Msr/Obs,Surface Water,8/7/2024,Test strip,Total hardness,0,mg/L
Sault Ste. Marie Water Rangers Task Team,11701,St. Marys River:Bellevue Park Topsail Island,46.4952016,-84.297452,River/Stream,Field Msr/Obs,Surface Water,4/5/2024,Probe/Sensor,Dissolved oxygen (DO),9,mg/L
Sault Ste. Marie Water Rangers Task Team,11705,Coldwater Creek:Lower Coldwater Creek Case Rd,46.5646992,-84.2689991,River/Stream,Field Msr/Obs,Surface Water,6/10/2024,Test strip,Chlorine,0,ppm
Sault Ste. Marie Water Rangers Task Team,11713,East Davignon Creek:East Davignon Farwell Terrace (near Tim Hortons),46.5367668,-84.3616748,River/Stream,Field Msr/Obs,Surface Water,8/2/2024,Test strip,Total hardness,50,mg/L
Sault Ste. Marie Water Rangers Task Team,11706,Root River:Root River Fourth Line E,46.5672083,-84.3063569,River/Stream,Field Msr/Obs,Surface Water,6/22/2024,,pH,6.3,None
Sault Ste. Marie Water Rangers Task Team,11706,Root River:Root River Fourth Line E,46.5672083,-84.3063569,River/Stream,Field Msr/Obs,Surface Water,7/20/2024,Test strip,Total hardness,0,mg/L
Sault Ste. Marie Water Rangers Task Team,11701,St. Marys River:Bellevue Park Topsail Island,46.4952016,-84.297452,River/Stream,Field Msr/Obs,Surface Water,4/14/2024,Probe/Sensor,Conductivity,114,uS/cm
Sault Ste. Marie Water Rangers Task Team,11713,East Davignon Creek:East Davignon Farwell Terrace (near Tim Hortons),46.5367668,-84.3616748,River/Stream,Field Msr/Obs,Surface Water,6/23/2024,Probe/Sensor,Conductivity,168,uS/cm
Sault Ste. Marie Water Rangers Task Team,11713,East Davignon Creek:East Davignon Farwell Terrace (near Tim Hortons),46.5367668,-84.3616748,River/Stream,Field Msr/Obs,Surface Water,6/23/2024,Test strip,Total hardness,90,mg/L
Sault Ste. Marie Water Rangers Task Team,11711,Duck pond:Bellevue Park duck pond,46.5004401,-84.2993188,Lake/Pond,Field Msr/Obs,Surface Water,7/19/2024,Probe/Sensor,"Temperature, air",20,deg C
Sault Ste. Marie Water Rangers Task Team,11713,East Davignon Creek:East Davignon Farwell Terrace (near Tim Hortons),46.5367668,-84.3616748,River/Stream,Field Msr/Obs,Surface Water,7/24/2024,Probe/Sensor,"Temperature, water",18.3,deg C
Sault Ste. Marie Water Rangers Task Team,11701,St. Marys River:Bellevue Park Topsail Island,46.4952016,-84.297452,River/Stream,Field Msr/Obs,Surface Water,4/5/2024,Probe/Sensor,Conductivity,112,uS/cm
Sault Ste. Marie Water Rangers Task Team,11718,East Davignon Creek:East Davignon Creek Allens Side (N of 2nd Ln W),46.559108,-84.4037962,River/Stream,Field Msr/Obs,Surface Water,6/29/2024,,pH,7.2,None
Sault Ste. Marie Water Rangers Task Team,11706,Root River:Root River Fourth Line E,46.5672083,-84.3063569,River/Stream,Field Msr/Obs,Surface Water,6/14/2024,Probe/Sensor,"Temperature, air",20,deg C
Sault Ste. Marie Water Rangers Task Team,11706,Root River:Root River Fourth Line E,46.5672083,-84.3063569,River/Stream,Field Msr/Obs,Surface Water,6/28/2024,Probe/Sensor,"Temperature, water",16.7,deg C
Sault Ste. Marie Water Rangers Task Team,11701,St. Marys River:Bellevue Park Topsail Island,46.4952016,-84.297452,River/Stream,Field Msr/Obs,Surface Water,3/10/2024,Test strip,Total hardness,100,mg/L
Sault Ste. Marie Water Rangers Task Team,11714,West Davignon Creek:West Davignon Brookfield Ave,46.5307892,-84.3968654,River/Stream,Field Msr/Obs,Surface Water,7/5/2024,,pH,7.2,None
Sault Ste. Marie Water Rangers Task Team,11718,East Davignon Creek:East Davignon Creek Allens Side (N of 2nd Ln W),46.559108,-84.4037962,River/Stream,Field Msr/Obs,Surface Water,7/30/2024,Probe/Sensor,"Temperature, water",19.1,deg C
Sault Ste. Marie Water Rangers Task Team,11702,Cold Water Creek:Cold Water Creek at Old Garden River Road,46.5636057,-84.2783117,River/Stream,Field Msr/Obs,Surface Water,8/12/2024,,pH,7.4,None
Sault Ste. Marie Water Rangers Task Team,11717,Upper Carp River:Upper Carp River at Creek Rd/Third Line W,46.5480272,-84.4551659,River/Stream,Field Msr/Obs,Surface Water,8/11/2024,Probe/Sensor,"Temperature, air",18,deg C
Sault Ste. Marie Water Rangers Task Team,11707,Root River Branch:Root River Branch Fourth Line E,46.5676351,-84.3005633,River/Stream,Field Msr/Obs,Surface Water,7/30/2024,Probe/Sensor,Dissolved oxygen (DO),8,mg/L
Sault Ste. Marie Water Rangers Task Team,11701,St. Marys River:Bellevue Park Topsail Island,46.4952016,-84.297452,River/Stream,Field Msr/Obs,Surface Water,5/29/2024,Probe/Sensor,Dissolved oxygen (DO),11,mg/L
Sault Ste. Marie Water Rangers Task Team,11715,Little Carp River:Little Carp River Carpin Beach Rd,46.5097352,-84.4441581,River/Stream,Field Msr/Obs,Surface Water,6/8/2024,Probe/Sensor,"Temperature, water",12,deg C
Sault Ste. Marie Water Rangers Task Team,11714,West Davignon Creek:West Davignon Brookfield Ave,46.5307892,-84.3968654,River/Stream,Field Msr/Obs,Surface Water,7/5/2024,Probe/Sensor,"Temperature, water",17.7,deg C
Sault Ste. Marie Water Rangers Task Team,11707,Root River Branch:Root River Branch Fourth Line E,46.5676351,-84.3005633,River/Stream,Field Msr/Obs,Surface Water,8/11/2024,Probe/Sensor,Salinity,67,ppm
Sault Ste. Marie Water Rangers Task Team,11718,East Davignon Creek:East Davignon Creek Allens Side (N of 2nd Ln W),46.559108,-84.4037962,River/Stream,Field Msr/Obs,Surface Water,8/7/2024,Test strip,"Alkalinity, total",20,mg/L
Sault Ste. Marie Water Rangers Task Team,11703,Root River:Root River Old Garden River,46.5629144,-84.2812943,River/Stream,Field Msr/Obs,Surface Water,7/30/2024,Secchi Disk,Depth of water column,0.24,m
Sault Ste. Marie Water Rangers Task Team,11705,Coldwater Creek:Lower Coldwater Creek Case Rd,46.5646992,-84.2689991,River/Stream,Field Msr/Obs,Surface Water,7/28/2024,Secchi Disk,Depth of water column,0.37,m
Sault Ste. Marie Water Rangers Task Team,11701,St. Marys River:Bellevue Park Topsail Island,46.4952016,-84.297452,River/Stream,Field Msr/Obs,Surface Water,5/29/2024,Test strip,"Alkalinity, total",0,mg/L
Sault Ste. Marie Water Rangers Task Team,11709,Canon Creek:Canon Creek Old Goulais Bay Rd,46.5915743,-84.3430281,River/Stream,Field Msr/Obs,Surface Water,7/24/2024,Probe/Sensor,"Temperature, water",19.5,deg C
Sault Ste. Marie Water Rangers Task Team,11701,St. Marys River:Bellevue Park Topsail Island,46.4952016,-84.297452,River/Stream,Field Msr/Obs,Surface Water,4/20/2024,Test strip,Chlorine,0,ppm
Sault Ste. Marie Water Rangers Task Team,11709,Canon Creek:Canon Creek Old Goulais Bay Rd,46.5915743,-84.3430281,River/Stream,Field Msr/Obs,Surface Water,7/20/2024,Probe/Sensor,"Temperature, water",18.4,deg C
Sault Ste. Marie Water Rangers Task Team,11714,West Davignon Creek:West Davignon Brookfield Ave,46.5307892,-84.3968654,River/Stream,Field Msr/Obs,Surface Water,7/12/2024,Probe/Sensor,"Temperature, air",23,deg C
Sault Ste. Marie Water Rangers Task Team,11713,East Davignon Creek:East Davignon Farwell Terrace (near Tim Hortons),46.5367668,-84.3616748,River/Stream,Field Msr/Obs,Surface Water,7/24/2024,Test strip,Total hardness,0,mg/L
Sault Ste. Marie Water Rangers Task Team,11718,East Davignon Creek:East Davignon Creek Allens Side (N of 2nd Ln W),46.559108,-84.4037962,River/Stream,Field Msr/Obs,Surface Water,7/20/2024,Test strip,Chlorine,0,ppm
Sault Ste. Marie Water Rangers Task Team,11704,Root River:Root River Wishart Park,46.5637702,-84.2936325,River/Stream,Field Msr/Obs,Surface Water,7/24/2024,Test strip,Total hardness,0,mg/L
Sault Ste. Marie Water Rangers Task Team,11706,Root River:Root River Fourth Line E,46.5672083,-84.3063569,River/Stream,Field Msr/Obs,Surface Water,6/28/2024,Test strip,Chlorine,0,ppm
Sault Ste. Marie Water Rangers Task Team,11715,Little Carp River:Little Carp River Carpin Beach Rd,46.5097352,-84.4441581,River/Stream,Field Msr/Obs,Surface Water,7/25/2024,Test strip,Chlorine,0,ppm
Sault Ste. Marie Water Rangers Task Team,11712,Fort Creek:Fort Creek Channel at Carmen's Way,46.5363508,-84.3442512,River/Stream,Field Msr/Obs,Surface Water,7/24/2024,Probe/Sensor,Conductivity,600,uS/cm
Sault Ste. Marie Water Rangers Task Team,11704,Root River:Root River Wishart Park,46.5637702,-84.2936325,River/Stream,Field Msr/Obs,Surface Water,7/20/2024,Probe/Sensor,Dissolved oxygen (DO),6,mg/L
Sault Ste. Marie Water Rangers Task Team,11706,Root River:Root River Fourth Line E,46.5672083,-84.3063569,River/Stream,Field Msr/Obs,Surface Water,7/24/2024,Probe/Sensor,Dissolved oxygen (DO),11,mg/L
Sault Ste. Marie Water Rangers Task Team,11718,East Davignon Creek:East Davignon Creek Allens Side (N of 2nd Ln W),46.559108,-84.4037962,River/Stream,Field Msr/Obs,Surface Water,8/17/2024,Test strip,Total hardness,0,mg/L
Sault Ste. Marie Water Rangers Task Team,11712,Fort Creek:Fort Creek Channel at Carmen's Way,46.5363508,-84.3442512,River/Stream,Field Msr/Obs,Surface Water,7/24/2024,Secchi Disk,"Depth, Secchi disk depth",0.13,m
Sault Ste. Marie Water Rangers Task Team,11716,Big Carp River:Big Carp River Herkimer Rd,46.5062632,-84.4498873,River/Stream,Field Msr/Obs,Surface Water,8/11/2024,,pH,7.2,None
Sault Ste. Marie Water Rangers Task Team,11712,Fort Creek:Fort Creek Channel at Carmen's Way,46.5363508,-84.3442512,River/Stream,Field Msr/Obs,Surface Water,8/14/2024,Test strip,Total hardness,150,mg/L
Sault Ste. Marie Water Rangers Task Team,11710,Root River:Root River Hwy 17E,46.5459338,-84.2184019,River/Stream,Field Msr/Obs,Surface Water,8/11/2024,Test strip,"Alkalinity, total",20,mg/L
Sault Ste. Marie Water Rangers Task Team,11714,West Davignon Creek:West Davignon Brookfield Ave,46.5307892,-84.3968654,River/Stream,Field Msr/Obs,Surface Water,8/11/2024,Secchi Disk,Depth of water column,0.3,m
Sault Ste. Marie Water Rangers Task Team,11701,St. Marys River:Bellevue Park Topsail Island,46.4952016,-84.297452,River/Stream,Field Msr/Obs,Surface Water,4/26/2024,Probe/Sensor,"Temperature, water",6.4,deg C
Sault Ste. Marie Water Rangers Task Team,11706,Root River:Root River Fourth Line E,46.5672083,-84.3063569,River/Stream,Field Msr/Obs,Surface Water,6/6/2024,Probe/Sensor,"Temperature, water",13.5,deg C
Sault Ste. Marie Water Rangers Task Team,11713,East Davignon Creek:East Davignon Farwell Terrace (near Tim Hortons),46.5367668,-84.3616748,River/Stream,Field Msr/Obs,Surface Water,8/9/2024,Secchi Disk,Depth of water column,0.3,m
Sault Ste. Marie Water Rangers Task Team,11718,East Davignon Creek:East Davignon Creek Allens Side (N of 2nd Ln W),46.559108,-84.4037962,River/Stream,Field Msr/Obs,Surface Water,8/7/2024,Test strip,Chlorine,0,ppm
Sault Ste. Marie Water Rangers Task Team,11715,Little Carp River:Little Carp River Carpin Beach Rd,46.5097352,-84.4441581,River/Stream,Field Msr/Obs,Surface Water,6/14/2024,Probe/Sensor,"Temperature, water",16.26,deg C
Sault Ste. Marie Water Rangers Task Team,11714,West Davignon Creek:West Davignon Brookfield Ave,46.5307892,-84.3968654,River/Stream,Field Msr/Obs,Surface Water,8/11/2024,Probe/Sensor,Dissolved oxygen (DO),7,mg/L
Sault Ste. Marie Water Rangers Task Team,11702,Cold Water Creek:Cold Water Creek at Old Garden River Road,46.5636057,-84.2783117,River/Stream,Field Msr/Obs,Surface Water,8/6/2024,Probe/Sensor,"Temperature, air",23,deg C
Sault Ste. Marie Water Rangers Task Team,11701,St. Marys River:Bellevue Park Topsail Island,46.4952016,-84.297452,River/Stream,Field Msr/Obs,Surface Water,6/21/2024,Probe/Sensor,"Temperature, air",19,deg C
Sault Ste. Marie Water Rangers Task Team,11713,East Davignon Creek:East Davignon Farwell Terrace (near Tim Hortons),46.5367668,-84.3616748,River/Stream,Field Msr/Obs,Surface Water,6/23/2024,Probe/Sensor,"Temperature, water",22,deg C
Sault Ste. Marie Water Rangers Task Team,11701,St. Marys River:Bellevue Park Topsail Island,46.4952016,-84.297452,River/Stream,Field Msr/Obs,Surface Water,4/20/2024,Probe/Sensor,"Temperature, air",3,deg C
Sault Ste. Marie Water Rangers Task Team,11718,East Davignon Creek:East Davignon Creek Allens Side (N of 2nd Ln W),46.559108,-84.4037962,River/Stream,Field Msr/Obs,Surface Water,7/20/2024,Probe/Sensor,"Temperature, air",22,deg C
Sault Ste. Marie Water Rangers Task Team,11711,Duck pond:Bellevue Park duck pond,46.5004401,-84.2993188,Lake/Pond,Field Msr/Obs,Surface Water,6/7/2024,,pH,7.8,None
Sault Ste. Marie Water Rangers Task Team,11701,St. Marys River:Bellevue Park Topsail Island,46.4952016,-84.297452,River/Stream,Field Msr/Obs,Surface Water,8/6/2024,Test strip,Total hardness,0,mg/L
Sault Ste. Marie Water Rangers Task Team,11712,Fort Creek:Fort Creek Channel at Carmen's Way,46.5363508,-84.3442512,River/Stream,Field Msr/Obs,Surface Water,7/24/2024,Test strip,"Alkalinity, total",60,mg/L
Sault Ste. Marie Water Rangers Task Team,11713,East Davignon Creek:East Davignon Farwell Terrace (near Tim Hortons),46.5367668,-84.3616748,River/Stream,Field Msr/Obs,Surface Water,7/30/2024,Probe/Sensor,"Temperature, water",13,deg C
Sault Ste. Marie Water Rangers Task Team,11712,Fort Creek:Fort Creek Channel at Carmen's Way,46.5363508,-84.3442512,River/Stream,Field Msr/Obs,Surface Water,8/14/2024,Secchi Disk,Depth of water column,0.5,m
Sault Ste. Marie Water Rangers Task Team,11718,East Davignon Creek:East Davignon Creek Allens Side (N of 2nd Ln W),46.559108,-84.4037962,River/Stream,Field Msr/Obs,Surface Water,7/5/2024,,pH,7.2,None
Sault Ste. Marie Water Rangers Task Team,11716,Big Carp River:Big Carp River Herkimer Rd,46.5062632,-84.4498873,River/Stream,Field Msr/Obs,Surface Water,8/11/2024,Secchi Disk,"Depth, Secchi disk depth",0.5,m
Sault Ste. Marie Water Rangers Task Team,11716,Big Carp River:Big Carp River Herkimer Rd,46.5062632,-84.4498873,River/Stream,Field Msr/Obs,Surface Water,8/4/2024,Probe/Sensor,Salinity,46,ppm
Sault Ste. Marie Water Rangers Task Team,11713,East Davignon Creek:East Davignon Farwell Terrace (near Tim Hortons),46.5367668,-84.3616748,River/Stream,Field Msr/Obs,Surface Water,7/24/2024,Probe/Sensor,Salinity,112,ppm
Sault Ste. Marie Water Rangers Task Team,11705,Coldwater Creek:Lower Coldwater Creek Case Rd,46.5646992,-84.2689991,River/Stream,Field Msr/Obs,Surface Water,7/7/2024,Test strip,Total hardness,0,mg/L
Sault Ste. Marie Water Rangers Task Team,11711,Duck pond:Bellevue Park duck pond,46.5004401,-84.2993188,Lake/Pond,Field Msr/Obs,Surface Water,7/29/2024,Test strip,Chlorine,0,ppm
Sault Ste. Marie Water Rangers Task Team,11714,West Davignon Creek:West Davignon Brookfield Ave,46.5307892,-84.3968654,River/Stream,Field Msr/Obs,Surface Water,7/12/2024,Probe/Sensor,Conductivity,74,uS/cm
Sault Ste. Marie Water Rangers Task Team,11706,Root River:Root River Fourth Line E,46.5672083,-84.3063569,River/Stream,Field Msr/Obs,Surface Water,8/11/2024,Test strip,Chlorine,0,ppm
Sault Ste. Marie Water Rangers Task Team,11718,East Davignon Creek:East Davignon Creek Allens Side (N of 2nd Ln W),46.559108,-84.4037962,River/Stream,Field Msr/Obs,Surface Water,7/5/2024,Secchi Disk,Depth of water column,0.35,m
Sault Ste. Marie Water Rangers Task Team,11718,East Davignon Creek:East Davignon Creek Allens Side (N of 2nd Ln W),46.559108,-84.4037962,River/Stream,Field Msr/Obs,Surface Water,7/12/2024,Secchi Disk,Depth of water column,0.2,m
Sault Ste. Marie Water Rangers Task Team,11706,Root River:Root River Fourth Line E,46.5672083,-84.3063569,River/Stream,Field Msr/Obs,Surface Water,6/6/2024,Test strip,"Alkalinity, total",13,mg/L
Sault Ste. Marie Water Rangers Task Team,11701,St. Marys River:Bellevue Park Topsail Island,46.4952016,-84.297452,River/Stream,Field Msr/Obs,Surface Water,7/24/2024,Probe/Sensor,Conductivity,107,uS/cm
Sault Ste. Marie Water Rangers Task Team,11701,St. Marys River:Bellevue Park Topsail Island,46.4952016,-84.297452,River/Stream,Field Msr/Obs,Surface Water,7/19/2024,Probe/Sensor,Dissolved oxygen (DO),9,mg/L
Sault Ste. Marie Water Rangers Task Team,11701,St. Marys River:Bellevue Park Topsail Island,46.4952016,-84.297452,River/Stream,Field Msr/Obs,Surface Water,7/24/2024,Probe/Sensor,"Temperature, water",19.8,deg C
Sault Ste. Marie Water Rangers Task Team,11701,St. Marys River:Bellevue Park Topsail Island,46.4952016,-84.297452,River/Stream,Field Msr/Obs,Surface Water,5/28/2024,Probe/Sensor,Conductivity,107,uS/cm
Sault Ste. Marie Water Rangers Task Team,11703,Root River:Root River Old Garden River,46.5629144,-84.2812943,River/Stream,Field Msr/Obs,Surface Water,8/6/2024,Probe/Sensor,"Temperature, water",19.9,deg C
Sault Ste. Marie Water Rangers Task Team,11713,East Davignon Creek:East Davignon Farwell Terrace (near Tim Hortons),46.5367668,-84.3616748,River/Stream,Field Msr/Obs,Surface Water,6/23/2024,Probe/Sensor,"Temperature, air",19,deg C
Sault Ste. Marie Water Rangers Task Team,11713,East Davignon Creek:East Davignon Farwell Terrace (near Tim Hortons),46.5367668,-84.3616748,River/Stream,Field Msr/Obs,Surface Water,7/24/2024,Test strip,"Alkalinity, total",60,mg/L
Sault Ste. Marie Water Rangers Task Team,11717,Upper Carp River:Upper Carp River at Creek Rd/Third Line W,46.5480272,-84.4551659,River/Stream,Field Msr/Obs,Surface Water,7/25/2024,Probe/Sensor,Salinity,28,ppm
Sault Ste. Marie Water Rangers Task Team,11704,Root River:Root River Wishart Park,46.5637702,-84.2936325,River/Stream,Field Msr/Obs,Surface Water,7/24/2024,Probe/Sensor,Dissolved oxygen (DO),8,mg/L
Sault Ste. Marie Water Rangers Task Team,11701,St. Marys River:Bellevue Park Topsail Island,46.4952016,-84.297452,River/Stream,Field Msr/Obs,Surface Water,4/7/2024,Probe/Sensor,"Temperature, water",11.3,deg C
Sault Ste. Marie Water Rangers Task Team,11711,Duck pond:Bellevue Park duck pond,46.5004401,-84.2993188,Lake/Pond,Field Msr/Obs,Surface Water,6/7/2024,Test strip,Total hardness,160,mg/L
Sault Ste. Marie Water Rangers Task Team,11718,East Davignon Creek:East Davignon Creek Allens Side (N of 2nd Ln W),46.559108,-84.4037962,River/Stream,Field Msr/Obs,Surface Water,7/12/2024,Probe/Sensor,Conductivity,75,uS/cm
Sault Ste. Marie Water Rangers Task Team,11713,East Davignon Creek:East Davignon Farwell Terrace (near Tim Hortons),46.5367668,-84.3616748,River/Stream,Field Msr/Obs,Surface Water,8/2/2024,Probe/Sensor,Dissolved oxygen (DO),10,mg/L
Sault Ste. Marie Water Rangers Task Team,11701,St. Marys River:Bellevue Park Topsail Island,46.4952016,-84.297452,River/Stream,Field Msr/Obs,Surface Water,7/24/2024,Test strip,Chlorine,0,ppm
Sault Ste. Marie Water Rangers Task Team,11717,Upper Carp River:Upper Carp River at Creek Rd/Third Line W,46.5480272,-84.4551659,River/Stream,Field Msr/Obs,Surface Water,8/11/2024,Probe/Sensor,"Temperature, water",13.7,deg C
Sault Ste. Marie Water Rangers Task Team,11701,St. Marys River:Bellevue Park Topsail Island,46.4952016,-84.297452,River/Stream,Field Msr/Obs,Surface Water,3/27/2024,Test strip,Chlorine,0,ppm
Sault Ste. Marie Water Rangers Task Team,11717,Upper Carp River:Upper Carp River at Creek Rd/Third Line W,46.5480272,-84.4551659,River/Stream,Field Msr/Obs,Surface Water,6/8/2024,,pH,7.5,None
Sault Ste. Marie Water Rangers Task Team,11717,Upper Carp River:Upper Carp River at Creek Rd/Third Line W,46.5480272,-84.4551659,River/Stream,Field Msr/Obs,Surface Water,8/4/2024,Probe/Sensor,"Temperature, air",20,deg C
Sault Ste. Marie Water Rangers Task Team,11715,Little Carp River:Little Carp River Carpin Beach Rd,46.5097352,-84.4441581,River/Stream,Field Msr/Obs,Surface Water,6/8/2024,Probe/Sensor,"Temperature, air",13,deg C
Sault Ste. Marie Water Rangers Task Team,11714,West Davignon Creek:West Davignon Brookfield Ave,46.5307892,-84.3968654,River/Stream,Field Msr/Obs,Surface Water,8/17/2024,Probe/Sensor,"Temperature, air",23,deg C
Sault Ste. Marie Water Rangers Task Team,11716,Big Carp River:Big Carp River Herkimer Rd,46.5062632,-84.4498873,River/Stream,Field Msr/Obs,Surface Water,8/11/2024,Probe/Sensor,"Temperature, air",19,deg C
Sault Ste. Marie Water Rangers Task Team,11707,Root River Branch:Root River Branch Fourth Line E,46.5676351,-84.3005633,River/Stream,Field Msr/Obs,Surface Water,7/28/2024,Test strip,Chlorine,0,ppm
Sault Ste. Marie Water Rangers Task Team,11715,Little Carp River:Little Carp River Carpin Beach Rd,46.5097352,-84.4441581,River/Stream,Field Msr/Obs,Surface Water,7/25/2024,Test strip,"Alkalinity, total",20,mg/L
Sault Ste. Marie Water Rangers Task Team,11714,West Davignon Creek:West Davignon Brookfield Ave,46.5307892,-84.3968654,River/Stream,Field Msr/Obs,Surface Water,8/11/2024,Probe/Sensor,"Temperature, air",18,deg C
Sault Ste. Marie Water Rangers Task Team,11715,Little Carp River:Little Carp River Carpin Beach Rd,46.5097352,-84.4441581,River/Stream,Field Msr/Obs,Surface Water,7/25/2024,Probe/Sensor,"Temperature, water",19.7,deg C
Sault Ste. Marie Water Rangers Task Team,11711,Duck pond:Bellevue Park duck pond,46.5004401,-84.2993188,Lake/Pond,Field Msr/Obs,Surface Water,6/21/2024,Probe/Sensor,"Temperature, water",24,deg C
Sault Ste. Marie Water Rangers Task Team,11704,Root River:Root River Wishart Park,46.5637702,-84.2936325,River/Stream,Field Msr/Obs,Surface Water,7/20/2024,Test strip,"Alkalinity, total",10,mg/L
Sault Ste. Marie Water Rangers Task Team,11713,East Davignon Creek:East Davignon Farwell Terrace (near Tim Hortons),46.5367668,-84.3616748,River/Stream,Field Msr/Obs,Surface Water,7/20/2024,Probe/Sensor,Dissolved oxygen (DO),8,mg/L
Sault Ste. Marie Water Rangers Task Team,11707,Root River Branch:Root River Branch Fourth Line E,46.5676351,-84.3005633,River/Stream,Field Msr/Obs,Surface Water,7/28/2024,Secchi Disk,Depth of water column,0.13,m
Sault Ste. Marie Water Rangers Task Team,11702,Cold Water Creek:Cold Water Creek at Old Garden River Road,46.5636057,-84.2783117,River/Stream,Field Msr/Obs,Surface Water,8/12/2024,Probe/Sensor,"Temperature, water",11.9,deg C
Sault Ste. Marie Water Rangers Task Team,11711,Duck pond:Bellevue Park duck pond,46.5004401,-84.2993188,Lake/Pond,Field Msr/Obs,Surface Water,7/5/2024,Test strip,Total hardness,100,mg/L
Sault Ste. Marie Water Rangers Task Team,11714,West Davignon Creek:West Davignon Brookfield Ave,46.5307892,-84.3968654,River/Stream,Field Msr/Obs,Surface Water,7/19/2024,Secchi Disk,Depth of water column,0.3,m
Sault Ste. Marie Water Rangers Task Team,11711,Duck pond:Bellevue Park duck pond,46.5004401,-84.2993188,Lake/Pond,Field Msr/Obs,Surface Water,7/29/2024,Test strip,Total hardness,20,mg/L
Sault Ste. Marie Water Rangers Task Team,11714,West Davignon Creek:West Davignon Brookfield Ave,46.5307892,-84.3968654,River/Stream,Field Msr/Obs,Surface Water,6/14/2024,,pH,8,None
Sault Ste. Marie Water Rangers Task Team,11718,East Davignon Creek:East Davignon Creek Allens Side (N of 2nd Ln W),46.559108,-84.4037962,River/Stream,Field Msr/Obs,Surface Water,7/12/2024,Probe/Sensor,"Temperature, water",19.8,deg C
Sault Ste. Marie Water Rangers Task Team,11717,Upper Carp River:Upper Carp River at Creek Rd/Third Line W,46.5480272,-84.4551659,River/Stream,Field Msr/Obs,Surface Water,6/15/2024,Probe/Sensor,Dissolved oxygen (DO),9,mg/L
Sault Ste. Marie Water Rangers Task Team,11712,Fort Creek:Fort Creek Channel at Carmen's Way,46.5363508,-84.3442512,River/Stream,Field Msr/Obs,Surface Water,8/14/2024,Test strip,Chlorine,0,ppm
Sault Ste. Marie Water Rangers Task Team,11701,St. Marys River:Bellevue Park Topsail Island,46.4952016,-84.297452,River/Stream,Field Msr/Obs,Surface Water,6/7/2024,Probe/Sensor,"Temperature, water",10.7,deg C
Sault Ste. Marie Water Rangers Task Team,11702,Cold Water Creek:Cold Water Creek at Old Garden River Road,46.5636057,-84.2783117,River/Stream,Field Msr/Obs,Surface Water,8/12/2024,Probe/Sensor,Dissolved oxygen (DO),9,mg/L
Sault Ste. Marie Water Rangers Task Team,11705,Coldwater Creek:Lower Coldwater Creek Case Rd,46.5646992,-84.2689991,River/Stream,Field Msr/Obs,Surface Water,7/7/2024,Test strip,Chlorine,0,ppm
Sault Ste. Marie Water Rangers Task Team,11714,West Davignon Creek:West Davignon Brookfield Ave,46.5307892,-84.3968654,River/Stream,Field Msr/Obs,Surface Water,8/11/2024,Test strip,Total hardness,0,mg/L
Sault Ste. Marie Water Rangers Task Team,11711,Duck pond:Bellevue Park duck pond,46.5004401,-84.2993188,Lake/Pond,Field Msr/Obs,Surface Water,6/7/2024,Probe/Sensor,"Temperature, water",11.2,deg C
Sault Ste. Marie Water Rangers Task Team,11709,Canon Creek:Canon Creek Old Goulais Bay Rd,46.5915743,-84.3430281,River/Stream,Field Msr/Obs,Surface Water,7/24/2024,Probe/Sensor,Conductivity,42,uS/cm
Sault Ste. Marie Water Rangers Task Team,11707,Root River Branch:Root River Branch Fourth Line E,46.5676351,-84.3005633,River/Stream,Field Msr/Obs,Surface Water,7/30/2024,Secchi Disk,Depth of water column,0.13,m
Sault Ste. Marie Water Rangers Task Team,11707,Root River Branch:Root River Branch Fourth Line E,46.5676351,-84.3005633,River/Stream,Field Msr/Obs,Surface Water,7/30/2024,Probe/Sensor,Conductivity,148,uS/cm
Sault Ste. Marie Water Rangers Task Team,11703,Root River:Root River Old Garden River,46.5629144,-84.2812943,River/Stream,Field Msr/Obs,Surface Water,8/6/2024,Probe/Sensor,Conductivity,151,uS/cm
Sault Ste. Marie Water Rangers Task Team,11715,Little Carp River:Little Carp River Carpin Beach Rd,46.5097352,-84.4441581,River/Stream,Field Msr/Obs,Surface Water,8/11/2024,Test strip,Chlorine,0,ppm
Sault Ste. Marie Water Rangers Task Team,11712,Fort Creek:Fort Creek Channel at Carmen's Way,46.5363508,-84.3442512,River/Stream,Field Msr/Obs,Surface Water,7/24/2024,Probe/Sensor,Dissolved oxygen (DO),7,mg/L
Sault Ste. Marie Water Rangers Task Team,11716,Big Carp River:Big Carp River Herkimer Rd,46.5062632,-84.4498873,River/Stream,Field Msr/Obs,Surface Water,7/25/2024,Test strip,Total hardness,0,mg/L
Sault Ste. Marie Water Rangers Task Team,11706,Root River:Root River Fourth Line E,46.5672083,-84.3063569,River/Stream,Field Msr/Obs,Surface Water,7/24/2024,Test strip,"Alkalinity, total",0,mg/L
Sault Ste. Marie Water Rangers Task Team,11718,East Davignon Creek:East Davignon Creek Allens Side (N of 2nd Ln W),46.559108,-84.4037962,River/Stream,Field Msr/Obs,Surface Water,8/17/2024,Test strip,Chlorine,0,ppm
Sault Ste. Marie Water Rangers Task Team,11717,Upper Carp River:Upper Carp River at Creek Rd/Third Line W,46.5480272,-84.4551659,River/Stream,Field Msr/Obs,Surface Water,6/15/2024,Test strip,"Alkalinity, total",20,mg/L
Sault Ste. Marie Water Rangers Task Team,11713,East Davignon Creek:East Davignon Farwell Terrace (near Tim Hortons),46.5367668,-84.3616748,River/Stream,Field Msr/Obs,Surface Water,8/14/2024,Test strip,"Alkalinity, total",60,mg/L
Sault Ste. Marie Water Rangers Task Team,11713,East Davignon Creek:East Davignon Farwell Terrace (near Tim Hortons),46.5367668,-84.3616748,River/Stream,Field Msr/Obs,Surface Water,7/24/2024,Probe/Sensor,Conductivity,204,uS/cm
Sault Ste. Marie Water Rangers Task Team,11713,East Davignon Creek:East Davignon Farwell Terrace (near Tim Hortons),46.5367668,-84.3616748,River/Stream,Field Msr/Obs,Surface Water,7/8/2024,Probe/Sensor,"Temperature, air",24,deg C
Sault Ste. Marie Water Rangers Task Team,11704,Root River:Root River Wishart Park,46.5637702,-84.2936325,River/Stream,Field Msr/Obs,Surface Water,8/11/2024,Probe/Sensor,"Temperature, air",20,deg C
Sault Ste. Marie Water Rangers Task Team,11716,Big Carp River:Big Carp River Herkimer Rd,46.5062632,-84.4498873,River/Stream,Field Msr/Obs,Surface Water,8/11/2024,Test strip,Chlorine,0,ppm
Sault Ste. Marie Water Rangers Task Team,11701,St. Marys River:Bellevue Park Topsail Island,46.4952016,-84.297452,River/Stream,Field Msr/Obs,Surface Water,7/29/2024,,pH,8.4,None
Sault Ste. Marie Water Rangers Task Team,11701,St. Marys River:Bellevue Park Topsail Island,46.4952016,-84.297452,River/Stream,Field Msr/Obs,Surface Water,4/7/2024,Test strip,"Alkalinity, total",0,mg/L
Sault Ste. Marie Water Rangers Task Team,11715,Little Carp River:Little Carp River Carpin Beach Rd,46.5097352,-84.4441581,River/Stream,Field Msr/Obs,Surface Water,8/4/2024,Probe/Sensor,Conductivity,105,uS/cm
Sault Ste. Marie Water Rangers Task Team,11705,Coldwater Creek:Lower Coldwater Creek Case Rd,46.5646992,-84.2689991,River/Stream,Field Msr/Obs,Surface Water,6/21/2024,,pH,7.5,None
Sault Ste. Marie Water Rangers Task Team,11701,St. Marys River:Bellevue Park Topsail Island,46.4952016,-84.297452,River/Stream,Field Msr/Obs,Surface Water,7/5/2024,Test strip,Chlorine,0,ppm
Sault Ste. Marie Water Rangers Task Team,11713,East Davignon Creek:East Davignon Farwell Terrace (near Tim Hortons),46.5367668,-84.3616748,River/Stream,Field Msr/Obs,Surface Water,7/7/2024,Test strip,Chlorine,0,ppm
Sault Ste. Marie Water Rangers Task Team,11716,Big Carp River:Big Carp River Herkimer Rd,46.5062632,-84.4498873,River/Stream,Field Msr/Obs,Surface Water,7/25/2024,Secchi Disk,"Depth, Secchi disk depth",1.3,m
Sault Ste. Marie Water Rangers Task Team,11705,Coldwater Creek:Lower Coldwater Creek Case Rd,46.5646992,-84.2689991,River/Stream,Field Msr/Obs,Surface Water,8/12/2024,Probe/Sensor,Dissolved oxygen (DO),7,mg/L
Sault Ste. Marie Water Rangers Task Team,11701,St. Marys River:Bellevue Park Topsail Island,46.4952016,-84.297452,River/Stream,Field Msr/Obs,Surface Water,5/29/2024,Probe/Sensor,"Temperature, water",12,deg C
Sault Ste. Marie Water Rangers Task Team,11705,Coldwater Creek:Lower Coldwater Creek Case Rd,46.5646992,-84.2689991,River/Stream,Field Msr/Obs,Surface Water,6/21/2024,Test strip,Chlorine,0,ppm
Sault Ste. Marie Water Rangers Task Team,11710,Root River:Root River Hwy 17E,46.5459338,-84.2184019,River/Stream,Field Msr/Obs,Surface Water,8/11/2024,Probe/Sensor,"Temperature, water",16.6,deg C
Sault Ste. Marie Water Rangers Task Team,11701,St. Marys River:Bellevue Park Topsail Island,46.4952016,-84.297452,River/Stream,Field Msr/Obs,Surface Water,5/29/2024,Probe/Sensor,"Temperature, water",11.1,deg C
Sault Ste. Marie Water Rangers Task Team,11712,Fort Creek:Fort Creek Channel at Carmen's Way,46.5363508,-84.3442512,River/Stream,Field Msr/Obs,Surface Water,8/14/2024,Probe/Sensor,Conductivity,664,uS/cm
Sault Ste. Marie Water Rangers Task Team,11713,East Davignon Creek:East Davignon Farwell Terrace (near Tim Hortons),46.5367668,-84.3616748,River/Stream,Field Msr/Obs,Surface Water,7/30/2024,Secchi Disk,Depth of water column,0.2,m
Sault Ste. Marie Water Rangers Task Team,11705,Coldwater Creek:Lower Coldwater Creek Case Rd,46.5646992,-84.2689991,River/Stream,Field Msr/Obs,Surface Water,7/28/2024,Test strip,"Alkalinity, total",20,mg/L
Sault Ste. Marie Water Rangers Task Team,11706,Root River:Root River Fourth Line E,46.5672083,-84.3063569,River/Stream,Field Msr/Obs,Surface Water,6/28/2024,Probe/Sensor,"Temperature, air",19,deg C
Sault Ste. Marie Water Rangers Task Team,11711,Duck pond:Bellevue Park duck pond,46.5004401,-84.2993188,Lake/Pond,Field Msr/Obs,Surface Water,7/15/2024,Probe/Sensor,Dissolved oxygen (DO),11,mg/L
Sault Ste. Marie Water Rangers Task Team,11714,West Davignon Creek:West Davignon Brookfield Ave,46.5307892,-84.3968654,River/Stream,Field Msr/Obs,Surface Water,7/19/2024,Probe/Sensor,Conductivity,71,uS/cm
Sault Ste. Marie Water Rangers Task Team,11705,Coldwater Creek:Lower Coldwater Creek Case Rd,46.5646992,-84.2689991,River/Stream,Field Msr/Obs,Surface Water,7/28/2024,Test strip,Total hardness,0,mg/L
Sault Ste. Marie Water Rangers Task Team,11701,St. Marys River:Bellevue Park Topsail Island,46.4952016,-84.297452,River/Stream,Field Msr/Obs,Surface Water,4/14/2024,Test strip,"Alkalinity, total",0,mg/L
Sault Ste. Marie Water Rangers Task Team,11715,Little Carp River:Little Carp River Carpin Beach Rd,46.5097352,-84.4441581,River/Stream,Field Msr/Obs,Surface Water,8/17/2024,Test strip,Total hardness,0,mg/L
Sault Ste. Marie Water Rangers Task Team,11717,Upper Carp River:Upper Carp River at Creek Rd/Third Line W,46.5480272,-84.4551659,River/Stream,Field Msr/Obs,Surface Water,6/15/2024,Secchi Disk,Depth of water column,0.14,m
Sault Ste. Marie Water Rangers Task Team,11713,East Davignon Creek:East Davignon Farwell Terrace (near Tim Hortons),46.5367668,-84.3616748,River/Stream,Field Msr/Obs,Surface Water,6/23/2024,Test strip,"Alkalinity, total",60,mg/L
Sault Ste. Marie Water Rangers Task Team,11701,St. Marys River:Bellevue Park Topsail Island,46.4952016,-84.297452,River/Stream,Field Msr/Obs,Surface Water,4/26/2024,Probe/Sensor,Conductivity,112,uS/cm
Sault Ste. Marie Water Rangers Task Team,11715,Little Carp River:Little Carp River Carpin Beach Rd,46.5097352,-84.4441581,River/Stream,Field Msr/Obs,Surface Water,6/8/2024,Probe/Sensor,Dissolved oxygen (DO),9,mg/L
Sault Ste. Marie Water Rangers Task Team,11702,Cold Water Creek:Cold Water Creek at Old Garden River Road,46.5636057,-84.2783117,River/Stream,Field Msr/Obs,Surface Water,8/12/2024,Test strip,Chlorine,0,ppm
Sault Ste. Marie Water Rangers Task Team,11701,St. Marys River:Bellevue Park Topsail Island,46.4952016,-84.297452,River/Stream,Field Msr/Obs,Surface Water,8/3/2024,Probe/Sensor,"Temperature, air",27,deg C
Sault Ste. Marie Water Rangers Task Team,11706,Root River:Root River Fourth Line E,46.5672083,-84.3063569,River/Stream,Field Msr/Obs,Surface Water,6/22/2024,Test strip,Chlorine,0,ppm
Sault Ste. Marie Water Rangers Task Team,11707,Root River Branch:Root River Branch Fourth Line E,46.5676351,-84.3005633,River/Stream,Field Msr/Obs,Surface Water,7/28/2024,Probe/Sensor,"Temperature, water",17.4,deg C
Sault Ste. Marie Water Rangers Task Team,11706,Root River:Root River Fourth Line E,46.5672083,-84.3063569,River/Stream,Field Msr/Obs,Surface Water,7/20/2024,Probe/Sensor,"Temperature, air",25,deg C
Sault Ste. Marie Water Rangers Task Team,11707,Root River Branch:Root River Branch Fourth Line E,46.5676351,-84.3005633,River/Stream,Field Msr/Obs,Surface Water,7/30/2024,Probe/Sensor,"Temperature, water",16.9,deg C
Sault Ste. Marie Water Rangers Task Team,11709,Canon Creek:Canon Creek Old Goulais Bay Rd,46.5915743,-84.3430281,River/Stream,Field Msr/Obs,Surface Water,7/20/2024,Probe/Sensor,"Temperature, air",24,deg C
Sault Ste. Marie Water Rangers Task Team,11705,Coldwater Creek:Lower Coldwater Creek Case Rd,46.5646992,-84.2689991,River/Stream,Field Msr/Obs,Surface Water,7/28/2024,Probe/Sensor,Dissolved oxygen (DO),9,mg/L
Sault Ste. Marie Water Rangers Task Team,11707,Root River Branch:Root River Branch Fourth Line E,46.5676351,-84.3005633,River/Stream,Field Msr/Obs,Surface Water,7/30/2024,Test strip,"Alkalinity, total",50,mg/L
Sault Ste. Marie Water Rangers Task Team,11707,Root River Branch:Root River Branch Fourth Line E,46.5676351,-84.3005633,River/Stream,Field Msr/Obs,Surface Water,8/11/2024,Test strip,Chlorine,0,ppm
Sault Ste. Marie Water Rangers Task Team,11714,West Davignon Creek:West Davignon Brookfield Ave,46.5307892,-84.3968654,River/Stream,Field Msr/Obs,Surface Water,6/14/2024,Test strip,Chlorine,0,ppm
Sault Ste. Marie Water Rangers Task Team,11717,Upper Carp River:Upper Carp River at Creek Rd/Third Line W,46.5480272,-84.4551659,River/Stream,Field Msr/Obs,Surface Water,6/15/2024,Probe/Sensor,"Temperature, water",10,deg C
Sault Ste. Marie Water Rangers Task Team,11704,Root River:Root River Wishart Park,46.5637702,-84.2936325,River/Stream,Field Msr/Obs,Surface Water,8/11/2024,Secchi Disk,Depth of water column,0.2,m
Sault Ste. Marie Water Rangers Task Team,11701,St. Marys River:Bellevue Park Topsail Island,46.4952016,-84.297452,River/Stream,Field Msr/Obs,Surface Water,5/29/2024,,pH,6.4,None
Sault Ste. Marie Water Rangers Task Team,11704,Root River:Root River Wishart Park,46.5637702,-84.2936325,River/Stream,Field Msr/Obs,Surface Water,8/14/2024,Probe/Sensor,Conductivity,125,uS/cm
Sault Ste. Marie Water Rangers Task Team,11715,Little Carp River:Little Carp River Carpin Beach Rd,46.5097352,-84.4441581,River/Stream,Field Msr/Obs,Surface Water,7/25/2024,Probe/Sensor,Dissolved oxygen (DO),8,mg/L
Sault Ste. Marie Water Rangers Task Team,11718,East Davignon Creek:East Davignon Creek Allens Side (N of 2nd Ln W),46.559108,-84.4037962,River/Stream,Field Msr/Obs,Surface Water,7/12/2024,Probe/Sensor,Dissolved oxygen (DO),7,mg/L
Sault Ste. Marie Water Rangers Task Team,11705,Coldwater Creek:Lower Coldwater Creek Case Rd,46.5646992,-84.2689991,River/Stream,Field Msr/Obs,Surface Water,7/24/2024,Probe/Sensor,Conductivity,47,uS/cm
Sault Ste. Marie Water Rangers Task Team,11701,St. Marys River:Bellevue Park Topsail Island,46.4952016,-84.297452,River/Stream,Field Msr/Obs,Surface Water,5/29/2024,Probe/Sensor,Dissolved oxygen (DO),11,mg/L
Sault Ste. Marie Water Rangers Task Team,11714,West Davignon Creek:West Davignon Brookfield Ave,46.5307892,-84.3968654,River/Stream,Field Msr/Obs,Surface Water,7/27/2024,Probe/Sensor,Conductivity,64,uS/cm
Sault Ste. Marie Water Rangers Task Team,11705,Coldwater Creek:Lower Coldwater Creek Case Rd,46.5646992,-84.2689991,River/Stream,Field Msr/Obs,Surface Water,7/7/2024,Probe/Sensor,"Temperature, water",23.6,deg C
Sault Ste. Marie Water Rangers Task Team,11709,Canon Creek:Canon Creek Old Goulais Bay Rd,46.5915743,-84.3430281,River/Stream,Field Msr/Obs,Surface Water,7/20/2024,Probe/Sensor,Conductivity,48,uS/cm
Sault Ste. Marie Water Rangers Task Team,11701,St. Marys River:Bellevue Park Topsail Island,46.4952016,-84.297452,River/Stream,Field Msr/Obs,Surface Water,4/26/2024,Test strip,"Alkalinity, total",0,mg/L
Sault Ste. Marie Water Rangers Task Team,11715,Little Carp River:Little Carp River Carpin Beach Rd,46.5097352,-84.4441581,River/Stream,Field Msr/Obs,Surface Water,6/8/2024,Test strip,"Alkalinity, total",40,mg/L
Sault Ste. Marie Water Rangers Task Team,11718,East Davignon Creek:East Davignon Creek Allens Side (N of 2nd Ln W),46.559108,-84.4037962,River/Stream,Field Msr/Obs,Surface Water,6/15/2024,,pH,7.5,None
Sault Ste. Marie Water Rangers Task Team,11705,Coldwater Creek:Lower Coldwater Creek Case Rd,46.5646992,-84.2689991,River/Stream,Field Msr/Obs,Surface Water,6/14/2024,Test strip,Total hardness,0,mg/L
Sault Ste. Marie Water Rangers Task Team,11701,St. Marys River:Bellevue Park Topsail Island,46.4952016,-84.297452,River/Stream,Field Msr/Obs,Surface Water,7/15/2024,Test strip,Total hardness,0,mg/L
Sault Ste. Marie Water Rangers Task Team,11711,Duck pond:Bellevue Park duck pond,46.5004401,-84.2993188,Lake/Pond,Field Msr/Obs,Surface Water,8/3/2024,Probe/Sensor,"Temperature, air",27,deg C
Sault Ste. Marie Water Rangers Task Team,11716,Big Carp River:Big Carp River Herkimer Rd,46.5062632,-84.4498873,River/Stream,Field Msr/Obs,Surface Water,8/17/2024,Test strip,"Alkalinity, total",20,mg/L
Sault Ste. Marie Water Rangers Task Team,11713,East Davignon Creek:East Davignon Farwell Terrace (near Tim Hortons),46.5367668,-84.3616748,River/Stream,Field Msr/Obs,Surface Water,7/24/2024,,pH,7.8,None
Sault Ste. Marie Water Rangers Task Team,11705,Coldwater Creek:Lower Coldwater Creek Case Rd,46.5646992,-84.2689991,River/Stream,Field Msr/Obs,Surface Water,5/27/2024,Test strip,"Alkalinity, total",20,mg/L
Sault Ste. Marie Water Rangers Task Team,11717,Upper Carp River:Upper Carp River at Creek Rd/Third Line W,46.5480272,-84.4551659,River/Stream,Field Msr/Obs,Surface Water,7/25/2024,Probe/Sensor,"Temperature, air",22,deg C
Sault Ste. Marie Water Rangers Task Team,11715,Little Carp River:Little Carp River Carpin Beach Rd,46.5097352,-84.4441581,River/Stream,Field Msr/Obs,Surface Water,8/11/2024,Test strip,"Alkalinity, total",20,mg/L
Sault Ste. Marie Water Rangers Task Team,11704,Root River:Root River Wishart Park,46.5637702,-84.2936325,River/Stream,Field Msr/Obs,Surface Water,8/14/2024,Probe/Sensor,"Temperature, water",23.6,deg C
Sault Ste. Marie Water Rangers Task Team,11707,Root River Branch:Root River Branch Fourth Line E,46.5676351,-84.3005633,River/Stream,Field Msr/Obs,Surface Water,7/28/2024,Probe/Sensor,Dissolved oxygen (DO),7,mg/L
Sault Ste. Marie Water Rangers Task Team,11701,St. Marys River:Bellevue Park Topsail Island,46.4952016,-84.297452,River/Stream,Field Msr/Obs,Surface Water,5/29/2024,Test strip,Total hardness,0,mg/L
Sault Ste. Marie Water Rangers Task Team,11712,Fort Creek:Fort Creek Channel at Carmen's Way,46.5363508,-84.3442512,River/Stream,Field Msr/Obs,Surface Water,7/8/2024,Test strip,Total hardness,200,mg/L
Sault Ste. Marie Water Rangers Task Team,11713,East Davignon Creek:East Davignon Farwell Terrace (near Tim Hortons),46.5367668,-84.3616748,River/Stream,Field Msr/Obs,Surface Water,7/8/2024,Probe/Sensor,Dissolved oxygen (DO),9,mg/L
Sault Ste. Marie Water Rangers Task Team,11718,East Davignon Creek:East Davignon Creek Allens Side (N of 2nd Ln W),46.559108,-84.4037962,River/Stream,Field Msr/Obs,Surface Water,7/19/2024,Probe/Sensor,Dissolved oxygen (DO),7,mg/L
Sault Ste. Marie Water Rangers Task Team,11717,Upper Carp River:Upper Carp River at Creek Rd/Third Line W,46.5480272,-84.4551659,River/Stream,Field Msr/Obs,Surface Water,7/25/2024,Test strip,"Alkalinity, total",20,mg/L
Sault Ste. Marie Water Rangers Task Team,11711,Duck pond:Bellevue Park duck pond,46.5004401,-84.2993188,Lake/Pond,Field Msr/Obs,Surface Water,6/21/2024,,pH,8.4,None
Sault Ste. Marie Water Rangers Task Team,11703,Root River:Root River Old Garden River,46.5629144,-84.2812943,River/Stream,Field Msr/Obs,Surface Water,7/30/2024,Probe/Sensor,"Temperature, water",21.1,deg C
Sault Ste. Marie Water Rangers Task Team,11701,St. Marys River:Bellevue Park Topsail Island,46.4952016,-84.297452,River/Stream,Field Msr/Obs,Surface Water,3/27/2024,Probe/Sensor,Dissolved oxygen (DO),8,mg/L
Sault Ste. Marie Water Rangers Task Team,11709,Canon Creek:Canon Creek Old Goulais Bay Rd,46.5915743,-84.3430281,River/Stream,Field Msr/Obs,Surface Water,7/24/2024,Test strip,Total hardness,0,mg/L
Sault Ste. Marie Water Rangers Task Team,11710,Root River:Root River Hwy 17E,46.5459338,-84.2184019,River/Stream,Field Msr/Obs,Surface Water,8/11/2024,Test strip,Chlorine,0,ppm
Sault Ste. Marie Water Rangers Task Team,11701,St. Marys River:Bellevue Park Topsail Island,46.4952016,-84.297452,River/Stream,Field Msr/Obs,Surface Water,3/27/2024,Probe/Sensor,"Temperature, water",1.9,deg C
Sault Ste. Marie Water Rangers Task Team,11717,Upper Carp River:Upper Carp River at Creek Rd/Third Line W,46.5480272,-84.4551659,River/Stream,Field Msr/Obs,Surface Water,6/15/2024,Test strip,Chlorine,0,ppm
Sault Ste. Marie Water Rangers Task Team,11705,Coldwater Creek:Lower Coldwater Creek Case Rd,46.5646992,-84.2689991,River/Stream,Field Msr/Obs,Surface Water,7/24/2024,Test strip,"Alkalinity, total",0,mg/L
Sault Ste. Marie Water Rangers Task Team,11701,St. Marys River:Bellevue Park Topsail Island,46.4952016,-84.297452,River/Stream,Field Msr/Obs,Surface Water,4/20/2024,Probe/Sensor,Conductivity,133,uS/cm
Sault Ste. Marie Water Rangers Task Team,11716,Big Carp River:Big Carp River Herkimer Rd,46.5062632,-84.4498873,River/Stream,Field Msr/Obs,Surface Water,8/17/2024,Test strip,Total hardness,0,mg/L
Sault Ste. Marie Water Rangers Task Team,11701,St. Marys River:Bellevue Park Topsail Island,46.4952016,-84.297452,River/Stream,Field Msr/Obs,Surface Water,5/29/2024,Probe/Sensor,"Temperature, water",11.1,deg C
Sault Ste. Marie Water Rangers Task Team,11703,Root River:Root River Old Garden River,46.5629144,-84.2812943,River/Stream,Field Msr/Obs,Surface Water,8/12/2024,Test strip,"Alkalinity, total",10,mg/L
Sault Ste. Marie Water Rangers Task Team,11713,East Davignon Creek:East Davignon Farwell Terrace (near Tim Hortons),46.5367668,-84.3616748,River/Stream,Field Msr/Obs,Surface Water,7/7/2024,Probe/Sensor,"Temperature, air",28,deg C
Sault Ste. Marie Water Rangers Task Team,11717,Upper Carp River:Upper Carp River at Creek Rd/Third Line W,46.5480272,-84.4551659,River/Stream,Field Msr/Obs,Surface Water,8/17/2024,Test strip,Chlorine,0,ppm
Sault Ste. Marie Water Rangers Task Team,11713,East Davignon Creek:East Davignon Farwell Terrace (near Tim Hortons),46.5367668,-84.3616748,River/Stream,Field Msr/Obs,Surface Water,7/20/2024,Test strip,Total hardness,100,mg/L
Sault Ste. Marie Water Rangers Task Team,11715,Little Carp River:Little Carp River Carpin Beach Rd,46.5097352,-84.4441581,River/Stream,Field Msr/Obs,Surface Water,8/17/2024,Test strip,"Alkalinity, total",20,mg/L
Sault Ste. Marie Water Rangers Task Team,11701,St. Marys River:Bellevue Park Topsail Island,46.4952016,-84.297452,River/Stream,Field Msr/Obs,Surface Water,4/26/2024,Test strip,Chlorine,0,ppm
Sault Ste. Marie Water Rangers Task Team,11718,East Davignon Creek:East Davignon Creek Allens Side (N of 2nd Ln W),46.559108,-84.4037962,River/Stream,Field Msr/Obs,Surface Water,6/15/2024,Secchi Disk,Depth of water column,0.15,m
Sault Ste. Marie Water Rangers Task Team,11713,East Davignon Creek:East Davignon Farwell Terrace (near Tim Hortons),46.5367668,-84.3616748,River/Stream,Field Msr/Obs,Surface Water,7/30/2024,Probe/Sensor,"Temperature, air",18,deg C
Sault Ste. Marie Water Rangers Task Team,11717,Upper Carp River:Upper Carp River at Creek Rd/Third Line W,46.5480272,-84.4551659,River/Stream,Field Msr/Obs,Surface Water,8/4/2024,Probe/Sensor,Conductivity,52,uS/cm
Sault Ste. Marie Water Rangers Task Team,11706,Root River:Root River Fourth Line E,46.5672083,-84.3063569,River/Stream,Field Msr/Obs,Surface Water,7/20/2024,Probe/Sensor,Conductivity,93,uS/cm
Sault Ste. Marie Water Rangers Task Team,11707,Root River Branch:Root River Branch Fourth Line E,46.5676351,-84.3005633,River/Stream,Field Msr/Obs,Surface Water,8/11/2024,Probe/Sensor,Conductivity,137,uS/cm
Sault Ste. Marie Water Rangers Task Team,11709,Canon Creek:Canon Creek Old Goulais Bay Rd,46.5915743,-84.3430281,River/Stream,Field Msr/Obs,Surface Water,7/24/2024,Probe/Sensor,Salinity,23,ppm
Sault Ste. Marie Water Rangers Task Team,11701,St. Marys River:Bellevue Park Topsail Island,46.4952016,-84.297452,River/Stream,Field Msr/Obs,Surface Water,5/29/2024,Test strip,Total hardness,0,mg/L
Sault Ste. Marie Water Rangers Task Team,11709,Canon Creek:Canon Creek Old Goulais Bay Rd,46.5915743,-84.3430281,River/Stream,Field Msr/Obs,Surface Water,8/7/2024,Probe/Sensor,"Temperature, water",19.4,deg C
Sault Ste. Marie Water Rangers Task Team,11711,Duck pond:Bellevue Park duck pond,46.5004401,-84.2993188,Lake/Pond,Field Msr/Obs,Surface Water,6/7/2024,Probe/Sensor,"Temperature, air",8,deg C
Sault Ste. Marie Water Rangers Task Team,11705,Coldwater Creek:Lower Coldwater Creek Case Rd,46.5646992,-84.2689991,River/Stream,Field Msr/Obs,Surface Water,5/27/2024,Test strip,Chlorine,0,ppm
Sault Ste. Marie Water Rangers Task Team,11706,Root River:Root River Fourth Line E,46.5672083,-84.3063569,River/Stream,Field Msr/Obs,Surface Water,8/11/2024,Probe/Sensor,"Temperature, water",17.9,deg C
Sault Ste. Marie Water Rangers Task Team,11701,St. Marys River:Bellevue Park Topsail Island,46.4952016,-84.297452,River/Stream,Field Msr/Obs,Surface Water,7/24/2024,Test strip,"Alkalinity, total",40,mg/L
Sault Ste. Marie Water Rangers Task Team,11708,Root River:Root River off Hwy 17 N (near Teen Challenge),46.5717047,-84.3206692,River/Stream,Field Msr/Obs,Surface Water,8/8/2024,Probe/Sensor,"Temperature, water",21.2,deg C
Sault Ste. Marie Water Rangers Task Team,11712,Fort Creek:Fort Creek Channel at Carmen's Way,46.5363508,-84.3442512,River/Stream,Field Msr/Obs,Surface Water,8/9/2024,,pH,8,None
Sault Ste. Marie Water Rangers Task Team,11701,St. Marys River:Bellevue Park Topsail Island,46.4952016,-84.297452,River/Stream,Field Msr/Obs,Surface Water,7/5/2024,Probe/Sensor,Conductivity,116,uS/cm
Sault Ste. Marie Water Rangers Task Team,11701,St. Marys River:Bellevue Park Topsail Island,46.4952016,-84.297452,River/Stream,Field Msr/Obs,Surface Water,8/6/2024,Test strip,"Alkalinity, total",0,mg/L
Sault Ste. Marie Water Rangers Task Team,11703,Root River:Root River Old Garden River,46.5629144,-84.2812943,River/Stream,Field Msr/Obs,Surface Water,7/30/2024,,pH,7.2,None
Sault Ste. Marie Water Rangers Task Team,11718,East Davignon Creek:East Davignon Creek Allens Side (N of 2nd Ln W),46.559108,-84.4037962,River/Stream,Field Msr/Obs,Surface Water,7/19/2024,Test strip,"Alkalinity, total",0,mg/L
Sault Ste. Marie Water Rangers Task Team,11711,Duck pond:Bellevue Park duck pond,46.5004401,-84.2993188,Lake/Pond,Field Msr/Obs,Surface Water,7/15/2024,,pH,8.4,None
Sault Ste. Marie Water Rangers Task Team,11705,Coldwater Creek:Lower Coldwater Creek Case Rd,46.5646992,-84.2689991,River/Stream,Field Msr/Obs,Surface Water,5/27/2024,Probe/Sensor,"Temperature, air",25,deg C
Sault Ste. Marie Water Rangers Task Team,11701,St. Marys River:Bellevue Park Topsail Island,46.4952016,-84.297452,River/Stream,Field Msr/Obs,Surface Water,7/19/2024,Test strip,"Alkalinity, total",20,mg/L
Sault Ste. Marie Water Rangers Task Team,11705,Coldwater Creek:Lower Coldwater Creek Case Rd,46.5646992,-84.2689991,River/Stream,Field Msr/Obs,Surface Water,8/12/2024,Test strip,Chlorine,0,ppm
Sault Ste. Marie Water Rangers Task Team,11718,East Davignon Creek:East Davignon Creek Allens Side (N of 2nd Ln W),46.559108,-84.4037962,River/Stream,Field Msr/Obs,Surface Water,8/7/2024,Probe/Sensor,"Temperature, water",17.3,deg C
Sault Ste. Marie Water Rangers Task Team,11717,Upper Carp River:Upper Carp River at Creek Rd/Third Line W,46.5480272,-84.4551659,River/Stream,Field Msr/Obs,Surface Water,8/4/2024,Test strip,Total hardness,0,mg/L
Sault Ste. Marie Water Rangers Task Team,11716,Big Carp River:Big Carp River Herkimer Rd,46.5062632,-84.4498873,River/Stream,Field Msr/Obs,Surface Water,8/11/2024,Probe/Sensor,Dissolved oxygen (DO),8,mg/L
Sault Ste. Marie Water Rangers Task Team,11714,West Davignon Creek:West Davignon Brookfield Ave,46.5307892,-84.3968654,River/Stream,Field Msr/Obs,Surface Water,7/5/2024,Secchi Disk,Depth of water column,0.4,m
Sault Ste. Marie Water Rangers Task Team,11718,East Davignon Creek:East Davignon Creek Allens Side (N of 2nd Ln W),46.559108,-84.4037962,River/Stream,Field Msr/Obs,Surface Water,7/20/2024,Test strip,Total hardness,0,mg/L
Sault Ste. Marie Water Rangers Task Team,11718,East Davignon Creek:East Davignon Creek Allens Side (N of 2nd Ln W),46.559108,-84.4037962,River/Stream,Field Msr/Obs,Surface Water,6/15/2024,Probe/Sensor,"Temperature, water",11,deg C
Sault Ste. Marie Water Rangers Task Team,11712,Fort Creek:Fort Creek Channel at Carmen's Way,46.5363508,-84.3442512,River/Stream,Field Msr/Obs,Surface Water,7/24/2024,Probe/Sensor,"Temperature, air",20,deg C
Sault Ste. Marie Water Rangers Task Team,11711,Duck pond:Bellevue Park duck pond,46.5004401,-84.2993188,Lake/Pond,Field Msr/Obs,Surface Water,7/5/2024,Probe/Sensor,"Temperature, air",16,deg C
Sault Ste. Marie Water Rangers Task Team,11714,West Davignon Creek:West Davignon Brookfield Ave,46.5307892,-84.3968654,River/Stream,Field Msr/Obs,Surface Water,7/27/2024,Test strip,"Alkalinity, total",0,mg/L
Sault Ste. Marie Water Rangers Task Team,11712,Fort Creek:Fort Creek Channel at Carmen's Way,46.5363508,-84.3442512,River/Stream,Field Msr/Obs,Surface Water,7/8/2024,Test strip,"Alkalinity, total",120,mg/L
Sault Ste. Marie Water Rangers Task Team,11701,St. Marys River:Bellevue Park Topsail Island,46.4952016,-84.297452,River/Stream,Field Msr/Obs,Surface Water,8/3/2024,Test strip,Chlorine,0,ppm
Sault Ste. Marie Water Rangers Task Team,11713,East Davignon Creek:East Davignon Farwell Terrace (near Tim Hortons),46.5367668,-84.3616748,River/Stream,Field Msr/Obs,Surface Water,8/14/2024,Probe/Sensor,"Temperature, air",28,deg C
Sault Ste. Marie Water Rangers Task Team,11712,Fort Creek:Fort Creek Channel at Carmen's Way,46.5363508,-84.3442512,River/Stream,Field Msr/Obs,Surface Water,8/9/2024,Probe/Sensor,Dissolved oxygen (DO),8,mg/L
Sault Ste. Marie Water Rangers Task Team,11712,Fort Creek:Fort Creek Channel at Carmen's Way,46.5363508,-84.3442512,River/Stream,Field Msr/Obs,Surface Water,7/8/2024,Probe/Sensor,Conductivity,677,uS/cm
Sault Ste. Marie Water Rangers Task Team,11715,Little Carp River:Little Carp River Carpin Beach Rd,46.5097352,-84.4441581,River/Stream,Field Msr/Obs,Surface Water,8/17/2024,Probe/Sensor,"Temperature, water",18.3,deg C
Sault Ste. Marie Water Rangers Task Team,11713,East Davignon Creek:East Davignon Farwell Terrace (near Tim Hortons),46.5367668,-84.3616748,River/Stream,Field Msr/Obs,Surface Water,8/14/2024,Probe/Sensor,Dissolved oxygen (DO),7,mg/L
Sault Ste. Marie Water Rangers Task Team,11708,Root River:Root River off Hwy 17 N (near Teen Challenge),46.5717047,-84.3206692,River/Stream,Field Msr/Obs,Surface Water,8/8/2024,,pH,7.5,None
Sault Ste. Marie Water Rangers Task Team,11714,West Davignon Creek:West Davignon Brookfield Ave,46.5307892,-84.3968654,River/Stream,Field Msr/Obs,Surface Water,6/14/2024,Probe/Sensor,"Temperature, water",19.2,deg C
Sault Ste. Marie Water Rangers Task Team,11710,Root River:Root River Hwy 17E,46.5459338,-84.2184019,River/Stream,Field Msr/Obs,Surface Water,8/11/2024,Probe/Sensor,Dissolved oxygen (DO),8,mg/L
Sault Ste. Marie Water Rangers Task Team,11701,St. Marys River:Bellevue Park Topsail Island,46.4952016,-84.297452,River/Stream,Field Msr/Obs,Surface Water,8/3/2024,Probe/Sensor,"Temperature, water",24.7,deg C
Sault Ste. Marie Water Rangers Task Team,11714,West Davignon Creek:West Davignon Brookfield Ave,46.5307892,-84.3968654,River/Stream,Field Msr/Obs,Surface Water,7/19/2024,Test strip,"Alkalinity, total",20,mg/L
Sault Ste. Marie Water Rangers Task Team,11716,Big Carp River:Big Carp River Herkimer Rd,46.5062632,-84.4498873,River/Stream,Field Msr/Obs,Surface Water,8/17/2024,Test strip,Chlorine,0,ppm
Sault Ste. Marie Water Rangers Task Team,11705,Coldwater Creek:Lower Coldwater Creek Case Rd,46.5646992,-84.2689991,River/Stream,Field Msr/Obs,Surface Water,8/12/2024,Probe/Sensor,"Temperature, water",19.5,deg C
Sault Ste. Marie Water Rangers Task Team,11703,Root River:Root River Old Garden River,46.5629144,-84.2812943,River/Stream,Field Msr/Obs,Surface Water,8/12/2024,Probe/Sensor,"Temperature, water",21.2,deg C
Sault Ste. Marie Water Rangers Task Team,11718,East Davignon Creek:East Davignon Creek Allens Side (N of 2nd Ln W),46.559108,-84.4037962,River/Stream,Field Msr/Obs,Surface Water,7/19/2024,Test strip,Chlorine,0,ppm
Sault Ste. Marie Water Rangers Task Team,11707,Root River Branch:Root River Branch Fourth Line E,46.5676351,-84.3005633,River/Stream,Field Msr/Obs,Surface Water,7/28/2024,Probe/Sensor,"Temperature, air",21,deg C
Sault Ste. Marie Water Rangers Task Team,11705,Coldwater Creek:Lower Coldwater Creek Case Rd,46.5646992,-84.2689991,River/Stream,Field Msr/Obs,Surface Water,6/10/2024,Test strip,Total hardness,0,mg/L
Sault Ste. Marie Water Rangers Task Team,11718,East Davignon Creek:East Davignon Creek Allens Side (N of 2nd Ln W),46.559108,-84.4037962,River/Stream,Field Msr/Obs,Surface Water,7/30/2024,Test strip,Total hardness,0,mg/L
Sault Ste. Marie Water Rangers Task Team,11703,Root River:Root River Old Garden River,46.5629144,-84.2812943,River/Stream,Field Msr/Obs,Surface Water,8/6/2024,Probe/Sensor,"Temperature, air",23,deg C
Sault Ste. Marie Water Rangers Task Team,11701,St. Marys River:Bellevue Park Topsail Island,46.4952016,-84.297452,River/Stream,Field Msr/Obs,Surface Water,5/28/2024,Test strip,Chlorine,0,ppm
Sault Ste. Marie Water Rangers Task Team,11714,West Davignon Creek:West Davignon Brookfield Ave,46.5307892,-84.3968654,River/Stream,Field Msr/Obs,Surface Water,6/29/2024,Test strip,"Alkalinity, total",0,mg/L
Sault Ste. Marie Water Rangers Task Team,11703,Root River:Root River Old Garden River,46.5629144,-84.2812943,River/Stream,Field Msr/Obs,Surface Water,7/30/2024,Probe/Sensor,Dissolved oxygen (DO),7,mg/L
Sault Ste. Marie Water Rangers Task Team,11701,St. Marys River:Bellevue Park Topsail Island,46.4952016,-84.297452,River/Stream,Field Msr/Obs,Surface Water,5/29/2024,Test strip,Total hardness,0,mg/L
Sault Ste. Marie Water Rangers Task Team,11701,St. Marys River:Bellevue Park Topsail Island,46.4952016,-84.297452,River/Stream,Field Msr/Obs,Surface Water,4/7/2024,Test strip,Chlorine,0,ppm
Sault Ste. Marie Water Rangers Task Team,11707,Root River Branch:Root River Branch Fourth Line E,46.5676351,-84.3005633,River/Stream,Field Msr/Obs,Surface Water,8/11/2024,Secchi Disk,Depth of water column,0.09,m
Sault Ste. Marie Water Rangers Task Team,11704,Root River:Root River Wishart Park,46.5637702,-84.2936325,River/Stream,Field Msr/Obs,Surface Water,7/20/2024,,pH,7.2,None
Sault Ste. Marie Water Rangers Task Team,11713,East Davignon Creek:East Davignon Farwell Terrace (near Tim Hortons),46.5367668,-84.3616748,River/Stream,Field Msr/Obs,Surface Water,8/14/2024,Secchi Disk,Depth of water column,0.3,m
Sault Ste. Marie Water Rangers Task Team,11718,East Davignon Creek:East Davignon Creek Allens Side (N of 2nd Ln W),46.559108,-84.4037962,River/Stream,Field Msr/Obs,Surface Water,6/15/2024,Probe/Sensor,Conductivity,80,uS/cm
Sault Ste. Marie Water Rangers Task Team,11707,Root River Branch:Root River Branch Fourth Line E,46.5676351,-84.3005633,River/Stream,Field Msr/Obs,Surface Water,8/11/2024,Test strip,Total hardness,0,mg/L
Sault Ste. Marie Water Rangers Task Team,11712,Fort Creek:Fort Creek Channel at Carmen's Way,46.5363508,-84.3442512,River/Stream,Field Msr/Obs,Surface Water,7/8/2024,Probe/Sensor,"Temperature, air",24,deg C
Sault Ste. Marie Water Rangers Task Team,11704,Root River:Root River Wishart Park,46.5637702,-84.2936325,River/Stream,Field Msr/Obs,Surface Water,7/24/2024,Test strip,"Alkalinity, total",0,mg/L
Sault Ste. Marie Water Rangers Task Team,11717,Upper Carp River:Upper Carp River at Creek Rd/Third Line W,46.5480272,-84.4551659,River/Stream,Field Msr/Obs,Surface Water,6/8/2024,Test strip,"Alkalinity, total",10,mg/L
Sault Ste. Marie Water Rangers Task Team,11712,Fort Creek:Fort Creek Channel at Carmen's Way,46.5363508,-84.3442512,River/Stream,Field Msr/Obs,Surface Water,7/24/2024,Probe/Sensor,"Temperature, water",21.6,deg C
Sault Ste. Marie Water Rangers Task Team,11717,Upper Carp River:Upper Carp River at Creek Rd/Third Line W,46.5480272,-84.4551659,River/Stream,Field Msr/Obs,Surface Water,8/11/2024,Test strip,Chlorine,0,ppm
Sault Ste. Marie Water Rangers Task Team,11704,Root River:Root River Wishart Park,46.5637702,-84.2936325,River/Stream,Field Msr/Obs,Surface Water,8/8/2024,Test strip,"Alkalinity, total",30,mg/L
Sault Ste. Marie Water Rangers Task Team,11714,West Davignon Creek:West Davignon Brookfield Ave,46.5307892,-84.3968654,River/Stream,Field Msr/Obs,Surface Water,7/27/2024,,pH,7.3,None
Sault Ste. Marie Water Rangers Task Team,11713,East Davignon Creek:East Davignon Farwell Terrace (near Tim Hortons),46.5367668,-84.3616748,River/Stream,Field Msr/Obs,Surface Water,7/30/2024,Test strip,Total hardness,100,mg/L
Sault Ste. Marie Water Rangers Task Team,11717,Upper Carp River:Upper Carp River at Creek Rd/Third Line W,46.5480272,-84.4551659,River/Stream,Field Msr/Obs,Surface Water,8/17/2024,,pH,7.2,None
Sault Ste. Marie Water Rangers Task Team,11701,St. Marys River:Bellevue Park Topsail Island,46.4952016,-84.297452,River/Stream,Field Msr/Obs,Surface Water,5/29/2024,Test strip,"Alkalinity, total",0,mg/L
Sault Ste. Marie Water Rangers Task Team,11704,Root River:Root River Wishart Park,46.5637702,-84.2936325,River/Stream,Field Msr/Obs,Surface Water,8/14/2024,Secchi Disk,Depth of water column,0.15,m
Sault Ste. Marie Water Rangers Task Team,11701,St. Marys River:Bellevue Park Topsail Island,46.4952016,-84.297452,River/Stream,Field Msr/Obs,Surface Water,7/5/2024,Test strip,"Alkalinity, total",40,mg/L
Sault Ste. Marie Water Rangers Task Team,11712,Fort Creek:Fort Creek Channel at Carmen's Way,46.5363508,-84.3442512,River/Stream,Field Msr/Obs,Surface Water,8/14/2024,Probe/Sensor,"Temperature, air",28,deg C
Sault Ste. Marie Water Rangers Task Team,11711,Duck pond:Bellevue Park duck pond,46.5004401,-84.2993188,Lake/Pond,Field Msr/Obs,Surface Water,6/21/2024,Test strip,Chlorine,0,ppm
Sault Ste. Marie Water Rangers Task Team,11715,Little Carp River:Little Carp River Carpin Beach Rd,46.5097352,-84.4441581,River/Stream,Field Msr/Obs,Surface Water,6/14/2024,,pH,7.3,None
Sault Ste. Marie Water Rangers Task Team,11701,St. Marys River:Bellevue Park Topsail Island,46.4952016,-84.297452,River/Stream,Field Msr/Obs,Surface Water,7/15/2024,Test strip,"Alkalinity, total",0,mg/L
Sault Ste. Marie Water Rangers Task Team,11711,Duck pond:Bellevue Park duck pond,46.5004401,-84.2993188,Lake/Pond,Field Msr/Obs,Surface Water,7/5/2024,Probe/Sensor,Dissolved oxygen (DO),9,mg/L
Sault Ste. Marie Water Rangers Task Team,11711,Duck pond:Bellevue Park duck pond,46.5004401,-84.2993188,Lake/Pond,Field Msr/Obs,Surface Water,7/19/2024,,pH,8,None
Sault Ste. Marie Water Rangers Task Team,11718,East Davignon Creek:East Davignon Creek Allens Side (N of 2nd Ln W),46.559108,-84.4037962,River/Stream,Field Msr/Obs,Surface Water,6/22/2024,Probe/Sensor,"Temperature, air",19,deg C
Sault Ste. Marie Water Rangers Task Team,11707,Root River Branch:Root River Branch Fourth Line E,46.5676351,-84.3005633,River/Stream,Field Msr/Obs,Surface Water,7/28/2024,,pH,7.8,None
Sault Ste. Marie Water Rangers Task Team,11705,Coldwater Creek:Lower Coldwater Creek Case Rd,46.5646992,-84.2689991,River/Stream,Field Msr/Obs,Surface Water,7/28/2024,Test strip,Chlorine,0,ppm
Sault Ste. Marie Water Rangers Task Team,11713,East Davignon Creek:East Davignon Farwell Terrace (near Tim Hortons),46.5367668,-84.3616748,River/Stream,Field Msr/Obs,Surface Water,7/8/2024,Test strip,"Alkalinity, total",40,mg/L
Sault Ste. Marie Water Rangers Task Team,11705,Coldwater Creek:Lower Coldwater Creek Case Rd,46.5646992,-84.2689991,River/Stream,Field Msr/Obs,Surface Water,6/10/2024,Probe/Sensor,"Temperature, water",19.6,deg C
Sault Ste. Marie Water Rangers Task Team,11712,Fort Creek:Fort Creek Channel at Carmen's Way,46.5363508,-84.3442512,River/Stream,Field Msr/Obs,Surface Water,6/23/2024,Probe/Sensor,"Temperature, air",22,deg C
Sault Ste. Marie Water Rangers Task Team,11710,Root River:Root River Hwy 17E,46.5459338,-84.2184019,River/Stream,Field Msr/Obs,Surface Water,8/11/2024,,pH,7.5,None
Sault Ste. Marie Water Rangers Task Team,11712,Fort Creek:Fort Creek Channel at Carmen's Way,46.5363508,-84.3442512,River/Stream,Field Msr/Obs,Surface Water,8/2/2024,Probe/Sensor,Dissolved oxygen (DO),7,mg/L
Sault Ste. Marie Water Rangers Task Team,11718,East Davignon Creek:East Davignon Creek Allens Side (N of 2nd Ln W),46.559108,-84.4037962,River/Stream,Field Msr/Obs,Surface Water,7/7/2024,Probe/Sensor,Conductivity,40,uS/cm
Sault Ste. Marie Water Rangers Task Team,11713,East Davignon Creek:East Davignon Farwell Terrace (near Tim Hortons),46.5367668,-84.3616748,River/Stream,Field Msr/Obs,Surface Water,7/24/2024,Test strip,Chlorine,0,ppm
Sault Ste. Marie Water Rangers Task Team,11701,St. Marys River:Bellevue Park Topsail Island,46.4952016,-84.297452,River/Stream,Field Msr/Obs,Surface Water,5/28/2024,Test strip,"Alkalinity, total",0,mg/L
Sault Ste. Marie Water Rangers Task Team,11706,Root River:Root River Fourth Line E,46.5672083,-84.3063569,River/Stream,Field Msr/Obs,Surface Water,6/6/2024,Test strip,Total hardness,0,mg/L
Sault Ste. Marie Water Rangers Task Team,11713,East Davignon Creek:East Davignon Farwell Terrace (near Tim Hortons),46.5367668,-84.3616748,River/Stream,Field Msr/Obs,Surface Water,7/24/2024,Probe/Sensor,"Temperature, air",23,deg C
Sault Ste. Marie Water Rangers Task Team,11706,Root River:Root River Fourth Line E,46.5672083,-84.3063569,River/Stream,Field Msr/Obs,Surface Water,6/22/2024,Probe/Sensor,Conductivity,118,uS/cm
Sault Ste. Marie Water Rangers Task Team,11713,East Davignon Creek:East Davignon Farwell Terrace (near Tim Hortons),46.5367668,-84.3616748,River/Stream,Field Msr/Obs,Surface Water,8/9/2024,Test strip,Total hardness,50,mg/L
Sault Ste. Marie Water Rangers Task Team,11714,West Davignon Creek:West Davignon Brookfield Ave,46.5307892,-84.3968654,River/Stream,Field Msr/Obs,Surface Water,7/5/2024,Test strip,Total hardness,0,mg/L
Sault Ste. Marie Water Rangers Task Team,11701,St. Marys River:Bellevue Park Topsail Island,46.4952016,-84.297452,River/Stream,Field Msr/Obs,Surface Water,3/27/2024,Test strip,"Alkalinity, total",40,mg/L
Sault Ste. Marie Water Rangers Task Team,11711,Duck pond:Bellevue Park duck pond,46.5004401,-84.2993188,Lake/Pond,Field Msr/Obs,Surface Water,7/15/2024,Test strip,Chlorine,0,ppm
Sault Ste. Marie Water Rangers Task Team,11701,St. Marys River:Bellevue Park Topsail Island,46.4952016,-84.297452,River/Stream,Field Msr/Obs,Surface Water,7/5/2024,Probe/Sensor,Dissolved oxygen (DO),9,mg/L
Sault Ste. Marie Water Rangers Task Team,11713,East Davignon Creek:East Davignon Farwell Terrace (near Tim Hortons),46.5367668,-84.3616748,River/Stream,Field Msr/Obs,Surface Water,8/9/2024,Test strip,Chlorine,0,ppm
Sault Ste. Marie Water Rangers Task Team,11701,St. Marys River:Bellevue Park Topsail Island,46.4952016,-84.297452,River/Stream,Field Msr/Obs,Surface Water,7/5/2024,Probe/Sensor,"Temperature, air",16,deg C
Sault Ste. Marie Water Rangers Task Team,11701,St. Marys River:Bellevue Park Topsail Island,46.4952016,-84.297452,River/Stream,Field Msr/Obs,Surface Water,4/5/2024,,pH,6.4,None
Sault Ste. Marie Water Rangers Task Team,11709,Canon Creek:Canon Creek Old Goulais Bay Rd,46.5915743,-84.3430281,River/Stream,Field Msr/Obs,Surface Water,7/24/2024,Probe/Sensor,"Temperature, air",22,deg C
Sault Ste. Marie Water Rangers Task Team,11707,Root River Branch:Root River Branch Fourth Line E,46.5676351,-84.3005633,River/Stream,Field Msr/Obs,Surface Water,8/11/2024,Probe/Sensor,"Temperature, water",13.9,deg C
Sault Ste. Marie Water Rangers Task Team,11702,Cold Water Creek:Cold Water Creek at Old Garden River Road,46.5636057,-84.2783117,River/Stream,Field Msr/Obs,Surface Water,8/6/2024,Probe/Sensor,Conductivity,188,uS/cm
Sault Ste. Marie Water Rangers Task Team,11715,Little Carp River:Little Carp River Carpin Beach Rd,46.5097352,-84.4441581,River/Stream,Field Msr/Obs,Surface Water,8/17/2024,Probe/Sensor,Dissolved oxygen (DO),7,mg/L
Sault Ste. Marie Water Rangers Task Team,11713,East Davignon Creek:East Davignon Farwell Terrace (near Tim Hortons),46.5367668,-84.3616748,River/Stream,Field Msr/Obs,Surface Water,7/7/2024,Probe/Sensor,Dissolved oxygen (DO),5,mg/L
Sault Ste. Marie Water Rangers Task Team,11712,Fort Creek:Fort Creek Channel at Carmen's Way,46.5363508,-84.3442512,River/Stream,Field Msr/Obs,Surface Water,8/9/2024,Secchi Disk,Depth of water column,0.5,m
Sault Ste. Marie Water Rangers Task Team,11702,Cold Water Creek:Cold Water Creek at Old Garden River Road,46.5636057,-84.2783117,River/Stream,Field Msr/Obs,Surface Water,8/6/2024,Test strip,"Alkalinity, total",20,mg/L
Sault Ste. Marie Water Rangers Task Team,11709,Canon Creek:Canon Creek Old Goulais Bay Rd,46.5915743,-84.3430281,River/Stream,Field Msr/Obs,Surface Water,7/24/2024,Probe/Sensor,Dissolved oxygen (DO),6,mg/L
Sault Ste. Marie Water Rangers Task Team,11714,West Davignon Creek:West Davignon Brookfield Ave,46.5307892,-84.3968654,River/Stream,Field Msr/Obs,Surface Water,6/29/2024,Test strip,Chlorine,0,ppm
Sault Ste. Marie Water Rangers Task Team,11718,East Davignon Creek:East Davignon Creek Allens Side (N of 2nd Ln W),46.559108,-84.4037962,River/Stream,Field Msr/Obs,Surface Water,7/5/2024,Probe/Sensor,Dissolved oxygen (DO),7,mg/L
Sault Ste. Marie Water Rangers Task Team,11714,West Davignon Creek:West Davignon Brookfield Ave,46.5307892,-84.3968654,River/Stream,Field Msr/Obs,Surface Water,6/29/2024,Probe/Sensor,Conductivity,63,uS/cm
Sault Ste. Marie Water Rangers Task Team,11701,St. Marys River:Bellevue Park Topsail Island,46.4952016,-84.297452,River/Stream,Field Msr/Obs,Surface Water,4/26/2024,Probe/Sensor,Dissolved oxygen (DO),11,mg/L
Sault Ste. Marie Water Rangers Task Team,11713,East Davignon Creek:East Davignon Farwell Terrace (near Tim Hortons),46.5367668,-84.3616748,River/Stream,Field Msr/Obs,Surface Water,6/23/2024,Test strip,Chlorine,0,ppm
Sault Ste. Marie Water Rangers Task Team,11714,West Davignon Creek:West Davignon Brookfield Ave,46.5307892,-84.3968654,River/Stream,Field Msr/Obs,Surface Water,8/11/2024,Probe/Sensor,Conductivity,149,uS/cm
Sault Ste. Marie Water Rangers Task Team,11717,Upper Carp River:Upper Carp River at Creek Rd/Third Line W,46.5480272,-84.4551659,River/Stream,Field Msr/Obs,Surface Water,8/11/2024,Probe/Sensor,Conductivity,33,uS/cm
Sault Ste. Marie Water Rangers Task Team,11711,Duck pond:Bellevue Park duck pond,46.5004401,-84.2993188,Lake/Pond,Field Msr/Obs,Surface Water,7/15/2024,Test strip,"Alkalinity, total",40,mg/L
Sault Ste. Marie Water Rangers Task Team,11711,Duck pond:Bellevue Park duck pond,46.5004401,-84.2993188,Lake/Pond,Field Msr/Obs,Surface Water,7/15/2024,Probe/Sensor,"Temperature, air",26,deg C
Sault Ste. Marie Water Rangers Task Team,11715,Little Carp River:Little Carp River Carpin Beach Rd,46.5097352,-84.4441581,River/Stream,Field Msr/Obs,Surface Water,8/17/2024,Probe/Sensor,Salinity,60,ppm
Sault Ste. Marie Water Rangers Task Team,11718,East Davignon Creek:East Davignon Creek Allens Side (N of 2nd Ln W),46.559108,-84.4037962,River/Stream,Field Msr/Obs,Surface Water,7/7/2024,Secchi Disk,Depth of water column,0.18,m
Sault Ste. Marie Water Rangers Task Team,11704,Root River:Root River Wishart Park,46.5637702,-84.2936325,River/Stream,Field Msr/Obs,Surface Water,8/11/2024,Test strip,Chlorine,0,ppm
Sault Ste. Marie Water Rangers Task Team,11714,West Davignon Creek:West Davignon Brookfield Ave,46.5307892,-84.3968654,River/Stream,Field Msr/Obs,Surface Water,7/5/2024,Probe/Sensor,Conductivity,70,uS/cm
Sault Ste. Marie Water Rangers Task Team,11713,East Davignon Creek:East Davignon Farwell Terrace (near Tim Hortons),46.5367668,-84.3616748,River/Stream,Field Msr/Obs,Surface Water,8/14/2024,Probe/Sensor,"Temperature, water",19.6,deg C
Sault Ste. Marie Water Rangers Task Team,11718,East Davignon Creek:East Davignon Creek Allens Side (N of 2nd Ln W),46.559108,-84.4037962,River/Stream,Field Msr/Obs,Surface Water,7/7/2024,Probe/Sensor,"Temperature, water",20.6,deg C
Sault Ste. Marie Water Rangers Task Team,11701,St. Marys River:Bellevue Park Topsail Island,46.4952016,-84.297452,River/Stream,Field Msr/Obs,Surface Water,8/6/2024,Probe/Sensor,Dissolved oxygen (DO),11,mg/L
Sault Ste. Marie Water Rangers Task Team,11701,St. Marys River:Bellevue Park Topsail Island,46.4952016,-84.297452,River/Stream,Field Msr/Obs,Surface Water,6/21/2024,Test strip,"Alkalinity, total",40,mg/L
Sault Ste. Marie Water Rangers Task Team,11714,West Davignon Creek:West Davignon Brookfield Ave,46.5307892,-84.3968654,River/Stream,Field Msr/Obs,Surface Water,7/5/2024,Probe/Sensor,Dissolved oxygen (DO),7,mg/L
Sault Ste. Marie Water Rangers Task Team,11713,East Davignon Creek:East Davignon Farwell Terrace (near Tim Hortons),46.5367668,-84.3616748,River/Stream,Field Msr/Obs,Surface Water,8/9/2024,Probe/Sensor,"Temperature, air",18,deg C
Sault Ste. Marie Water Rangers Task Team,11704,Root River:Root River Wishart Park,46.5637702,-84.2936325,River/Stream,Field Msr/Obs,Surface Water,8/11/2024,Test strip,Total hardness,0,mg/L
Sault Ste. Marie Water Rangers Task Team,11718,East Davignon Creek:East Davignon Creek Allens Side (N of 2nd Ln W),46.559108,-84.4037962,River/Stream,Field Msr/Obs,Surface Water,6/29/2024,Test strip,Chlorine,0,ppm
Sault Ste. Marie Water Rangers Task Team,11704,Root River:Root River Wishart Park,46.5637702,-84.2936325,River/Stream,Field Msr/Obs,Surface Water,7/24/2024,Probe/Sensor,Conductivity,88,uS/cm
Sault Ste. Marie Water Rangers Task Team,11705,Coldwater Creek:Lower Coldwater Creek Case Rd,46.5646992,-84.2689991,River/Stream,Field Msr/Obs,Surface Water,8/12/2024,Probe/Sensor,Conductivity,69,uS/cm
Sault Ste. Marie Water Rangers Task Team,11707,Root River Branch:Root River Branch Fourth Line E,46.5676351,-84.3005633,River/Stream,Field Msr/Obs,Surface Water,7/28/2024,Test strip,Total hardness,0,mg/L
Sault Ste. Marie Water Rangers Task Team,11701,St. Marys River:Bellevue Park Topsail Island,46.4952016,-84.297452,River/Stream,Field Msr/Obs,Surface Water,7/19/2024,,pH,7.8,None
Sault Ste. Marie Water Rangers Task Team,11704,Root River:Root River Wishart Park,46.5637702,-84.2936325,River/Stream,Field Msr/Obs,Surface Water,7/24/2024,Secchi Disk,Depth of water column,0.14,m
Sault Ste. Marie Water Rangers Task Team,11701,St. Marys River:Bellevue Park Topsail Island,46.4952016,-84.297452,River/Stream,Field Msr/Obs,Surface Water,6/7/2024,Test strip,Total hardness,0,mg/L
Sault Ste. Marie Water Rangers Task Team,11704,Root River:Root River Wishart Park,46.5637702,-84.2936325,River/Stream,Field Msr/Obs,Surface Water,8/11/2024,Probe/Sensor,Salinity,54,ppm
Sault Ste. Marie Water Rangers Task Team,11716,Big Carp River:Big Carp River Herkimer Rd,46.5062632,-84.4498873,River/Stream,Field Msr/Obs,Surface Water,8/11/2024,Test strip,"Alkalinity, total",20,mg/L
Sault Ste. Marie Water Rangers Task Team,11702,Cold Water Creek:Cold Water Creek at Old Garden River Road,46.5636057,-84.2783117,River/Stream,Field Msr/Obs,Surface Water,8/12/2024,Probe/Sensor,Conductivity,198,uS/cm
Sault Ste. Marie Water Rangers Task Team,11705,Coldwater Creek:Lower Coldwater Creek Case Rd,46.5646992,-84.2689991,River/Stream,Field Msr/Obs,Surface Water,6/10/2024,Test strip,"Alkalinity, total",0,mg/L
Sault Ste. Marie Water Rangers Task Team,11717,Upper Carp River:Upper Carp River at Creek Rd/Third Line W,46.5480272,-84.4551659,River/Stream,Field Msr/Obs,Surface Water,8/11/2024,Probe/Sensor,Salinity,80,ppm
Sault Ste. Marie Water Rangers Task Team,11717,Upper Carp River:Upper Carp River at Creek Rd/Third Line W,46.5480272,-84.4551659,River/Stream,Field Msr/Obs,Surface Water,8/4/2024,Probe/Sensor,Salinity,30,ppm
Sault Ste. Marie Water Rangers Task Team,11701,St. Marys River:Bellevue Park Topsail Island,46.4952016,-84.297452,River/Stream,Field Msr/Obs,Surface Water,6/7/2024,Test strip,Chlorine,0,ppm
Sault Ste. Marie Water Rangers Task Team,11715,Little Carp River:Little Carp River Carpin Beach Rd,46.5097352,-84.4441581,River/Stream,Field Msr/Obs,Surface Water,8/4/2024,Probe/Sensor,Salinity,56,ppm
Sault Ste. Marie Water Rangers Task Team,11703,Root River:Root River Old Garden River,46.5629144,-84.2812943,River/Stream,Field Msr/Obs,Surface Water,8/12/2024,Secchi Disk,Depth of water column,0.29,m
Sault Ste. Marie Water Rangers Task Team,11701,St. Marys River:Bellevue Park Topsail Island,46.4952016,-84.297452,River/Stream,Field Msr/Obs,Surface Water,7/19/2024,Test strip,Chlorine,0,ppm
Sault Ste. Marie Water Rangers Task Team,11714,West Davignon Creek:West Davignon Brookfield Ave,46.5307892,-84.3968654,River/Stream,Field Msr/Obs,Surface Water,6/29/2024,Probe/Sensor,Dissolved oxygen (DO),7,mg/L
Sault Ste. Marie Water Rangers Task Team,11711,Duck pond:Bellevue Park duck pond,46.5004401,-84.2993188,Lake/Pond,Field Msr/Obs,Surface Water,7/19/2024,Probe/Sensor,Conductivity,186,uS/cm
Sault Ste. Marie Water Rangers Task Team,11714,West Davignon Creek:West Davignon Brookfield Ave,46.5307892,-84.3968654,River/Stream,Field Msr/Obs,Surface Water,6/14/2024,Probe/Sensor,Conductivity,152,uS/cm
Sault Ste. Marie Water Rangers Task Team,11713,East Davignon Creek:East Davignon Farwell Terrace (near Tim Hortons),46.5367668,-84.3616748,River/Stream,Field Msr/Obs,Surface Water,7/30/2024,Test strip,Chlorine,0,ppm
Sault Ste. Marie Water Rangers Task Team,11705,Coldwater Creek:Lower Coldwater Creek Case Rd,46.5646992,-84.2689991,River/Stream,Field Msr/Obs,Surface Water,7/28/2024,Probe/Sensor,"Temperature, water",18.8,deg C
Sault Ste. Marie Water Rangers Task Team,11718,East Davignon Creek:East Davignon Creek Allens Side (N of 2nd Ln W),46.559108,-84.4037962,River/Stream,Field Msr/Obs,Surface Water,7/7/2024,Test strip,Chlorine,0,ppm
Sault Ste. Marie Water Rangers Task Team,11701,St. Marys River:Bellevue Park Topsail Island,46.4952016,-84.297452,River/Stream,Field Msr/Obs,Surface Water,4/5/2024,Probe/Sensor,"Temperature, air",4.02,deg C
Sault Ste. Marie Water Rangers Task Team,11707,Root River Branch:Root River Branch Fourth Line E,46.5676351,-84.3005633,River/Stream,Field Msr/Obs,Surface Water,7/28/2024,Test strip,"Alkalinity, total",40,mg/L
Sault Ste. Marie Water Rangers Task Team,11717,Upper Carp River:Upper Carp River at Creek Rd/Third Line W,46.5480272,-84.4551659,River/Stream,Field Msr/Obs,Surface Water,8/11/2024,,pH,7.2,None
Sault Ste. Marie Water Rangers Task Team,11705,Coldwater Creek:Lower Coldwater Creek Case Rd,46.5646992,-84.2689991,River/Stream,Field Msr/Obs,Surface Water,6/28/2024,Probe/Sensor,Conductivity,41,uS/cm
Sault Ste. Marie Water Rangers Task Team,11705,Coldwater Creek:Lower Coldwater Creek Case Rd,46.5646992,-84.2689991,River/Stream,Field Msr/Obs,Surface Water,6/14/2024,,pH,6.5,None
Sault Ste. Marie Water Rangers Task Team,11714,West Davignon Creek:West Davignon Brookfield Ave,46.5307892,-84.3968654,River/Stream,Field Msr/Obs,Surface Water,6/14/2024,Test strip,"Alkalinity, total",50,mg/L
Sault Ste. Marie Water Rangers Task Team,11714,West Davignon Creek:West Davignon Brookfield Ave,46.5307892,-84.3968654,River/Stream,Field Msr/Obs,Surface Water,8/17/2024,Probe/Sensor,"Temperature, water",16.9,deg C
Sault Ste. Marie Water Rangers Task Team,11718,East Davignon Creek:East Davignon Creek Allens Side (N of 2nd Ln W),46.559108,-84.4037962,River/Stream,Field Msr/Obs,Surface Water,6/22/2024,Probe/Sensor,Conductivity,62,uS/cm
Sault Ste. Marie Water Rangers Task Team,11706,Root River:Root River Fourth Line E,46.5672083,-84.3063569,River/Stream,Field Msr/Obs,Surface Water,8/11/2024,Probe/Sensor,Dissolved oxygen (DO),7,mg/L
Sault Ste. Marie Water Rangers Task Team,11701,St. Marys River:Bellevue Park Topsail Island,46.4952016,-84.297452,River/Stream,Field Msr/Obs,Surface Water,3/10/2024,Probe/Sensor,Conductivity,136,uS/cm
Sault Ste. Marie Water Rangers Task Team,11706,Root River:Root River Fourth Line E,46.5672083,-84.3063569,River/Stream,Field Msr/Obs,Surface Water,7/20/2024,Probe/Sensor,Dissolved oxygen (DO),6,mg/L
Sault Ste. Marie Water Rangers Task Team,11715,Little Carp River:Little Carp River Carpin Beach Rd,46.5097352,-84.4441581,River/Stream,Field Msr/Obs,Surface Water,8/4/2024,Probe/Sensor,"Temperature, air",21,deg C
Sault Ste. Marie Water Rangers Task Team,11703,Root River:Root River Old Garden River,46.5629144,-84.2812943,River/Stream,Field Msr/Obs,Surface Water,8/6/2024,Test strip,Chlorine,0,ppm
Sault Ste. Marie Water Rangers Task Team,11714,West Davignon Creek:West Davignon Brookfield Ave,46.5307892,-84.3968654,River/Stream,Field Msr/Obs,Surface Water,8/11/2024,Test strip,Chlorine,0,ppm
Sault Ste. Marie Water Rangers Task Team,11716,Big Carp River:Big Carp River Herkimer Rd,46.5062632,-84.4498873,River/Stream,Field Msr/Obs,Surface Water,7/25/2024,Probe/Sensor,Salinity,54,ppm
Sault Ste. Marie Water Rangers Task Team,11701,St. Marys River:Bellevue Park Topsail Island,46.4952016,-84.297452,River/Stream,Field Msr/Obs,Surface Water,4/26/2024,Probe/Sensor,"Temperature, air",5,deg C
Sault Ste. Marie Water Rangers Task Team,11701,St. Marys River:Bellevue Park Topsail Island,46.4952016,-84.297452,River/Stream,Field Msr/Obs,Surface Water,4/20/2024,Test strip,Total hardness,100,mg/L
Sault Ste. Marie Water Rangers Task Team,11718,East Davignon Creek:East Davignon Creek Allens Side (N of 2nd Ln W),46.559108,-84.4037962,River/Stream,Field Msr/Obs,Surface Water,6/22/2024,Probe/Sensor,Dissolved oxygen (DO),7,mg/L
Sault Ste. Marie Water Rangers Task Team,11711,Duck pond:Bellevue Park duck pond,46.5004401,-84.2993188,Lake/Pond,Field Msr/Obs,Surface Water,7/29/2024,Probe/Sensor,Conductivity,146,uS/cm
Sault Ste. Marie Water Rangers Task Team,11701,St. Marys River:Bellevue Park Topsail Island,46.4952016,-84.297452,River/Stream,Field Msr/Obs,Surface Water,3/10/2024,Test strip,"Alkalinity, total",0,mg/L
Sault Ste. Marie Water Rangers Task Team,11715,Little Carp River:Little Carp River Carpin Beach Rd,46.5097352,-84.4441581,River/Stream,Field Msr/Obs,Surface Water,8/4/2024,Probe/Sensor,Dissolved oxygen (DO),8,mg/L
Sault Ste. Marie Water Rangers Task Team,11714,West Davignon Creek:West Davignon Brookfield Ave,46.5307892,-84.3968654,River/Stream,Field Msr/Obs,Surface Water,7/19/2024,Probe/Sensor,Dissolved oxygen (DO),7,mg/L
Sault Ste. Marie Water Rangers Task Team,11701,St. Marys River:Bellevue Park Topsail Island,46.4952016,-84.297452,River/Stream,Field Msr/Obs,Surface Water,4/26/2024,Test strip,Total hardness,50,mg/L
Sault Ste. Marie Water Rangers Task Team,11701,St. Marys River:Bellevue Park Topsail Island,46.4952016,-84.297452,River/Stream,Field Msr/Obs,Surface Water,5/28/2024,Probe/Sensor,Dissolved oxygen (DO),11,mg/L
Sault Ste. Marie Water Rangers Task Team,11701,St. Marys River:Bellevue Park Topsail Island,46.4952016,-84.297452,River/Stream,Field Msr/Obs,Surface Water,8/6/2024,Probe/Sensor,"Temperature, water",11.1,deg C
Sault Ste. Marie Water Rangers Task Team,11705,Coldwater Creek:Lower Coldwater Creek Case Rd,46.5646992,-84.2689991,River/Stream,Field Msr/Obs,Surface Water,6/28/2024,,pH,7,None
Sault Ste. Marie Water Rangers Task Team,11714,West Davignon Creek:West Davignon Brookfield Ave,46.5307892,-84.3968654,River/Stream,Field Msr/Obs,Surface Water,6/29/2024,Probe/Sensor,"Temperature, air",17,deg C
Sault Ste. Marie Water Rangers Task Team,11709,Canon Creek:Canon Creek Old Goulais Bay Rd,46.5915743,-84.3430281,River/Stream,Field Msr/Obs,Surface Water,8/7/2024,Probe/Sensor,"Temperature, air",22,deg C
Sault Ste. Marie Water Rangers Task Team,11701,St. Marys River:Bellevue Park Topsail Island,46.4952016,-84.297452,River/Stream,Field Msr/Obs,Surface Water,5/29/2024,Probe/Sensor,Conductivity,105,uS/cm
Sault Ste. Marie Water Rangers Task Team,11713,East Davignon Creek:East Davignon Farwell Terrace (near Tim Hortons),46.5367668,-84.3616748,River/Stream,Field Msr/Obs,Surface Water,7/30/2024,Probe/Sensor,Dissolved oxygen (DO),9,mg/L
Sault Ste. Marie Water Rangers Task Team,11713,East Davignon Creek:East Davignon Farwell Terrace (near Tim Hortons),46.5367668,-84.3616748,River/Stream,Field Msr/Obs,Surface Water,7/8/2024,Test strip,Total hardness,100,mg/L
Sault Ste. Marie Water Rangers Task Team,11705,Coldwater Creek:Lower Coldwater Creek Case Rd,46.5646992,-84.2689991,River/Stream,Field Msr/Obs,Surface Water,8/6/2024,Test strip,Chlorine,0,ppm
Sault Ste. Marie Water Rangers Task Team,11707,Root River Branch:Root River Branch Fourth Line E,46.5676351,-84.3005633,River/Stream,Field Msr/Obs,Surface Water,7/30/2024,Test strip,Chlorine,0,ppm
Sault Ste. Marie Water Rangers Task Team,11701,St. Marys River:Bellevue Park Topsail Island,46.4952016,-84.297452,River/Stream,Field Msr/Obs,Surface Water,8/3/2024,Test strip,"Alkalinity, total",40,mg/L
Sault Ste. Marie Water Rangers Task Team,11715,Little Carp River:Little Carp River Carpin Beach Rd,46.5097352,-84.4441581,River/Stream,Field Msr/Obs,Surface Water,7/25/2024,Secchi Disk,Depth of water column,0.42,m
Sault Ste. Marie Water Rangers Task Team,11702,Cold Water Creek:Cold Water Creek at Old Garden River Road,46.5636057,-84.2783117,River/Stream,Field Msr/Obs,Surface Water,8/6/2024,Secchi Disk,Depth of water column,0.24,m
Sault Ste. Marie Water Rangers Task Team,11713,East Davignon Creek:East Davignon Farwell Terrace (near Tim Hortons),46.5367668,-84.3616748,River/Stream,Field Msr/Obs,Surface Water,8/14/2024,Test strip,Total hardness,50,mg/L
Sault Ste. Marie Water Rangers Task Team,11707,Root River Branch:Root River Branch Fourth Line E,46.5676351,-84.3005633,River/Stream,Field Msr/Obs,Surface Water,7/28/2024,Probe/Sensor,Conductivity,143,uS/cm
Sault Ste. Marie Water Rangers Task Team,11713,East Davignon Creek:East Davignon Farwell Terrace (near Tim Hortons),46.5367668,-84.3616748,River/Stream,Field Msr/Obs,Surface Water,7/20/2024,Probe/Sensor,"Temperature, water",17.5,deg C
Sault Ste. Marie Water Rangers Task Team,11713,East Davignon Creek:East Davignon Farwell Terrace (near Tim Hortons),46.5367668,-84.3616748,River/Stream,Field Msr/Obs,Surface Water,7/30/2024,,pH,7.8,None
Sault Ste. Marie Water Rangers Task Team,11715,Little Carp River:Little Carp River Carpin Beach Rd,46.5097352,-84.4441581,River/Stream,Field Msr/Obs,Surface Water,8/4/2024,,pH,7.5,None
Sault Ste. Marie Water Rangers Task Team,11701,St. Marys River:Bellevue Park Topsail Island,46.4952016,-84.297452,River/Stream,Field Msr/Obs,Surface Water,4/14/2024,Test strip,Total hardness,100,mg/L
Sault Ste. Marie Water Rangers Task Team,11706,Root River:Root River Fourth Line E,46.5672083,-84.3063569,River/Stream,Field Msr/Obs,Surface Water,7/24/2024,Probe/Sensor,Conductivity,95,uS/cm
Sault Ste. Marie Water Rangers Task Team,11715,Little Carp River:Little Carp River Carpin Beach Rd,46.5097352,-84.4441581,River/Stream,Field Msr/Obs,Surface Water,8/4/2024,Test strip,"Alkalinity, total",40,mg/L
Sault Ste. Marie Water Rangers Task Team,11716,Big Carp River:Big Carp River Herkimer Rd,46.5062632,-84.4498873,River/Stream,Field Msr/Obs,Surface Water,8/11/2024,Probe/Sensor,"Temperature, water",19.9,deg C
Sault Ste. Marie Water Rangers Task Team,11718,East Davignon Creek:East Davignon Creek Allens Side (N of 2nd Ln W),46.559108,-84.4037962,River/Stream,Field Msr/Obs,Surface Water,8/7/2024,Probe/Sensor,Conductivity,101,uS/cm
Sault Ste. Marie Water Rangers Task Team,11703,Root River:Root River Old Garden River,46.5629144,-84.2812943,River/Stream,Field Msr/Obs,Surface Water,8/6/2024,Test strip,"Alkalinity, total",20,mg/L
Sault Ste. Marie Water Rangers Task Team,11701,St. Marys River:Bellevue Park Topsail Island,46.4952016,-84.297452,River/Stream,Field Msr/Obs,Surface Water,5/29/2024,Probe/Sensor,"Temperature, water",11.1,deg C
Sault Ste. Marie Water Rangers Task Team,11701,St. Marys River:Bellevue Park Topsail Island,46.4952016,-84.297452,River/Stream,Field Msr/Obs,Surface Water,5/29/2024,Probe/Sensor,Conductivity,105,uS/cm
Sault Ste. Marie Water Rangers Task Team,11701,St. Marys River:Bellevue Park Topsail Island,46.4952016,-84.297452,River/Stream,Field Msr/Obs,Surface Water,5/29/2024,Probe/Sensor,Dissolved oxygen (DO),11,mg/L
Sault Ste. Marie Water Rangers Task Team,11708,Root River:Root River off Hwy 17 N (near Teen Challenge),46.5717047,-84.3206692,River/Stream,Field Msr/Obs,Surface Water,8/8/2024,Test strip,"Alkalinity, total",35,mg/L
Sault Ste. Marie Water Rangers Task Team,11712,Fort Creek:Fort Creek Channel at Carmen's Way,46.5363508,-84.3442512,River/Stream,Field Msr/Obs,Surface Water,8/9/2024,Probe/Sensor,Conductivity,996,uS/cm
Sault Ste. Marie Water Rangers Task Team,11714,West Davignon Creek:West Davignon Brookfield Ave,46.5307892,-84.3968654,River/Stream,Field Msr/Obs,Surface Water,6/29/2024,Probe/Sensor,"Temperature, water",18.5,deg C
Sault Ste. Marie Water Rangers Task Team,11705,Coldwater Creek:Lower Coldwater Creek Case Rd,46.5646992,-84.2689991,River/Stream,Field Msr/Obs,Surface Water,6/28/2024,Probe/Sensor,"Temperature, air",17,deg C
Sault Ste. Marie Water Rangers Task Team,11712,Fort Creek:Fort Creek Channel at Carmen's Way,46.5363508,-84.3442512,River/Stream,Field Msr/Obs,Surface Water,8/2/2024,,pH,8,None
Sault Ste. Marie Water Rangers Task Team,11716,Big Carp River:Big Carp River Herkimer Rd,46.5062632,-84.4498873,River/Stream,Field Msr/Obs,Surface Water,7/25/2024,,pH,7.5,None
Sault Ste. Marie Water Rangers Task Team,11710,Root River:Root River Hwy 17E,46.5459338,-84.2184019,River/Stream,Field Msr/Obs,Surface Water,7/30/2024,Probe/Sensor,"Temperature, air",26,deg C
Sault Ste. Marie Water Rangers Task Team,11714,West Davignon Creek:West Davignon Brookfield Ave,46.5307892,-84.3968654,River/Stream,Field Msr/Obs,Surface Water,7/27/2024,Probe/Sensor,Dissolved oxygen (DO),7,mg/L
Sault Ste. Marie Water Rangers Task Team,11709,Canon Creek:Canon Creek Old Goulais Bay Rd,46.5915743,-84.3430281,River/Stream,Field Msr/Obs,Surface Water,7/24/2024,Test strip,Chlorine,0,ppm
Sault Ste. Marie Water Rangers Task Team,11713,East Davignon Creek:East Davignon Farwell Terrace (near Tim Hortons),46.5367668,-84.3616748,River/Stream,Field Msr/Obs,Surface Water,7/20/2024,Probe/Sensor,Salinity,139,ppm
Sault Ste. Marie Water Rangers Task Team,11711,Duck pond:Bellevue Park duck pond,46.5004401,-84.2993188,Lake/Pond,Field Msr/Obs,Surface Water,6/7/2024,Probe/Sensor,Conductivity,494,uS/cm
Sault Ste. Marie Water Rangers Task Team,11701,St. Marys River:Bellevue Park Topsail Island,46.4952016,-84.297452,River/Stream,Field Msr/Obs,Surface Water,7/5/2024,Probe/Sensor,"Temperature, water",16.4,deg C
Sault Ste. Marie Water Rangers Task Team,11716,Big Carp River:Big Carp River Herkimer Rd,46.5062632,-84.4498873,River/Stream,Field Msr/Obs,Surface Water,7/25/2024,Probe/Sensor,Dissolved oxygen (DO),7,mg/L
Sault Ste. Marie Water Rangers Task Team,11716,Big Carp River:Big Carp River Herkimer Rd,46.5062632,-84.4498873,River/Stream,Field Msr/Obs,Surface Water,8/4/2024,Probe/Sensor,"Temperature, water",21.6,deg C
Sault Ste. Marie Water Rangers Task Team,11717,Upper Carp River:Upper Carp River at Creek Rd/Third Line W,46.5480272,-84.4551659,River/Stream,Field Msr/Obs,Surface Water,8/17/2024,Probe/Sensor,"Temperature, water",16.1,deg C
Sault Ste. Marie Water Rangers Task Team,11701,St. Marys River:Bellevue Park Topsail Island,46.4952016,-84.297452,River/Stream,Field Msr/Obs,Surface Water,7/5/2024,Test strip,Total hardness,0,mg/L
Sault Ste. Marie Water Rangers Task Team,11714,West Davignon Creek:West Davignon Brookfield Ave,46.5307892,-84.3968654,River/Stream,Field Msr/Obs,Surface Water,8/11/2024,Secchi Disk,"Depth, Secchi disk depth",0.24,m
Sault Ste. Marie Water Rangers Task Team,11706,Root River:Root River Fourth Line E,46.5672083,-84.3063569,River/Stream,Field Msr/Obs,Surface Water,6/14/2024,Probe/Sensor,Dissolved oxygen (DO),7,mg/L
Sault Ste. Marie Water Rangers Task Team,11715,Little Carp River:Little Carp River Carpin Beach Rd,46.5097352,-84.4441581,River/Stream,Field Msr/Obs,Surface Water,8/11/2024,Probe/Sensor,"Temperature, water",15.7,deg C
Sault Ste. Marie Water Rangers Task Team,11715,Little Carp River:Little Carp River Carpin Beach Rd,46.5097352,-84.4441581,River/Stream,Field Msr/Obs,Surface Water,6/8/2024,Test strip,Total hardness,0,mg/L
Sault Ste. Marie Water Rangers Task Team,11706,Root River:Root River Fourth Line E,46.5672083,-84.3063569,River/Stream,Field Msr/Obs,Surface Water,7/20/2024,,pH,7.4,None
Sault Ste. Marie Water Rangers Task Team,11715,Little Carp River:Little Carp River Carpin Beach Rd,46.5097352,-84.4441581,River/Stream,Field Msr/Obs,Surface Water,8/17/2024,Test strip,Chlorine,0,ppm
Sault Ste. Marie Water Rangers Task Team,11711,Duck pond:Bellevue Park duck pond,46.5004401,-84.2993188,Lake/Pond,Field Msr/Obs,Surface Water,7/5/2024,Probe/Sensor,Conductivity,243,uS/cm
Sault Ste. Marie Water Rangers Task Team,11717,Upper Carp River:Upper Carp River at Creek Rd/Third Line W,46.5480272,-84.4551659,River/Stream,Field Msr/Obs,Surface Water,8/4/2024,Test strip,Chlorine,0,ppm
Sault Ste. Marie Water Rangers Task Team,11713,East Davignon Creek:East Davignon Farwell Terrace (near Tim Hortons),46.5367668,-84.3616748,River/Stream,Field Msr/Obs,Surface Water,8/9/2024,Probe/Sensor,Conductivity,294,uS/cm
Sault Ste. Marie Water Rangers Task Team,11713,East Davignon Creek:East Davignon Farwell Terrace (near Tim Hortons),46.5367668,-84.3616748,River/Stream,Field Msr/Obs,Surface Water,8/9/2024,,pH,7.8,None
Sault Ste. Marie Water Rangers Task Team,11705,Coldwater Creek:Lower Coldwater Creek Case Rd,46.5646992,-84.2689991,River/Stream,Field Msr/Obs,Surface Water,8/6/2024,Probe/Sensor,"Temperature, water",19.2,deg C
Sault Ste. Marie Water Rangers Task Team,11714,West Davignon Creek:West Davignon Brookfield Ave,46.5307892,-84.3968654,River/Stream,Field Msr/Obs,Surface Water,7/27/2024,Test strip,Total hardness,0,mg/L
Sault Ste. Marie Water Rangers Task Team,11701,St. Marys River:Bellevue Park Topsail Island,46.4952016,-84.297452,River/Stream,Field Msr/Obs,Surface Water,5/29/2024,Test strip,"Alkalinity, total",0,mg/L
Sault Ste. Marie Water Rangers Task Team,11705,Coldwater Creek:Lower Coldwater Creek Case Rd,46.5646992,-84.2689991,River/Stream,Field Msr/Obs,Surface Water,6/28/2024,Probe/Sensor,"Temperature, water",17.1,deg C
Sault Ste. Marie Water Rangers Task Team,11702,Cold Water Creek:Cold Water Creek at Old Garden River Road,46.5636057,-84.2783117,River/Stream,Field Msr/Obs,Surface Water,8/6/2024,Probe/Sensor,"Temperature, water",11.9,deg C
Sault Ste. Marie Water Rangers Task Team,11717,Upper Carp River:Upper Carp River at Creek Rd/Third Line W,46.5480272,-84.4551659,River/Stream,Field Msr/Obs,Surface Water,6/8/2024,Probe/Sensor,"Temperature, water",11.8,deg C
Sault Ste. Marie Water Rangers Task Team,11714,West Davignon Creek:West Davignon Brookfield Ave,46.5307892,-84.3968654,River/Stream,Field Msr/Obs,Surface Water,7/27/2024,Secchi Disk,Depth of water column,3.3,m
Sault Ste. Marie Water Rangers Task Team,11703,Root River:Root River Old Garden River,46.5629144,-84.2812943,River/Stream,Field Msr/Obs,Surface Water,8/6/2024,Test strip,Total hardness,0,mg/L
Sault Ste. Marie Water Rangers Task Team,11715,Little Carp River:Little Carp River Carpin Beach Rd,46.5097352,-84.4441581,River/Stream,Field Msr/Obs,Surface Water,8/4/2024,Secchi Disk,Depth of water column,0.2,m
Sault Ste. Marie Water Rangers Task Team,11705,Coldwater Creek:Lower Coldwater Creek Case Rd,46.5646992,-84.2689991,River/Stream,Field Msr/Obs,Surface Water,8/6/2024,Test strip,Total hardness,0,mg/L
Sault Ste. Marie Water Rangers Task Team,11701,St. Marys River:Bellevue Park Topsail Island,46.4952016,-84.297452,River/Stream,Field Msr/Obs,Surface Water,7/29/2024,Probe/Sensor,Dissolved oxygen (DO),7,mg/L
Sault Ste. Marie Water Rangers Task Team,11701,St. Marys River:Bellevue Park Topsail Island,46.4952016,-84.297452,River/Stream,Field Msr/Obs,Surface Water,3/27/2024,Test strip,Total hardness,0,mg/L
Sault Ste. Marie Water Rangers Task Team,11718,East Davignon Creek:East Davignon Creek Allens Side (N of 2nd Ln W),46.559108,-84.4037962,River/Stream,Field Msr/Obs,Surface Water,8/17/2024,Probe/Sensor,Conductivity,73,uS/cm
Sault Ste. Marie Water Rangers Task Team,11714,West Davignon Creek:West Davignon Brookfield Ave,46.5307892,-84.3968654,River/Stream,Field Msr/Obs,Surface Water,7/12/2024,Test strip,"Alkalinity, total",20,mg/L
Sault Ste. Marie Water Rangers Task Team,11713,East Davignon Creek:East Davignon Farwell Terrace (near Tim Hortons),46.5367668,-84.3616748,River/Stream,Field Msr/Obs,Surface Water,7/7/2024,Test strip,Total hardness,0,mg/L
Sault Ste. Marie Water Rangers Task Team,11718,East Davignon Creek:East Davignon Creek Allens Side (N of 2nd Ln W),46.559108,-84.4037962,River/Stream,Field Msr/Obs,Surface Water,7/5/2024,Test strip,Chlorine,0,ppm
Sault Ste. Marie Water Rangers Task Team,11717,Upper Carp River:Upper Carp River at Creek Rd/Third Line W,46.5480272,-84.4551659,River/Stream,Field Msr/Obs,Surface Water,7/25/2024,Test strip,Chlorine,0,ppm
Sault Ste. Marie Water Rangers Task Team,11704,Root River:Root River Wishart Park,46.5637702,-84.2936325,River/Stream,Field Msr/Obs,Surface Water,8/8/2024,Secchi Disk,Depth of water column,0.11,m
Sault Ste. Marie Water Rangers Task Team,11701,St. Marys River:Bellevue Park Topsail Island,46.4952016,-84.297452,River/Stream,Field Msr/Obs,Surface Water,5/29/2024,Test strip,Total hardness,0,mg/L
Sault Ste. Marie Water Rangers Task Team,11701,St. Marys River:Bellevue Park Topsail Island,46.4952016,-84.297452,River/Stream,Field Msr/Obs,Surface Water,4/14/2024,Probe/Sensor,"Temperature, water",7,deg C
Sault Ste. Marie Water Rangers Task Team,11717,Upper Carp River:Upper Carp River at Creek Rd/Third Line W,46.5480272,-84.4551659,River/Stream,Field Msr/Obs,Surface Water,8/4/2024,,pH,7.2,None
Sault Ste. Marie Water Rangers Task Team,11705,Coldwater Creek:Lower Coldwater Creek Case Rd,46.5646992,-84.2689991,River/Stream,Field Msr/Obs,Surface Water,5/27/2024,Secchi Disk,Depth of water column,0.23,m
Sault Ste. Marie Water Rangers Task Team,11718,East Davignon Creek:East Davignon Creek Allens Side (N of 2nd Ln W),46.559108,-84.4037962,River/Stream,Field Msr/Obs,Surface Water,7/30/2024,Test strip,Chlorine,0,ppm
Sault Ste. Marie Water Rangers Task Team,11701,St. Marys River:Bellevue Park Topsail Island,46.4952016,-84.297452,River/Stream,Field Msr/Obs,Surface Water,7/15/2024,Probe/Sensor,"Temperature, air",26,deg C
Sault Ste. Marie Water Rangers Task Team,11706,Root River:Root River Fourth Line E,46.5672083,-84.3063569,River/Stream,Field Msr/Obs,Surface Water,8/11/2024,Test strip,"Alkalinity, total",0,mg/L
Sault Ste. Marie Water Rangers Task Team,11718,East Davignon Creek:East Davignon Creek Allens Side (N of 2nd Ln W),46.559108,-84.4037962,River/Stream,Field Msr/Obs,Surface Water,7/20/2024,Secchi Disk,Depth of water column,0.11,m
Sault Ste. Marie Water Rangers Task Team,11703,Root River:Root River Old Garden River,46.5629144,-84.2812943,River/Stream,Field Msr/Obs,Surface Water,8/12/2024,Test strip,Total hardness,0,mg/L
Sault Ste. Marie Water Rangers Task Team,11715,Little Carp River:Little Carp River Carpin Beach Rd,46.5097352,-84.4441581,River/Stream,Field Msr/Obs,Surface Water,8/11/2024,Secchi Disk,"Depth, Secchi disk depth",0.5,m
Sault Ste. Marie Water Rangers Task Team,11711,Duck pond:Bellevue Park duck pond,46.5004401,-84.2993188,Lake/Pond,Field Msr/Obs,Surface Water,7/29/2024,Probe/Sensor,"Temperature, air",24,deg C
Sault Ste. Marie Water Rangers Task Team,11716,Big Carp River:Big Carp River Herkimer Rd,46.5062632,-84.4498873,River/Stream,Field Msr/Obs,Surface Water,8/4/2024,Probe/Sensor,"Temperature, air",22,deg C
Sault Ste. Marie Water Rangers Task Team,11702,Cold Water Creek:Cold Water Creek at Old Garden River Road,46.5636057,-84.2783117,River/Stream,Field Msr/Obs,Surface Water,8/6/2024,Test strip,Chlorine,0,ppm
Sault Ste. Marie Water Rangers Task Team,11711,Duck pond:Bellevue Park duck pond,46.5004401,-84.2993188,Lake/Pond,Field Msr/Obs,Surface Water,6/7/2024,Probe/Sensor,Dissolved oxygen (DO),7,mg/L
Sault Ste. Marie Water Rangers Task Team,11712,Fort Creek:Fort Creek Channel at Carmen's Way,46.5363508,-84.3442512,River/Stream,Field Msr/Obs,Surface Water,7/8/2024,Probe/Sensor,Dissolved oxygen (DO),7,mg/L
Sault Ste. Marie Water Rangers Task Team,11701,St. Marys River:Bellevue Park Topsail Island,46.4952016,-84.297452,River/Stream,Field Msr/Obs,Surface Water,5/29/2024,,pH,6.4,None
Sault Ste. Marie Water Rangers Task Team,11717,Upper Carp River:Upper Carp River at Creek Rd/Third Line W,46.5480272,-84.4551659,River/Stream,Field Msr/Obs,Surface Water,6/15/2024,Test strip,Total hardness,0,mg/L
Sault Ste. Marie Water Rangers Task Team,11701,St. Marys River:Bellevue Park Topsail Island,46.4952016,-84.297452,River/Stream,Field Msr/Obs,Surface Water,4/7/2024,Probe/Sensor,Dissolved oxygen (DO),12,mg/L
Sault Ste. Marie Water Rangers Task Team,11717,Upper Carp River:Upper Carp River at Creek Rd/Third Line W,46.5480272,-84.4551659,River/Stream,Field Msr/Obs,Surface Water,8/17/2024,Probe/Sensor,Salinity,33,ppm
Sault Ste. Marie Water Rangers Task Team,11706,Root River:Root River Fourth Line E,46.5672083,-84.3063569,River/Stream,Field Msr/Obs,Surface Water,8/11/2024,Probe/Sensor,Conductivity,96,uS/cm
Sault Ste. Marie Water Rangers Task Team,11718,East Davignon Creek:East Davignon Creek Allens Side (N of 2nd Ln W),46.559108,-84.4037962,River/Stream,Field Msr/Obs,Surface Water,7/30/2024,,pH,7,None
Sault Ste. Marie Water Rangers Task Team,11701,St. Marys River:Bellevue Park Topsail Island,46.4952016,-84.297452,River/Stream,Field Msr/Obs,Surface Water,5/28/2024,Probe/Sensor,"Temperature, air",17,deg C
Sault Ste. Marie Water Rangers Task Team,11701,St. Marys River:Bellevue Park Topsail Island,46.4952016,-84.297452,River/Stream,Field Msr/Obs,Surface Water,5/29/2024,Probe/Sensor,"Temperature, air",9,deg C
Sault Ste. Marie Water Rangers Task Team,11706,Root River:Root River Fourth Line E,46.5672083,-84.3063569,River/Stream,Field Msr/Obs,Surface Water,6/22/2024,Probe/Sensor,"Temperature, water",16.7,deg C
Sault Ste. Marie Water Rangers Task Team,11704,Root River:Root River Wishart Park,46.5637702,-84.2936325,River/Stream,Field Msr/Obs,Surface Water,7/24/2024,Probe/Sensor,"Temperature, water",19.8,deg C
Sault Ste. Marie Water Rangers Task Team,11711,Duck pond:Bellevue Park duck pond,46.5004401,-84.2993188,Lake/Pond,Field Msr/Obs,Surface Water,7/19/2024,Test strip,"Alkalinity, total",60,mg/L
Sault Ste. Marie Water Rangers Task Team,11706,Root River:Root River Fourth Line E,46.5672083,-84.3063569,River/Stream,Field Msr/Obs,Surface Water,6/6/2024,Probe/Sensor,Dissolved oxygen (DO),9,mg/L
Sault Ste. Marie Water Rangers Task Team,11711,Duck pond:Bellevue Park duck pond,46.5004401,-84.2993188,Lake/Pond,Field Msr/Obs,Surface Water,8/3/2024,Test strip,Total hardness,200,mg/L
Sault Ste. Marie Water Rangers Task Team,11707,Root River Branch:Root River Branch Fourth Line E,46.5676351,-84.3005633,River/Stream,Field Msr/Obs,Surface Water,7/30/2024,Test strip,Total hardness,0,mg/L
Sault Ste. Marie Water Rangers Task Team,11713,East Davignon Creek:East Davignon Farwell Terrace (near Tim Hortons),46.5367668,-84.3616748,River/Stream,Field Msr/Obs,Surface Water,7/20/2024,Probe/Sensor,"Temperature, air",22,deg C
Sault Ste. Marie Water Rangers Task Team,11706,Root River:Root River Fourth Line E,46.5672083,-84.3063569,River/Stream,Field Msr/Obs,Surface Water,6/28/2024,,pH,7.2,None
Sault Ste. Marie Water Rangers Task Team,11705,Coldwater Creek:Lower Coldwater Creek Case Rd,46.5646992,-84.2689991,River/Stream,Field Msr/Obs,Surface Water,7/24/2024,Probe/Sensor,Dissolved oxygen (DO),9,mg/L
Sault Ste. Marie Water Rangers Task Team,11715,Little Carp River:Little Carp River Carpin Beach Rd,46.5097352,-84.4441581,River/Stream,Field Msr/Obs,Surface Water,8/17/2024,Probe/Sensor,"Temperature, air",20,deg C
Sault Ste. Marie Water Rangers Task Team,11712,Fort Creek:Fort Creek Channel at Carmen's Way,46.5363508,-84.3442512,River/Stream,Field Msr/Obs,Surface Water,8/9/2024,Secchi Disk,"Depth, Secchi disk depth",0.3,m
Sault Ste. Marie Water Rangers Task Team,11704,Root River:Root River Wishart Park,46.5637702,-84.2936325,River/Stream,Field Msr/Obs,Surface Water,7/24/2024,Test strip,Chlorine,0,ppm
Sault Ste. Marie Water Rangers Task Team,11709,Canon Creek:Canon Creek Old Goulais Bay Rd,46.5915743,-84.3430281,River/Stream,Field Msr/Obs,Surface Water,8/7/2024,Probe/Sensor,Conductivity,54,uS/cm
Sault Ste. Marie Water Rangers Task Team,11712,Fort Creek:Fort Creek Channel at Carmen's Way,46.5363508,-84.3442512,River/Stream,Field Msr/Obs,Surface Water,6/23/2024,,pH,7.6,None
Sault Ste. Marie Water Rangers Task Team,11709,Canon Creek:Canon Creek Old Goulais Bay Rd,46.5915743,-84.3430281,River/Stream,Field Msr/Obs,Surface Water,8/7/2024,Probe/Sensor,Dissolved oxygen (DO),6,mg/L
Sault Ste. Marie Water Rangers Task Team,11701,St. Marys River:Bellevue Park Topsail Island,46.4952016,-84.297452,River/Stream,Field Msr/Obs,Surface Water,4/20/2024,Test strip,"Alkalinity, total",0,mg/L
Sault Ste. Marie Water Rangers Task Team,11712,Fort Creek:Fort Creek Channel at Carmen's Way,46.5363508,-84.3442512,River/Stream,Field Msr/Obs,Surface Water,7/8/2024,Probe/Sensor,"Temperature, water",22,deg C
Sault Ste. Marie Water Rangers Task Team,11706,Root River:Root River Fourth Line E,46.5672083,-84.3063569,River/Stream,Field Msr/Obs,Surface Water,6/6/2024,,pH,7.3,None
Sault Ste. Marie Water Rangers Task Team,11708,Root River:Root River off Hwy 17 N (near Teen Challenge),46.5717047,-84.3206692,River/Stream,Field Msr/Obs,Surface Water,7/24/2024,Test strip,"Alkalinity, total",40,mg/L
Sault Ste. Marie Water Rangers Task Team,11701,St. Marys River:Bellevue Park Topsail Island,46.4952016,-84.297452,River/Stream,Field Msr/Obs,Surface Water,4/5/2024,Probe/Sensor,"Temperature, water",3.6,deg C
Sault Ste. Marie Water Rangers Task Team,11705,Coldwater Creek:Lower Coldwater Creek Case Rd,46.5646992,-84.2689991,River/Stream,Field Msr/Obs,Surface Water,7/7/2024,Test strip,"Alkalinity, total",20,mg/L
Sault Ste. Marie Water Rangers Task Team,11714,West Davignon Creek:West Davignon Brookfield Ave,46.5307892,-84.3968654,River/Stream,Field Msr/Obs,Surface Water,7/12/2024,Probe/Sensor,Dissolved oxygen (DO),7,mg/L
Sault Ste. Marie Water Rangers Task Team,11713,East Davignon Creek:East Davignon Farwell Terrace (near Tim Hortons),46.5367668,-84.3616748,River/Stream,Field Msr/Obs,Surface Water,7/7/2024,Probe/Sensor,Conductivity,149,uS/cm
Sault Ste. Marie Water Rangers Task Team,11701,St. Marys River:Bellevue Park Topsail Island,46.4952016,-84.297452,River/Stream,Field Msr/Obs,Surface Water,5/29/2024,Probe/Sensor,"Temperature, air",9,deg C
Sault Ste. Marie Water Rangers Task Team,11715,Little Carp River:Little Carp River Carpin Beach Rd,46.5097352,-84.4441581,River/Stream,Field Msr/Obs,Surface Water,8/4/2024,Probe/Sensor,"Temperature, water",19.9,deg C
Sault Ste. Marie Water Rangers Task Team,11715,Little Carp River:Little Carp River Carpin Beach Rd,46.5097352,-84.4441581,River/Stream,Field Msr/Obs,Surface Water,8/11/2024,Probe/Sensor,Salinity,63,ppm
Sault Ste. Marie Water Rangers Task Team,11705,Coldwater Creek:Lower Coldwater Creek Case Rd,46.5646992,-84.2689991,River/Stream,Field Msr/Obs,Surface Water,6/28/2024,Test strip,"Alkalinity, total",0,mg/L
Sault Ste. Marie Water Rangers Task Team,11718,East Davignon Creek:East Davignon Creek Allens Side (N of 2nd Ln W),46.559108,-84.4037962,River/Stream,Field Msr/Obs,Surface Water,6/15/2024,Test strip,Total hardness,0,mg/L
Sault Ste. Marie Water Rangers Task Team,11707,Root River Branch:Root River Branch Fourth Line E,46.5676351,-84.3005633,River/Stream,Field Msr/Obs,Surface Water,8/11/2024,Probe/Sensor,"Temperature, air",20,deg C
Sault Ste. Marie Water Rangers Task Team,11701,St. Marys River:Bellevue Park Topsail Island,46.4952016,-84.297452,River/Stream,Field Msr/Obs,Surface Water,8/6/2024,Probe/Sensor,"Temperature, air",9,deg C
Sault Ste. Marie Water Rangers Task Team,11718,East Davignon Creek:East Davignon Creek Allens Side (N of 2nd Ln W),46.559108,-84.4037962,River/Stream,Field Msr/Obs,Surface Water,8/17/2024,Test strip,"Alkalinity, total",20,mg/L
Sault Ste. Marie Water Rangers Task Team,11709,Canon Creek:Canon Creek Old Goulais Bay Rd,46.5915743,-84.3430281,River/Stream,Field Msr/Obs,Surface Water,7/20/2024,Probe/Sensor,Dissolved oxygen (DO),5,mg/L
Sault Ste. Marie Water Rangers Task Team,11717,Upper Carp River:Upper Carp River at Creek Rd/Third Line W,46.5480272,-84.4551659,River/Stream,Field Msr/Obs,Surface Water,7/25/2024,Secchi Disk,Depth of water column,0.16,m
Sault Ste. Marie Water Rangers Task Team,11715,Little Carp River:Little Carp River Carpin Beach Rd,46.5097352,-84.4441581,River/Stream,Field Msr/Obs,Surface Water,6/8/2024,Test strip,Chlorine,0,ppm
Sault Ste. Marie Water Rangers Task Team,11701,St. Marys River:Bellevue Park Topsail Island,46.4952016,-84.297452,River/Stream,Field Msr/Obs,Surface Water,7/29/2024,Probe/Sensor,"Temperature, air",26,deg C
Sault Ste. Marie Water Rangers Task Team,11717,Upper Carp River:Upper Carp River at Creek Rd/Third Line W,46.5480272,-84.4551659,River/Stream,Field Msr/Obs,Surface Water,8/4/2024,Test strip,"Alkalinity, total",20,mg/L
Sault Ste. Marie Water Rangers Task Team,11709,Canon Creek:Canon Creek Old Goulais Bay Rd,46.5915743,-84.3430281,River/Stream,Field Msr/Obs,Surface Water,8/7/2024,Secchi Disk,Depth of water column,0.12,m
Sault Ste. Marie Water Rangers Task Team,11701,St. Marys River:Bellevue Park Topsail Island,46.4952016,-84.297452,River/Stream,Field Msr/Obs,Surface Water,6/7/2024,Probe/Sensor,Conductivity,112,uS/cm
Sault Ste. Marie Water Rangers Task Team,11717,Upper Carp River:Upper Carp River at Creek Rd/Third Line W,46.5480272,-84.4551659,River/Stream,Field Msr/Obs,Surface Water,6/8/2024,Probe/Sensor,"Temperature, air",15,deg C
Sault Ste. Marie Water Rangers Task Team,11701,St. Marys River:Bellevue Park Topsail Island,46.4952016,-84.297452,River/Stream,Field Msr/Obs,Surface Water,5/29/2024,Test strip,Chlorine,0,ppm
Sault Ste. Marie Water Rangers Task Team,11708,Root River:Root River off Hwy 17 N (near Teen Challenge),46.5717047,-84.3206692,River/Stream,Field Msr/Obs,Surface Water,7/24/2024,Probe/Sensor,"Temperature, air",21,deg C
Sault Ste. Marie Water Rangers Task Team,11718,East Davignon Creek:East Davignon Creek Allens Side (N of 2nd Ln W),46.559108,-84.4037962,River/Stream,Field Msr/Obs,Surface Water,7/30/2024,Probe/Sensor,Dissolved oxygen (DO),7,mg/L
Sault Ste. Marie Water Rangers Task Team,11714,West Davignon Creek:West Davignon Brookfield Ave,46.5307892,-84.3968654,River/Stream,Field Msr/Obs,Surface Water,7/5/2024,Probe/Sensor,"Temperature, air",20,deg C
Sault Ste. Marie Water Rangers Task Team,11717,Upper Carp River:Upper Carp River at Creek Rd/Third Line W,46.5480272,-84.4551659,River/Stream,Field Msr/Obs,Surface Water,6/15/2024,Probe/Sensor,"Temperature, air",17,deg C
Sault Ste. Marie Water Rangers Task Team,11714,West Davignon Creek:West Davignon Brookfield Ave,46.5307892,-84.3968654,River/Stream,Field Msr/Obs,Surface Water,6/14/2024,Secchi Disk,Depth of water column,0.3,m
Sault Ste. Marie Water Rangers Task Team,11718,East Davignon Creek:East Davignon Creek Allens Side (N of 2nd Ln W),46.559108,-84.4037962,River/Stream,Field Msr/Obs,Surface Water,6/15/2024,Test strip,Chlorine,0,ppm
Sault Ste. Marie Water Rangers Task Team,11705,Coldwater Creek:Lower Coldwater Creek Case Rd,46.5646992,-84.2689991,River/Stream,Field Msr/Obs,Surface Water,6/21/2024,Probe/Sensor,"Temperature, air",21,deg C
Sault Ste. Marie Water Rangers Task Team,11705,Coldwater Creek:Lower Coldwater Creek Case Rd,46.5646992,-84.2689991,River/Stream,Field Msr/Obs,Surface Water,6/21/2024,Test strip,Total hardness,0,mg/L
Sault Ste. Marie Water Rangers Task Team,11715,Little Carp River:Little Carp River Carpin Beach Rd,46.5097352,-84.4441581,River/Stream,Field Msr/Obs,Surface Water,6/14/2024,Test strip,Chlorine,0,ppm
Sault Ste. Marie Water Rangers Task Team,11718,East Davignon Creek:East Davignon Creek Allens Side (N of 2nd Ln W),46.559108,-84.4037962,River/Stream,Field Msr/Obs,Surface Water,7/19/2024,Probe/Sensor,"Temperature, water",17.6,deg C
Sault Ste. Marie Water Rangers Task Team,11711,Duck pond:Bellevue Park duck pond,46.5004401,-84.2993188,Lake/Pond,Field Msr/Obs,Surface Water,7/15/2024,Probe/Sensor,"Temperature, water",26.1,deg C
Sault Ste. Marie Water Rangers Task Team,11712,Fort Creek:Fort Creek Channel at Carmen's Way,46.5363508,-84.3442512,River/Stream,Field Msr/Obs,Surface Water,7/24/2024,Test strip,Total hardness,50,mg/L
Sault Ste. Marie Water Rangers Task Team,11704,Root River:Root River Wishart Park,46.5637702,-84.2936325,River/Stream,Field Msr/Obs,Surface Water,7/20/2024,Probe/Sensor,Conductivity,101,uS/cm
Sault Ste. Marie Water Rangers Task Team,11712,Fort Creek:Fort Creek Channel at Carmen's Way,46.5363508,-84.3442512,River/Stream,Field Msr/Obs,Surface Water,8/2/2024,Probe/Sensor,"Temperature, air",28,deg C
Sault Ste. Marie Water Rangers Task Team,11714,West Davignon Creek:West Davignon Brookfield Ave,46.5307892,-84.3968654,River/Stream,Field Msr/Obs,Surface Water,7/12/2024,,pH,7.3,None
Sault Ste. Marie Water Rangers Task Team,11701,St. Marys River:Bellevue Park Topsail Island,46.4952016,-84.297452,River/Stream,Field Msr/Obs,Surface Water,4/26/2024,Test strip,Chlorine,0,ppm
Sault Ste. Marie Water Rangers Task Team,11714,West Davignon Creek:West Davignon Brookfield Ave,46.5307892,-84.3968654,River/Stream,Field Msr/Obs,Surface Water,7/19/2024,Test strip,Chlorine,0,ppm
Sault Ste. Marie Water Rangers Task Team,11715,Little Carp River:Little Carp River Carpin Beach Rd,46.5097352,-84.4441581,River/Stream,Field Msr/Obs,Surface Water,6/14/2024,Probe/Sensor,Conductivity,124,uS/cm
Sault Ste. Marie Water Rangers Task Team,11712,Fort Creek:Fort Creek Channel at Carmen's Way,46.5363508,-84.3442512,River/Stream,Field Msr/Obs,Surface Water,8/14/2024,Probe/Sensor,Dissolved oxygen (DO),8,mg/L
Sault Ste. Marie Water Rangers Task Team,11717,Upper Carp River:Upper Carp River at Creek Rd/Third Line W,46.5480272,-84.4551659,River/Stream,Field Msr/Obs,Surface Water,7/25/2024,Probe/Sensor,Conductivity,52,uS/cm
Sault Ste. Marie Water Rangers Task Team,11711,Duck pond:Bellevue Park duck pond,46.5004401,-84.2993188,Lake/Pond,Field Msr/Obs,Surface Water,7/15/2024,Probe/Sensor,Conductivity,184,uS/cm
Sault Ste. Marie Water Rangers Task Team,11717,Upper Carp River:Upper Carp River at Creek Rd/Third Line W,46.5480272,-84.4551659,River/Stream,Field Msr/Obs,Surface Water,8/17/2024,Test strip,"Alkalinity, total",40,mg/L
Sault Ste. Marie Water Rangers Task Team,11706,Root River:Root River Fourth Line E,46.5672083,-84.3063569,River/Stream,Field Msr/Obs,Surface Water,6/22/2024,Probe/Sensor,"Temperature, air",16.1,deg C
Sault Ste. Marie Water Rangers Task Team,11701,St. Marys River:Bellevue Park Topsail Island,46.4952016,-84.297452,River/Stream,Field Msr/Obs,Surface Water,4/26/2024,Test strip,Chlorine,0,ppm
Sault Ste. Marie Water Rangers Task Team,11705,Coldwater Creek:Lower Coldwater Creek Case Rd,46.5646992,-84.2689991,River/Stream,Field Msr/Obs,Surface Water,7/24/2024,,pH,7.8,None
Sault Ste. Marie Water Rangers Task Team,11716,Big Carp River:Big Carp River Herkimer Rd,46.5062632,-84.4498873,River/Stream,Field Msr/Obs,Surface Water,8/11/2024,Secchi Disk,Depth of water column,1.22,m
Sault Ste. Marie Water Rangers Task Team,11712,Fort Creek:Fort Creek Channel at Carmen's Way,46.5363508,-84.3442512,River/Stream,Field Msr/Obs,Surface Water,6/23/2024,Probe/Sensor,"Temperature, water",19.3,deg C
Sault Ste. Marie Water Rangers Task Team,11714,West Davignon Creek:West Davignon Brookfield Ave,46.5307892,-84.3968654,River/Stream,Field Msr/Obs,Surface Water,8/11/2024,Test strip,"Alkalinity, total",40,mg/L
Sault Ste. Marie Water Rangers Task Team,11704,Root River:Root River Wishart Park,46.5637702,-84.2936325,River/Stream,Field Msr/Obs,Surface Water,8/14/2024,Probe/Sensor,"Temperature, air",25,deg C
Sault Ste. Marie Water Rangers Task Team,11712,Fort Creek:Fort Creek Channel at Carmen's Way,46.5363508,-84.3442512,River/Stream,Field Msr/Obs,Surface Water,8/2/2024,Test strip,Total hardness,160,mg/L
Sault Ste. Marie Water Rangers Task Team,11710,Root River:Root River Hwy 17E,46.5459338,-84.2184019,River/Stream,Field Msr/Obs,Surface Water,7/30/2024,Test strip,Chlorine,0,ppm
Sault Ste. Marie Water Rangers Task Team,11706,Root River:Root River Fourth Line E,46.5672083,-84.3063569,River/Stream,Field Msr/Obs,Surface Water,7/24/2024,Probe/Sensor,"Temperature, air",18,deg C
Sault Ste. Marie Water Rangers Task Team,11705,Coldwater Creek:Lower Coldwater Creek Case Rd,46.5646992,-84.2689991,River/Stream,Field Msr/Obs,Surface Water,7/24/2024,Secchi Disk,Depth of water column,0.47,m
Sault Ste. Marie Water Rangers Task Team,11713,East Davignon Creek:East Davignon Farwell Terrace (near Tim Hortons),46.5367668,-84.3616748,River/Stream,Field Msr/Obs,Surface Water,8/2/2024,Probe/Sensor,"Temperature, water",22,deg C
Sault Ste. Marie Water Rangers Task Team,11712,Fort Creek:Fort Creek Channel at Carmen's Way,46.5363508,-84.3442512,River/Stream,Field Msr/Obs,Surface Water,8/9/2024,Test strip,"Alkalinity, total",60,mg/L
Sault Ste. Marie Water Rangers Task Team,11704,Root River:Root River Wishart Park,46.5637702,-84.2936325,River/Stream,Field Msr/Obs,Surface Water,7/24/2024,Probe/Sensor,"Temperature, air",20,deg C
Sault Ste. Marie Water Rangers Task Team,11701,St. Marys River:Bellevue Park Topsail Island,46.4952016,-84.297452,River/Stream,Field Msr/Obs,Surface Water,6/21/2024,,pH,7.5,None
Sault Ste. Marie Water Rangers Task Team,11718,East Davignon Creek:East Davignon Creek Allens Side (N of 2nd Ln W),46.559108,-84.4037962,River/Stream,Field Msr/Obs,Surface Water,6/22/2024,Probe/Sensor,"Temperature, water",14.5,deg C
Sault Ste. Marie Water Rangers Task Team,11705,Coldwater Creek:Lower Coldwater Creek Case Rd,46.5646992,-84.2689991,River/Stream,Field Msr/Obs,Surface Water,6/14/2024,Probe/Sensor,Dissolved oxygen (DO),9,mg/L
Sault Ste. Marie Water Rangers Task Team,11701,St. Marys River:Bellevue Park Topsail Island,46.4952016,-84.297452,River/Stream,Field Msr/Obs,Surface Water,5/28/2024,Test strip,Total hardness,0,mg/L
Sault Ste. Marie Water Rangers Task Team,11715,Little Carp River:Little Carp River Carpin Beach Rd,46.5097352,-84.4441581,River/Stream,Field Msr/Obs,Surface Water,6/8/2024,Secchi Disk,Depth of water column,0.35,m
Sault Ste. Marie Water Rangers Task Team,11713,East Davignon Creek:East Davignon Farwell Terrace (near Tim Hortons),46.5367668,-84.3616748,River/Stream,Field Msr/Obs,Surface Water,8/2/2024,,pH,7.6,None
Sault Ste. Marie Water Rangers Task Team,11718,East Davignon Creek:East Davignon Creek Allens Side (N of 2nd Ln W),46.559108,-84.4037962,River/Stream,Field Msr/Obs,Surface Water,7/20/2024,Probe/Sensor,Dissolved oxygen (DO),7,mg/L
Sault Ste. Marie Water Rangers Task Team,11709,Canon Creek:Canon Creek Old Goulais Bay Rd,46.5915743,-84.3430281,River/Stream,Field Msr/Obs,Surface Water,7/20/2024,Probe/Sensor,Salinity,27,ppm
Sault Ste. Marie Water Rangers Task Team,11708,Root River:Root River off Hwy 17 N (near Teen Challenge),46.5717047,-84.3206692,River/Stream,Field Msr/Obs,Surface Water,7/24/2024,Probe/Sensor,Salinity,43,ppm
Sault Ste. Marie Water Rangers Task Team,11705,Coldwater Creek:Lower Coldwater Creek Case Rd,46.5646992,-84.2689991,River/Stream,Field Msr/Obs,Surface Water,7/28/2024,,pH,7.6,None
Sault Ste. Marie Water Rangers Task Team,11701,St. Marys River:Bellevue Park Topsail Island,46.4952016,-84.297452,River/Stream,Field Msr/Obs,Surface Water,5/29/2024,Test strip,Chlorine,0,ppm
Sault Ste. Marie Water Rangers Task Team,11714,West Davignon Creek:West Davignon Brookfield Ave,46.5307892,-84.3968654,River/Stream,Field Msr/Obs,Surface Water,7/12/2024,Probe/Sensor,"Temperature, water",23.2,deg C
Sault Ste. Marie Water Rangers Task Team,11718,East Davignon Creek:East Davignon Creek Allens Side (N of 2nd Ln W),46.559108,-84.4037962,River/Stream,Field Msr/Obs,Surface Water,7/5/2024,Probe/Sensor,"Temperature, air",18,deg C
Sault Ste. Marie Water Rangers Task Team,11705,Coldwater Creek:Lower Coldwater Creek Case Rd,46.5646992,-84.2689991,River/Stream,Field Msr/Obs,Surface Water,7/7/2024,Secchi Disk,Depth of water column,0.3,m
Sault Ste. Marie Water Rangers Task Team,11704,Root River:Root River Wishart Park,46.5637702,-84.2936325,River/Stream,Field Msr/Obs,Surface Water,7/20/2024,Probe/Sensor,"Temperature, water",20.6,deg C
Sault Ste. Marie Water Rangers Task Team,11713,East Davignon Creek:East Davignon Farwell Terrace (near Tim Hortons),46.5367668,-84.3616748,River/Stream,Field Msr/Obs,Surface Water,6/23/2024,,pH,7.4,None
Sault Ste. Marie Water Rangers Task Team,11708,Root River:Root River off Hwy 17 N (near Teen Challenge),46.5717047,-84.3206692,River/Stream,Field Msr/Obs,Surface Water,7/24/2024,,pH,7,None
Sault Ste. Marie Water Rangers Task Team,11701,St. Marys River:Bellevue Park Topsail Island,46.4952016,-84.297452,River/Stream,Field Msr/Obs,Surface Water,7/15/2024,Probe/Sensor,"Temperature, water",21.9,deg C
Sault Ste. Marie Water Rangers Task Team,11714,West Davignon Creek:West Davignon Brookfield Ave,46.5307892,-84.3968654,River/Stream,Field Msr/Obs,Surface Water,6/14/2024,Probe/Sensor,"Temperature, air",18,deg C
Sault Ste. Marie Water Rangers Task Team,11707,Root River Branch:Root River Branch Fourth Line E,46.5676351,-84.3005633,River/Stream,Field Msr/Obs,Surface Water,8/11/2024,,pH,7.8,None
Sault Ste. Marie Water Rangers Task Team,11717,Upper Carp River:Upper Carp River at Creek Rd/Third Line W,46.5480272,-84.4551659,River/Stream,Field Msr/Obs,Surface Water,8/17/2024,Test strip,Total hardness,0,mg/L
Sault Ste. Marie Water Rangers Task Team,11706,Root River:Root River Fourth Line E,46.5672083,-84.3063569,River/Stream,Field Msr/Obs,Surface Water,6/14/2024,,pH,6.4,None
Sault Ste. Marie Water Rangers Task Team,11705,Coldwater Creek:Lower Coldwater Creek Case Rd,46.5646992,-84.2689991,River/Stream,Field Msr/Obs,Surface Water,7/7/2024,Probe/Sensor,Conductivity,26,uS/cm
Sault Ste. Marie Water Rangers Task Team,11713,East Davignon Creek:East Davignon Farwell Terrace (near Tim Hortons),46.5367668,-84.3616748,River/Stream,Field Msr/Obs,Surface Water,7/20/2024,Test strip,"Alkalinity, total",80,mg/L
Sault Ste. Marie Water Rangers Task Team,11701,St. Marys River:Bellevue Park Topsail Island,46.4952016,-84.297452,River/Stream,Field Msr/Obs,Surface Water,4/26/2024,Probe/Sensor,"Temperature, water",7.8,deg C
Sault Ste. Marie Water Rangers Task Team,11701,St. Marys River:Bellevue Park Topsail Island,46.4952016,-84.297452,River/Stream,Field Msr/Obs,Surface Water,4/7/2024,Probe/Sensor,Conductivity,125,uS/cm
Sault Ste. Marie Water Rangers Task Team,11718,East Davignon Creek:East Davignon Creek Allens Side (N of 2nd Ln W),46.559108,-84.4037962,River/Stream,Field Msr/Obs,Surface Water,8/17/2024,,pH,7,None
Sault Ste. Marie Water Rangers Task Team,11718,East Davignon Creek:East Davignon Creek Allens Side (N of 2nd Ln W),46.559108,-84.4037962,River/Stream,Field Msr/Obs,Surface Water,6/15/2024,Probe/Sensor,"Temperature, air",18,deg C
Sault Ste. Marie Water Rangers Task Team,11706,Root River:Root River Fourth Line E,46.5672083,-84.3063569,River/Stream,Field Msr/Obs,Surface Water,6/14/2024,Secchi Disk,Depth of water column,0.67,m
Sault Ste. Marie Water Rangers Task Team,11706,Root River:Root River Fourth Line E,46.5672083,-84.3063569,River/Stream,Field Msr/Obs,Surface Water,8/11/2024,Test strip,Total hardness,0,mg/L
Sault Ste. Marie Water Rangers Task Team,11718,East Davignon Creek:East Davignon Creek Allens Side (N of 2nd Ln W),46.559108,-84.4037962,River/Stream,Field Msr/Obs,Surface Water,7/19/2024,Test strip,Total hardness,0,mg/L
Sault Ste. Marie Water Rangers Task Team,11707,Root River Branch:Root River Branch Fourth Line E,46.5676351,-84.3005633,River/Stream,Field Msr/Obs,Surface Water,8/11/2024,Probe/Sensor,Dissolved oxygen (DO),8,mg/L
Sault Ste. Marie Water Rangers Task Team,11705,Coldwater Creek:Lower Coldwater Creek Case Rd,46.5646992,-84.2689991,River/Stream,Field Msr/Obs,Surface Water,6/28/2024,Probe/Sensor,Dissolved oxygen (DO),7,mg/L
Sault Ste. Marie Water Rangers Task Team,11701,St. Marys River:Bellevue Park Topsail Island,46.4952016,-84.297452,River/Stream,Field Msr/Obs,Surface Water,7/24/2024,Probe/Sensor,"Temperature, air",17,deg C
Sault Ste. Marie Water Rangers Task Team,11701,St. Marys River:Bellevue Park Topsail Island,46.4952016,-84.297452,River/Stream,Field Msr/Obs,Surface Water,8/3/2024,Probe/Sensor,Dissolved oxygen (DO),7,mg/L
Sault Ste. Marie Water Rangers Task Team,11705,Coldwater Creek:Lower Coldwater Creek Case Rd,46.5646992,-84.2689991,River/Stream,Field Msr/Obs,Surface Water,5/27/2024,Probe/Sensor,"Temperature, water",18,deg C
Sault Ste. Marie Water Rangers Task Team,11703,Root River:Root River Old Garden River,46.5629144,-84.2812943,River/Stream,Field Msr/Obs,Surface Water,8/6/2024,,pH,7.5,None
Sault Ste. Marie Water Rangers Task Team,11705,Coldwater Creek:Lower Coldwater Creek Case Rd,46.5646992,-84.2689991,River/Stream,Field Msr/Obs,Surface Water,8/12/2024,Test strip,"Alkalinity, total",0,mg/L
Sault Ste. Marie Water Rangers Task Team,11717,Upper Carp River:Upper Carp River at Creek Rd/Third Line W,46.5480272,-84.4551659,River/Stream,Field Msr/Obs,Surface Water,7/25/2024,,pH,7,None
Sault Ste. Marie Water Rangers Task Team,11711,Duck pond:Bellevue Park duck pond,46.5004401,-84.2993188,Lake/Pond,Field Msr/Obs,Surface Water,8/3/2024,Test strip,"Alkalinity, total",100,mg/L
Sault Ste. Marie Water Rangers Task Team,11714,West Davignon Creek:West Davignon Brookfield Ave,46.5307892,-84.3968654,River/Stream,Field Msr/Obs,Surface Water,7/12/2024,Test strip,Chlorine,0,ppm
Sault Ste. Marie Water Rangers Task Team,11718,East Davignon Creek:East Davignon Creek Allens Side (N of 2nd Ln W),46.559108,-84.4037962,River/Stream,Field Msr/Obs,Surface Water,6/29/2024,Probe/Sensor,"Temperature, air",17,deg C
Sault Ste. Marie Water Rangers Task Team,11701,St. Marys River:Bellevue Park Topsail Island,46.4952016,-84.297452,River/Stream,Field Msr/Obs,Surface Water,6/21/2024,Probe/Sensor,Dissolved oxygen (DO),9,mg/L
Sault Ste. Marie Water Rangers Task Team,11713,East Davignon Creek:East Davignon Farwell Terrace (near Tim Hortons),46.5367668,-84.3616748,River/Stream,Field Msr/Obs,Surface Water,7/7/2024,Probe/Sensor,"Temperature, water",21.1,deg C
Sault Ste. Marie Water Rangers Task Team,11717,Upper Carp River:Upper Carp River at Creek Rd/Third Line W,46.5480272,-84.4551659,River/Stream,Field Msr/Obs,Surface Water,6/15/2024,Probe/Sensor,Conductivity,58,uS/cm
Sault Ste. Marie Water Rangers Task Team,11715,Little Carp River:Little Carp River Carpin Beach Rd,46.5097352,-84.4441581,River/Stream,Field Msr/Obs,Surface Water,8/4/2024,Test strip,Total hardness,0,mg/L
Sault Ste. Marie Water Rangers Task Team,11709,Canon Creek:Canon Creek Old Goulais Bay Rd,46.5915743,-84.3430281,River/Stream,Field Msr/Obs,Surface Water,7/24/2024,,pH,6.6,None
Sault Ste. Marie Water Rangers Task Team,11718,East Davignon Creek:East Davignon Creek Allens Side (N of 2nd Ln W),46.559108,-84.4037962,River/Stream,Field Msr/Obs,Surface Water,7/19/2024,Probe/Sensor,Conductivity,73,uS/cm
Sault Ste. Marie Water Rangers Task Team,11702,Cold Water Creek:Cold Water Creek at Old Garden River Road,46.5636057,-84.2783117,River/Stream,Field Msr/Obs,Surface Water,8/12/2024,Probe/Sensor,"Temperature, air",18,deg C
Sault Ste. Marie Water Rangers Task Team,11718,East Davignon Creek:East Davignon Creek Allens Side (N of 2nd Ln W),46.559108,-84.4037962,River/Stream,Field Msr/Obs,Surface Water,7/12/2024,,pH,7.2,None
Sault Ste. Marie Water Rangers Task Team,11704,Root River:Root River Wishart Park,46.5637702,-84.2936325,River/Stream,Field Msr/Obs,Surface Water,8/14/2024,Test strip,"Alkalinity, total",20,mg/L
Sault Ste. Marie Water Rangers Task Team,11706,Root River:Root River Fourth Line E,46.5672083,-84.3063569,River/Stream,Field Msr/Obs,Surface Water,6/14/2024,Test strip,Total hardness,0,mg/L
Sault Ste. Marie Water Rangers Task Team,11701,St. Marys River:Bellevue Park Topsail Island,46.4952016,-84.297452,River/Stream,Field Msr/Obs,Surface Water,4/26/2024,,pH,6.6,None
Sault Ste. Marie Water Rangers Task Team,11715,Little Carp River:Little Carp River Carpin Beach Rd,46.5097352,-84.4441581,River/Stream,Field Msr/Obs,Surface Water,6/8/2024,,pH,7.5,None
Sault Ste. Marie Water Rangers Task Team,11705,Coldwater Creek:Lower Coldwater Creek Case Rd,46.5646992,-84.2689991,River/Stream,Field Msr/Obs,Surface Water,6/14/2024,Probe/Sensor,Conductivity,71,uS/cm
Sault Ste. Marie Water Rangers Task Team,11707,Root River Branch:Root River Branch Fourth Line E,46.5676351,-84.3005633,River/Stream,Field Msr/Obs,Surface Water,7/30/2024,Probe/Sensor,"Temperature, air",24,deg C
Sault Ste. Marie Water Rangers Task Team,11704,Root River:Root River Wishart Park,46.5637702,-84.2936325,River/Stream,Field Msr/Obs,Surface Water,8/8/2024,,pH,7.2,None
Sault Ste. Marie Water Rangers Task Team,11709,Canon Creek:Canon Creek Old Goulais Bay Rd,46.5915743,-84.3430281,River/Stream,Field Msr/Obs,Surface Water,7/20/2024,,pH,6.8,None
Sault Ste. Marie Water Rangers Task Team,11714,West Davignon Creek:West Davignon Brookfield Ave,46.5307892,-84.3968654,River/Stream,Field Msr/Obs,Surface Water,8/11/2024,,pH,7.5,None
Sault Ste. Marie Water Rangers Task Team,11706,Root River:Root River Fourth Line E,46.5672083,-84.3063569,River/Stream,Field Msr/Obs,Surface Water,6/14/2024,Probe/Sensor,Conductivity,93,uS/cm
Sault Ste. Marie Water Rangers Task Team,11715,Little Carp River:Little Carp River Carpin Beach Rd,46.5097352,-84.4441581,River/Stream,Field Msr/Obs,Surface Water,8/17/2024,Probe/Sensor,Conductivity,113,uS/cm
Sault Ste. Marie Water Rangers Task Team,11718,East Davignon Creek:East Davignon Creek Allens Side (N of 2nd Ln W),46.559108,-84.4037962,River/Stream,Field Msr/Obs,Surface Water,6/22/2024,Test strip,"Alkalinity, total",0,mg/L
Sault Ste. Marie Water Rangers Task Team,11715,Little Carp River:Little Carp River Carpin Beach Rd,46.5097352,-84.4441581,River/Stream,Field Msr/Obs,Surface Water,6/14/2024,Test strip,"Alkalinity, total",0,mg/L
Sault Ste. Marie Water Rangers Task Team,11713,East Davignon Creek:East Davignon Farwell Terrace (near Tim Hortons),46.5367668,-84.3616748,River/Stream,Field Msr/Obs,Surface Water,8/9/2024,Probe/Sensor,Dissolved oxygen (DO),8,mg/L
Sault Ste. Marie Water Rangers Task Team,11701,St. Marys River:Bellevue Park Topsail Island,46.4952016,-84.297452,River/Stream,Field Msr/Obs,Surface Water,4/14/2024,Probe/Sensor,Dissolved oxygen (DO),12,mg/L
Sault Ste. Marie Water Rangers Task Team,11713,East Davignon Creek:East Davignon Farwell Terrace (near Tim Hortons),46.5367668,-84.3616748,River/Stream,Field Msr/Obs,Surface Water,8/14/2024,Probe/Sensor,Conductivity,229,uS/cm
Sault Ste. Marie Water Rangers Task Team,11701,St. Marys River:Bellevue Park Topsail Island,46.4952016,-84.297452,River/Stream,Field Msr/Obs,Surface Water,5/29/2024,Probe/Sensor,Conductivity,101,uS/cm
Sault Ste. Marie Water Rangers Task Team,11712,Fort Creek:Fort Creek Channel at Carmen's Way,46.5363508,-84.3442512,River/Stream,Field Msr/Obs,Surface Water,7/24/2024,,pH,7.8,None
Sault Ste. Marie Water Rangers Task Team,11714,West Davignon Creek:West Davignon Brookfield Ave,46.5307892,-84.3968654,River/Stream,Field Msr/Obs,Surface Water,7/5/2024,Test strip,"Alkalinity, total",0,mg/L
Sault Ste. Marie Water Rangers Task Team,11705,Coldwater Creek:Lower Coldwater Creek Case Rd,46.5646992,-84.2689991,River/Stream,Field Msr/Obs,Surface Water,7/7/2024,Probe/Sensor,Dissolved oxygen (DO),8,mg/L
Sault Ste. Marie Water Rangers Task Team,11712,Fort Creek:Fort Creek Channel at Carmen's Way,46.5363508,-84.3442512,River/Stream,Field Msr/Obs,Surface Water,8/9/2024,Probe/Sensor,"Temperature, air",17,deg C
Sault Ste. Marie Water Rangers Task Team,11718,East Davignon Creek:East Davignon Creek Allens Side (N of 2nd Ln W),46.559108,-84.4037962,River/Stream,Field Msr/Obs,Surface Water,7/19/2024,Secchi Disk,Depth of water column,0.17,m
Sault Ste. Marie Water Rangers Task Team,11715,Little Carp River:Little Carp River Carpin Beach Rd,46.5097352,-84.4441581,River/Stream,Field Msr/Obs,Surface Water,8/11/2024,Secchi Disk,Depth of water column,0.45,m
Sault Ste. Marie Water Rangers Task Team,11701,St. Marys River:Bellevue Park Topsail Island,46.4952016,-84.297452,River/Stream,Field Msr/Obs,Surface Water,3/27/2024,,pH,6.8,None
Sault Ste. Marie Water Rangers Task Team,11718,East Davignon Creek:East Davignon Creek Allens Side (N of 2nd Ln W),46.559108,-84.4037962,River/Stream,Field Msr/Obs,Surface Water,7/5/2024,Test strip,Total hardness,0,mg/L
Sault Ste. Marie Water Rangers Task Team,11705,Coldwater Creek:Lower Coldwater Creek Case Rd,46.5646992,-84.2689991,River/Stream,Field Msr/Obs,Surface Water,7/24/2024,Test strip,Chlorine,0,ppm
Sault Ste. Marie Water Rangers Task Team,11717,Upper Carp River:Upper Carp River at Creek Rd/Third Line W,46.5480272,-84.4551659,River/Stream,Field Msr/Obs,Surface Water,8/4/2024,Secchi Disk,Depth of water column,0.1,m
Sault Ste. Marie Water Rangers Task Team,11711,Duck pond:Bellevue Park duck pond,46.5004401,-84.2993188,Lake/Pond,Field Msr/Obs,Surface Water,7/5/2024,Probe/Sensor,"Temperature, water",20.7,deg C
Sault Ste. Marie Water Rangers Task Team,11718,East Davignon Creek:East Davignon Creek Allens Side (N of 2nd Ln W),46.559108,-84.4037962,River/Stream,Field Msr/Obs,Surface Water,6/29/2024,Test strip,"Alkalinity, total",0,mg/L
Sault Ste. Marie Water Rangers Task Team,11711,Duck pond:Bellevue Park duck pond,46.5004401,-84.2993188,Lake/Pond,Field Msr/Obs,Surface Water,7/29/2024,,pH,8.4,None
Sault Ste. Marie Water Rangers Task Team,11703,Root River:Root River Old Garden River,46.5629144,-84.2812943,River/Stream,Field Msr/Obs,Surface Water,7/30/2024,Probe/Sensor,"Temperature, air",27,deg C
Sault Ste. Marie Water Rangers Task Team,11709,Canon Creek:Canon Creek Old Goulais Bay Rd,46.5915743,-84.3430281,River/Stream,Field Msr/Obs,Surface Water,7/20/2024,Test strip,Total hardness,0,mg/L
Sault Ste. Marie Water Rangers Task Team,11711,Duck pond:Bellevue Park duck pond,46.5004401,-84.2993188,Lake/Pond,Field Msr/Obs,Surface Water,6/21/2024,Test strip,Total hardness,200,mg/L
Sault Ste. Marie Water Rangers Task Team,11701,St. Marys River:Bellevue Park Topsail Island,46.4952016,-84.297452,River/Stream,Field Msr/Obs,Surface Water,3/27/2024,Probe/Sensor,"Temperature, air",-2,deg C
Sault Ste. Marie Water Rangers Task Team,11717,Upper Carp River:Upper Carp River at Creek Rd/Third Line W,46.5480272,-84.4551659,River/Stream,Field Msr/Obs,Surface Water,7/25/2024,Test strip,Total hardness,50,mg/L
Sault Ste. Marie Water Rangers Task Team,11712,Fort Creek:Fort Creek Channel at Carmen's Way,46.5363508,-84.3442512,River/Stream,Field Msr/Obs,Surface Water,8/14/2024,Test strip,"Alkalinity, total",100,mg/L
Sault Ste. Marie Water Rangers Task Team,11704,Root River:Root River Wishart Park,46.5637702,-84.2936325,River/Stream,Field Msr/Obs,Surface Water,8/11/2024,Test strip,"Alkalinity, total",20,mg/L
Sault Ste. Marie Water Rangers Task Team,11701,St. Marys River:Bellevue Park Topsail Island,46.4952016,-84.297452,River/Stream,Field Msr/Obs,Surface Water,4/14/2024,Probe/Sensor,"Temperature, air",7,deg C
Sault Ste. Marie Water Rangers Task Team,11713,East Davignon Creek:East Davignon Farwell Terrace (near Tim Hortons),46.5367668,-84.3616748,River/Stream,Field Msr/Obs,Surface Water,7/8/2024,Probe/Sensor,"Temperature, water",22,deg C
Sault Ste. Marie Water Rangers Task Team,11706,Root River:Root River Fourth Line E,46.5672083,-84.3063569,River/Stream,Field Msr/Obs,Surface Water,6/22/2024,Test strip,Total hardness,0,mg/L
Sault Ste. Marie Water Rangers Task Team,11706,Root River:Root River Fourth Line E,46.5672083,-84.3063569,River/Stream,Field Msr/Obs,Surface Water,7/24/2024,,pH,7,None
Sault Ste. Marie Water Rangers Task Team,11705,Coldwater Creek:Lower Coldwater Creek Case Rd,46.5646992,-84.2689991,River/Stream,Field Msr/Obs,Surface Water,6/21/2024,Probe/Sensor,"Temperature, water",19.6,deg C
Sault Ste. Marie Water Rangers Task Team,11703,Root River:Root River Old Garden River,46.5629144,-84.2812943,River/Stream,Field Msr/Obs,Surface Water,7/30/2024,Test strip,Chlorine,0,ppm
Sault Ste. Marie Water Rangers Task Team,11708,Root River:Root River off Hwy 17 N (near Teen Challenge),46.5717047,-84.3206692,River/Stream,Field Msr/Obs,Surface Water,8/8/2024,Probe/Sensor,"Temperature, air",23,deg C
Sault Ste. Marie Water Rangers Task Team,11715,Little Carp River:Little Carp River Carpin Beach Rd,46.5097352,-84.4441581,River/Stream,Field Msr/Obs,Surface Water,8/4/2024,Test strip,Chlorine,0,ppm
Sault Ste. Marie Water Rangers Task Team,11715,Little Carp River:Little Carp River Carpin Beach Rd,46.5097352,-84.4441581,River/Stream,Field Msr/Obs,Surface Water,7/25/2024,Probe/Sensor,Conductivity,111,uS/cm
Sault Ste. Marie Water Rangers Task Team,11701,St. Marys River:Bellevue Park Topsail Island,46.4952016,-84.297452,River/Stream,Field Msr/Obs,Surface Water,4/26/2024,,pH,6.4,None
Sault Ste. Marie Water Rangers Task Team,11718,East Davignon Creek:East Davignon Creek Allens Side (N of 2nd Ln W),46.559108,-84.4037962,River/Stream,Field Msr/Obs,Surface Water,6/22/2024,Test strip,Chlorine,0,ppm
Sault Ste. Marie Water Rangers Task Team,11702,Cold Water Creek:Cold Water Creek at Old Garden River Road,46.5636057,-84.2783117,River/Stream,Field Msr/Obs,Surface Water,8/12/2024,Test strip,"Alkalinity, total",0,mg/L
Sault Ste. Marie Water Rangers Task Team,11712,Fort Creek:Fort Creek Channel at Carmen's Way,46.5363508,-84.3442512,River/Stream,Field Msr/Obs,Surface Water,8/2/2024,Probe/Sensor,Conductivity,920,uS/cm
Sault Ste. Marie Water Rangers Task Team,11710,Root River:Root River Hwy 17E,46.5459338,-84.2184019,River/Stream,Field Msr/Obs,Surface Water,7/30/2024,Secchi Disk,Depth of water column,0.33,m
Sault Ste. Marie Water Rangers Task Team,11701,St. Marys River:Bellevue Park Topsail Island,46.4952016,-84.297452,River/Stream,Field Msr/Obs,Surface Water,5/29/2024,Probe/Sensor,Conductivity,105,uS/cm
Sault Ste. Marie Water Rangers Task Team,11701,St. Marys River:Bellevue Park Topsail Island,46.4952016,-84.297452,River/Stream,Field Msr/Obs,Surface Water,3/10/2024,Probe/Sensor,Dissolved oxygen (DO),12,mg/L
Sault Ste. Marie Water Rangers Task Team,11718,East Davignon Creek:East Davignon Creek Allens Side (N of 2nd Ln W),46.559108,-84.4037962,River/Stream,Field Msr/Obs,Surface Water,7/19/2024,,pH,7.3,None
Sault Ste. Marie Water Rangers Task Team,11710,Root River:Root River Hwy 17E,46.5459338,-84.2184019,River/Stream,Field Msr/Obs,Surface Water,8/11/2024,Probe/Sensor,"Temperature, air",20,deg C
Sault Ste. Marie Water Rangers Task Team,11717,Upper Carp River:Upper Carp River at Creek Rd/Third Line W,46.5480272,-84.4551659,River/Stream,Field Msr/Obs,Surface Water,7/25/2024,Probe/Sensor,"Temperature, water",17.7,deg C
Sault Ste. Marie Water Rangers Task Team,11706,Root River:Root River Fourth Line E,46.5672083,-84.3063569,River/Stream,Field Msr/Obs,Surface Water,8/11/2024,Probe/Sensor,Salinity,51,ppm
Sault Ste. Marie Water Rangers Task Team,11713,East Davignon Creek:East Davignon Farwell Terrace (near Tim Hortons),46.5367668,-84.3616748,River/Stream,Field Msr/Obs,Surface Water,7/20/2024,Probe/Sensor,Conductivity,257,uS/cm
Sault Ste. Marie Water Rangers Task Team,11714,West Davignon Creek:West Davignon Brookfield Ave,46.5307892,-84.3968654,River/Stream,Field Msr/Obs,Surface Water,6/14/2024,Test strip,Total hardness,150,mg/L
Sault Ste. Marie Water Rangers Task Team,11705,Coldwater Creek:Lower Coldwater Creek Case Rd,46.5646992,-84.2689991,River/Stream,Field Msr/Obs,Surface Water,6/28/2024,Test strip,Chlorine,0,ppm
Sault Ste. Marie Water Rangers Task Team,11714,West Davignon Creek:West Davignon Brookfield Ave,46.5307892,-84.3968654,River/Stream,Field Msr/Obs,Surface Water,8/11/2024,Probe/Sensor,Salinity,79,ppm
Sault Ste. Marie Water Rangers Task Team,11704,Root River:Root River Wishart Park,46.5637702,-84.2936325,River/Stream,Field Msr/Obs,Surface Water,8/8/2024,Test strip,Total hardness,0,mg/L
Sault Ste. Marie Water Rangers Task Team,11703,Root River:Root River Old Garden River,46.5629144,-84.2812943,River/Stream,Field Msr/Obs,Surface Water,7/30/2024,Test strip,Total hardness,0,mg/L
Sault Ste. Marie Water Rangers Task Team,11701,St. Marys River:Bellevue Park Topsail Island,46.4952016,-84.297452,River/Stream,Field Msr/Obs,Surface Water,8/3/2024,Test strip,Total hardness,100,mg/L
Sault Ste. Marie Water Rangers Task Team,11718,East Davignon Creek:East Davignon Creek Allens Side (N of 2nd Ln W),46.559108,-84.4037962,River/Stream,Field Msr/Obs,Surface Water,7/12/2024,Test strip,Total hardness,0,mg/L
Sault Ste. Marie Water Rangers Task Team,11701,St. Marys River:Bellevue Park Topsail Island,46.4952016,-84.297452,River/Stream,Field Msr/Obs,Surface Water,5/29/2024,Test strip,Chlorine,0,ppm
Sault Ste. Marie Water Rangers Task Team,11718,East Davignon Creek:East Davignon Creek Allens Side (N of 2nd Ln W),46.559108,-84.4037962,River/Stream,Field Msr/Obs,Surface Water,7/7/2024,,pH,7.2,None
Sault Ste. Marie Water Rangers Task Team,11718,East Davignon Creek:East Davignon Creek Allens Side (N of 2nd Ln W),46.559108,-84.4037962,River/Stream,Field Msr/Obs,Surface Water,6/29/2024,Test strip,Total hardness,0,mg/L
Sault Ste. Marie Water Rangers Task Team,11710,Root River:Root River Hwy 17E,46.5459338,-84.2184019,River/Stream,Field Msr/Obs,Surface Water,8/11/2024,Probe/Sensor,Conductivity,171,uS/cm
Sault Ste. Marie Water Rangers Task Team,11711,Duck pond:Bellevue Park duck pond,46.5004401,-84.2993188,Lake/Pond,Field Msr/Obs,Surface Water,6/21/2024,Test strip,"Alkalinity, total",120,mg/L
Sault Ste. Marie Water Rangers Task Team,11710,Root River:Root River Hwy 17E,46.5459338,-84.2184019,River/Stream,Field Msr/Obs,Surface Water,7/30/2024,Probe/Sensor,Dissolved oxygen (DO),8,mg/L
Sault Ste. Marie Water Rangers Task Team,11718,East Davignon Creek:East Davignon Creek Allens Side (N of 2nd Ln W),46.559108,-84.4037962,River/Stream,Field Msr/Obs,Surface Water,8/7/2024,Probe/Sensor,Dissolved oxygen (DO),6,mg/L
Sault Ste. Marie Water Rangers Task Team,11715,Little Carp River:Little Carp River Carpin Beach Rd,46.5097352,-84.4441581,River/Stream,Field Msr/Obs,Surface Water,8/11/2024,Probe/Sensor,Dissolved oxygen (DO),8,mg/L
Sault Ste. Marie Water Rangers Task Team,11704,Root River:Root River Wishart Park,46.5637702,-84.2936325,River/Stream,Field Msr/Obs,Surface Water,7/20/2024,Test strip,Total hardness,0,mg/L
Sault Ste. Marie Water Rangers Task Team,11705,Coldwater Creek:Lower Coldwater Creek Case Rd,46.5646992,-84.2689991,River/Stream,Field Msr/Obs,Surface Water,6/21/2024,Probe/Sensor,Dissolved oxygen (DO),8,mg/L
Sault Ste. Marie Water Rangers Task Team,11702,Cold Water Creek:Cold Water Creek at Old Garden River Road,46.5636057,-84.2783117,River/Stream,Field Msr/Obs,Surface Water,8/6/2024,Probe/Sensor,Dissolved oxygen (DO),9,mg/L
Sault Ste. Marie Water Rangers Task Team,11706,Root River:Root River Fourth Line E,46.5672083,-84.3063569,River/Stream,Field Msr/Obs,Surface Water,6/22/2024,Probe/Sensor,Dissolved oxygen (DO),9,mg/L
Sault Ste. Marie Water Rangers Task Team,11717,Upper Carp River:Upper Carp River at Creek Rd/Third Line W,46.5480272,-84.4551659,River/Stream,Field Msr/Obs,Surface Water,8/11/2024,Test strip,"Alkalinity, total",0,mg/L
Sault Ste. Marie Water Rangers Task Team,11717,Upper Carp River:Upper Carp River at Creek Rd/Third Line W,46.5480272,-84.4551659,River/Stream,Field Msr/Obs,Surface Water,8/17/2024,Probe/Sensor,Dissolved oxygen (DO),8,mg/L
Sault Ste. Marie Water Rangers Task Team,11717,Upper Carp River:Upper Carp River at Creek Rd/Third Line W,46.5480272,-84.4551659,River/Stream,Field Msr/Obs,Surface Water,8/4/2024,Probe/Sensor,"Temperature, water",17.3,deg C
Sault Ste. Marie Water Rangers Task Team,11701,St. Marys River:Bellevue Park Topsail Island,46.4952016,-84.297452,River/Stream,Field Msr/Obs,Surface Water,6/21/2024,Probe/Sensor,Conductivity,109,uS/cm
Sault Ste. Marie Water Rangers Task Team,11716,Big Carp River:Big Carp River Herkimer Rd,46.5062632,-84.4498873,River/Stream,Field Msr/Obs,Surface Water,7/25/2024,Test strip,"Alkalinity, total",20,mg/L
Sault Ste. Marie Water Rangers Task Team,11705,Coldwater Creek:Lower Coldwater Creek Case Rd,46.5646992,-84.2689991,River/Stream,Field Msr/Obs,Surface Water,6/10/2024,Probe/Sensor,Dissolved oxygen (DO),10,mg/L
Sault Ste. Marie Water Rangers Task Team,11716,Big Carp River:Big Carp River Herkimer Rd,46.5062632,-84.4498873,River/Stream,Field Msr/Obs,Surface Water,8/17/2024,Probe/Sensor,"Temperature, air",24,deg C
Sault Ste. Marie Water Rangers Task Team,11701,St. Marys River:Bellevue Park Topsail Island,46.4952016,-84.297452,River/Stream,Field Msr/Obs,Surface Water,7/29/2024,Test strip,Total hardness,0,mg/L
Sault Ste. Marie Water Rangers Task Team,11701,St. Marys River:Bellevue Park Topsail Island,46.4952016,-84.297452,River/Stream,Field Msr/Obs,Surface Water,5/29/2024,Probe/Sensor,Conductivity,105,uS/cm
Sault Ste. Marie Water Rangers Task Team,11701,St. Marys River:Bellevue Park Topsail Island,46.4952016,-84.297452,River/Stream,Field Msr/Obs,Surface Water,8/3/2024,,pH,7.8,None
Sault Ste. Marie Water Rangers Task Team,11705,Coldwater Creek:Lower Coldwater Creek Case Rd,46.5646992,-84.2689991,River/Stream,Field Msr/Obs,Surface Water,6/10/2024,Secchi Disk,Depth of water column,0.19,m
Sault Ste. Marie Water Rangers Task Team,11701,St. Marys River:Bellevue Park Topsail Island,46.4952016,-84.297452,River/Stream,Field Msr/Obs,Surface Water,6/21/2024,Probe/Sensor,"Temperature, water",14.9,deg C
Sault Ste. Marie Water Rangers Task Team,11704,Root River:Root River Wishart Park,46.5637702,-84.2936325,River/Stream,Field Msr/Obs,Surface Water,8/8/2024,Probe/Sensor,Dissolved oxygen (DO),7,mg/L
Sault Ste. Marie Water Rangers Task Team,11718,East Davignon Creek:East Davignon Creek Allens Side (N of 2nd Ln W),46.559108,-84.4037962,River/Stream,Field Msr/Obs,Surface Water,6/22/2024,Test strip,Total hardness,0,mg/L
Sault Ste. Marie Water Rangers Task Team,11718,East Davignon Creek:East Davignon Creek Allens Side (N of 2nd Ln W),46.559108,-84.4037962,River/Stream,Field Msr/Obs,Surface Water,6/15/2024,Probe/Sensor,Dissolved oxygen (DO),9,mg/L
Sault Ste. Marie Water Rangers Task Team,11718,East Davignon Creek:East Davignon Creek Allens Side (N of 2nd Ln W),46.559108,-84.4037962,River/Stream,Field Msr/Obs,Surface Water,8/17/2024,Probe/Sensor,"Temperature, water",16.1,deg C
Sault Ste. Marie Water Rangers Task Team,11701,St. Marys River:Bellevue Park Topsail Island,46.4952016,-84.297452,River/Stream,Field Msr/Obs,Surface Water,7/24/2024,,pH,7.2,None
Sault Ste. Marie Water Rangers Task Team,11701,St. Marys River:Bellevue Park Topsail Island,46.4952016,-84.297452,River/Stream,Field Msr/Obs,Surface Water,7/24/2024,Test strip,Total hardness,0,mg/L
Sault Ste. Marie Water Rangers Task Team,11711,Duck pond:Bellevue Park duck pond,46.5004401,-84.2993188,Lake/Pond,Field Msr/Obs,Surface Water,7/5/2024,,pH,7.8,None
Sault Ste. Marie Water Rangers Task Team,11713,East Davignon Creek:East Davignon Farwell Terrace (near Tim Hortons),46.5367668,-84.3616748,River/Stream,Field Msr/Obs,Surface Water,8/2/2024,Probe/Sensor,"Temperature, air",28,deg C
Sault Ste. Marie Water Rangers Task Team,11705,Coldwater Creek:Lower Coldwater Creek Case Rd,46.5646992,-84.2689991,River/Stream,Field Msr/Obs,Surface Water,6/10/2024,Probe/Sensor,"Temperature, air",21,deg C
Sault Ste. Marie Water Rangers Task Team,11705,Coldwater Creek:Lower Coldwater Creek Case Rd,46.5646992,-84.2689991,River/Stream,Field Msr/Obs,Surface Water,8/6/2024,Secchi Disk,Depth of water column,0.12,m
Sault Ste. Marie Water Rangers Task Team,11701,St. Marys River:Bellevue Park Topsail Island,46.4952016,-84.297452,River/Stream,Field Msr/Obs,Surface Water,5/29/2024,Test strip,"Alkalinity, total",0,mg/L
Sault Ste. Marie Water Rangers Task Team,11701,St. Marys River:Bellevue Park Topsail Island,46.4952016,-84.297452,River/Stream,Field Msr/Obs,Surface Water,4/5/2024,Secchi Disk,"Depth, Secchi disk depth",0.18,m
Sault Ste. Marie Water Rangers Task Team,11701,St. Marys River:Bellevue Park Topsail Island,46.4952016,-84.297452,River/Stream,Field Msr/Obs,Surface Water,4/5/2024,Test strip,"Alkalinity, total",30,mg/L
Sault Ste. Marie Water Rangers Task Team,11713,East Davignon Creek:East Davignon Farwell Terrace (near Tim Hortons),46.5367668,-84.3616748,River/Stream,Field Msr/Obs,Surface Water,7/20/2024,Secchi Disk,Depth of water column,0.33,m
Sault Ste. Marie Water Rangers Task Team,11709,Canon Creek:Canon Creek Old Goulais Bay Rd,46.5915743,-84.3430281,River/Stream,Field Msr/Obs,Surface Water,7/24/2024,Secchi Disk,Depth of water column,0.42,m
Sault Ste. Marie Water Rangers Task Team,11701,St. Marys River:Bellevue Park Topsail Island,46.4952016,-84.297452,River/Stream,Field Msr/Obs,Surface Water,3/27/2024,Probe/Sensor,Conductivity,140,uS/cm
Sault Ste. Marie Water Rangers Task Team,11717,Upper Carp River:Upper Carp River at Creek Rd/Third Line W,46.5480272,-84.4551659,River/Stream,Field Msr/Obs,Surface Water,8/17/2024,Probe/Sensor,Conductivity,61,uS/cm
Sault Ste. Marie Water Rangers Task Team,11713,East Davignon Creek:East Davignon Farwell Terrace (near Tim Hortons),46.5367668,-84.3616748,River/Stream,Field Msr/Obs,Surface Water,8/14/2024,Test strip,Chlorine,0,ppm
Sault Ste. Marie Water Rangers Task Team,11716,Big Carp River:Big Carp River Herkimer Rd,46.5062632,-84.4498873,River/Stream,Field Msr/Obs,Surface Water,7/25/2024,Probe/Sensor,"Temperature, water",19.8,deg C
Sault Ste. Marie Water Rangers Task Team,11708,Root River:Root River off Hwy 17 N (near Teen Challenge),46.5717047,-84.3206692,River/Stream,Field Msr/Obs,Surface Water,7/24/2024,Test strip,Total hardness,0,mg/L
Sault Ste. Marie Water Rangers Task Team,11706,Root River:Root River Fourth Line E,46.5672083,-84.3063569,River/Stream,Field Msr/Obs,Surface Water,6/6/2024,Probe/Sensor,"Temperature, air",13,deg C
Sault Ste. Marie Water Rangers Task Team,11709,Canon Creek:Canon Creek Old Goulais Bay Rd,46.5915743,-84.3430281,River/Stream,Field Msr/Obs,Surface Water,7/20/2024,Secchi Disk,Depth of water column,0.3,m
Sault Ste. Marie Water Rangers Task Team,11703,Root River:Root River Old Garden River,46.5629144,-84.2812943,River/Stream,Field Msr/Obs,Surface Water,8/12/2024,Probe/Sensor,"Temperature, air",18,deg C
Sault Ste. Marie Water Rangers Task Team,11701,St. Marys River:Bellevue Park Topsail Island,46.4952016,-84.297452,River/Stream,Field Msr/Obs,Surface Water,6/7/2024,,pH,7.2,None
Sault Ste. Marie Water Rangers Task Team,11712,Fort Creek:Fort Creek Channel at Carmen's Way,46.5363508,-84.3442512,River/Stream,Field Msr/Obs,Surface Water,8/9/2024,Test strip,Chlorine,0,ppm
Sault Ste. Marie Water Rangers Task Team,11718,East Davignon Creek:East Davignon Creek Allens Side (N of 2nd Ln W),46.559108,-84.4037962,River/Stream,Field Msr/Obs,Surface Water,7/12/2024,Test strip,"Alkalinity, total",0,mg/L
Sault Ste. Marie Water Rangers Task Team,11701,St. Marys River:Bellevue Park Topsail Island,46.4952016,-84.297452,River/Stream,Field Msr/Obs,Surface Water,4/26/2024,Probe/Sensor,"Temperature, air",4,deg C
Sault Ste. Marie Water Rangers Task Team,11709,Canon Creek:Canon Creek Old Goulais Bay Rd,46.5915743,-84.3430281,River/Stream,Field Msr/Obs,Surface Water,8/7/2024,,pH,7.2,None
Sault Ste. Marie Water Rangers Task Team,11716,Big Carp River:Big Carp River Herkimer Rd,46.5062632,-84.4498873,River/Stream,Field Msr/Obs,Surface Water,8/17/2024,,pH,7.2,None
Sault Ste. Marie Water Rangers Task Team,11709,Canon Creek:Canon Creek Old Goulais Bay Rd,46.5915743,-84.3430281,River/Stream,Field Msr/Obs,Surface Water,8/7/2024,Test strip,Total hardness,0,mg/L
Sault Ste. Marie Water Rangers Task Team,11718,East Davignon Creek:East Davignon Creek Allens Side (N of 2nd Ln W),46.559108,-84.4037962,River/Stream,Field Msr/Obs,Surface Water,7/12/2024,Probe/Sensor,"Temperature, air",23,deg C
Sault Ste. Marie Water Rangers Task Team,11701,St. Marys River:Bellevue Park Topsail Island,46.4952016,-84.297452,River/Stream,Field Msr/Obs,Surface Water,5/29/2024,Probe/Sensor,Dissolved oxygen (DO),11,mg/L
Sault Ste. Marie Water Rangers Task Team,11701,St. Marys River:Bellevue Park Topsail Island,46.4952016,-84.297452,River/Stream,Field Msr/Obs,Surface Water,6/7/2024,Probe/Sensor,"Temperature, air",8,deg C
Sault Ste. Marie Water Rangers Task Team,11701,St. Marys River:Bellevue Park Topsail Island,46.4952016,-84.297452,River/Stream,Field Msr/Obs,Surface Water,7/19/2024,Probe/Sensor,"Temperature, water",18.9,deg C
Sault Ste. Marie Water Rangers Task Team,11716,Big Carp River:Big Carp River Herkimer Rd,46.5062632,-84.4498873,River/Stream,Field Msr/Obs,Surface Water,8/4/2024,Test strip,Total hardness,0,mg/L
Sault Ste. Marie Water Rangers Task Team,11713,East Davignon Creek:East Davignon Farwell Terrace (near Tim Hortons),46.5367668,-84.3616748,River/Stream,Field Msr/Obs,Surface Water,7/30/2024,Test strip,"Alkalinity, total",80,mg/L
Sault Ste. Marie Water Rangers Task Team,11708,Root River:Root River off Hwy 17 N (near Teen Challenge),46.5717047,-84.3206692,River/Stream,Field Msr/Obs,Surface Water,8/8/2024,Test strip,Chlorine,0,ppm
Sault Ste. Marie Water Rangers Task Team,11714,West Davignon Creek:West Davignon Brookfield Ave,46.5307892,-84.3968654,River/Stream,Field Msr/Obs,Surface Water,7/27/2024,Probe/Sensor,"Temperature, water",22.3,deg C
Sault Ste. Marie Water Rangers Task Team,11711,Duck pond:Bellevue Park duck pond,46.5004401,-84.2993188,Lake/Pond,Field Msr/Obs,Surface Water,8/3/2024,Test strip,Chlorine,0.1,ppm
Sault Ste. Marie Water Rangers Task Team,11706,Root River:Root River Fourth Line E,46.5672083,-84.3063569,River/Stream,Field Msr/Obs,Surface Water,7/20/2024,Test strip,"Alkalinity, total",0,mg/L
Sault Ste. Marie Water Rangers Task Team,11709,Canon Creek:Canon Creek Old Goulais Bay Rd,46.5915743,-84.3430281,River/Stream,Field Msr/Obs,Surface Water,7/24/2024,Test strip,"Alkalinity, total",0,mg/L
Sault Ste. Marie Water Rangers Task Team,11705,Coldwater Creek:Lower Coldwater Creek Case Rd,46.5646992,-84.2689991,River/Stream,Field Msr/Obs,Surface Water,7/28/2024,Probe/Sensor,Conductivity,57,uS/cm
Sault Ste. Marie Water Rangers Task Team,11714,West Davignon Creek:West Davignon Brookfield Ave,46.5307892,-84.3968654,River/Stream,Field Msr/Obs,Surface Water,7/19/2024,,pH,7.2,None
Sault Ste. Marie Water Rangers Task Team,11709,Canon Creek:Canon Creek Old Goulais Bay Rd,46.5915743,-84.3430281,River/Stream,Field Msr/Obs,Surface Water,7/20/2024,Test strip,"Alkalinity, total",0,mg/L
Sault Ste. Marie Water Rangers Task Team,11701,St. Marys River:Bellevue Park Topsail Island,46.4952016,-84.297452,River/Stream,Field Msr/Obs,Surface Water,5/29/2024,Probe/Sensor,Dissolved oxygen (DO),11,mg/L
Sault Ste. Marie Water Rangers Task Team,11706,Root River:Root River Fourth Line E,46.5672083,-84.3063569,River/Stream,Field Msr/Obs,Surface Water,7/24/2024,Test strip,Total hardness,0,mg/L
Sault Ste. Marie Water Rangers Task Team,11701,St. Marys River:Bellevue Park Topsail Island,46.4952016,-84.297452,River/Stream,Field Msr/Obs,Surface Water,4/5/2024,Test strip,Chlorine,0,ppm
Sault Ste. Marie Water Rangers Task Team,11718,East Davignon Creek:East Davignon Creek Allens Side (N of 2nd Ln W),46.559108,-84.4037962,River/Stream,Field Msr/Obs,Surface Water,7/7/2024,Probe/Sensor,Dissolved oxygen (DO),7,mg/L
Sault Ste. Marie Water Rangers Task Team,11702,Cold Water Creek:Cold Water Creek at Old Garden River Road,46.5636057,-84.2783117,River/Stream,Field Msr/Obs,Surface Water,8/12/2024,Secchi Disk,Depth of water column,0.25,m
Sault Ste. Marie Water Rangers Task Team,11701,St. Marys River:Bellevue Park Topsail Island,46.4952016,-84.297452,River/Stream,Field Msr/Obs,Surface Water,7/29/2024,Probe/Sensor,Conductivity,104,uS/cm
Sault Ste. Marie Water Rangers Task Team,11716,Big Carp River:Big Carp River Herkimer Rd,46.5062632,-84.4498873,River/Stream,Field Msr/Obs,Surface Water,8/11/2024,Test strip,Total hardness,0,mg/L
Sault Ste. Marie Water Rangers Task Team,11704,Root River:Root River Wishart Park,46.5637702,-84.2936325,River/Stream,Field Msr/Obs,Surface Water,8/14/2024,Test strip,Total hardness,0,mg/L
Sault Ste. Marie Water Rangers Task Team,11716,Big Carp River:Big Carp River Herkimer Rd,46.5062632,-84.4498873,River/Stream,Field Msr/Obs,Surface Water,8/4/2024,Probe/Sensor,Dissolved oxygen (DO),6,mg/L
Sault Ste. Marie Water Rangers Task Team,11701,St. Marys River:Bellevue Park Topsail Island,46.4952016,-84.297452,River/Stream,Field Msr/Obs,Surface Water,7/29/2024,Probe/Sensor,"Temperature, water",23.9,deg C
Sault Ste. Marie Water Rangers Task Team,11718,East Davignon Creek:East Davignon Creek Allens Side (N of 2nd Ln W),46.559108,-84.4037962,River/Stream,Field Msr/Obs,Surface Water,7/7/2024,Test strip,Total hardness,0,mg/L
Sault Ste. Marie Water Rangers Task Team,11708,Root River:Root River off Hwy 17 N (near Teen Challenge),46.5717047,-84.3206692,River/Stream,Field Msr/Obs,Surface Water,8/8/2024,Probe/Sensor,Conductivity,159,uS/cm
Sault Ste. Marie Water Rangers Task Team,11714,West Davignon Creek:West Davignon Brookfield Ave,46.5307892,-84.3968654,River/Stream,Field Msr/Obs,Surface Water,6/29/2024,Secchi Disk,Depth of water column,0.35,m
Sault Ste. Marie Water Rangers Task Team,11717,Upper Carp River:Upper Carp River at Creek Rd/Third Line W,46.5480272,-84.4551659,River/Stream,Field Msr/Obs,Surface Water,8/11/2024,Secchi Disk,Depth of water column,0.17,m
Sault Ste. Marie Water Rangers Task Team,11711,Duck pond:Bellevue Park duck pond,46.5004401,-84.2993188,Lake/Pond,Field Msr/Obs,Surface Water,7/29/2024,Test strip,"Alkalinity, total",80,mg/L
Sault Ste. Marie Water Rangers Task Team,11704,Root River:Root River Wishart Park,46.5637702,-84.2936325,River/Stream,Field Msr/Obs,Surface Water,8/14/2024,Test strip,Chlorine,0,ppm
Sault Ste. Marie Water Rangers Task Team,11715,Little Carp River:Little Carp River Carpin Beach Rd,46.5097352,-84.4441581,River/Stream,Field Msr/Obs,Surface Water,6/8/2024,Probe/Sensor,Conductivity,84,uS/cm
Sault Ste. Marie Water Rangers Task Team,11701,St. Marys River:Bellevue Park Topsail Island,46.4952016,-84.297452,River/Stream,Field Msr/Obs,Surface Water,7/29/2024,Test strip,Chlorine,0,ppm
Sault Ste. Marie Water Rangers Task Team,11701,St. Marys River:Bellevue Park Topsail Island,46.4952016,-84.297452,River/Stream,Field Msr/Obs,Surface Water,5/29/2024,Probe/Sensor,"Temperature, air",9,deg C
Sault Ste. Marie Water Rangers Task Team,11705,Coldwater Creek:Lower Coldwater Creek Case Rd,46.5646992,-84.2689991,River/Stream,Field Msr/Obs,Surface Water,5/27/2024,Probe/Sensor,Dissolved oxygen (DO),9,mg/L
Sault Ste. Marie Water Rangers Task Team,11713,East Davignon Creek:East Davignon Farwell Terrace (near Tim Hortons),46.5367668,-84.3616748,River/Stream,Field Msr/Obs,Surface Water,6/23/2024,Probe/Sensor,Dissolved oxygen (DO),7,mg/L
Sault Ste. Marie Water Rangers Task Team,11709,Canon Creek:Canon Creek Old Goulais Bay Rd,46.5915743,-84.3430281,River/Stream,Field Msr/Obs,Surface Water,8/7/2024,Test strip,"Alkalinity, total",10,mg/L
Sault Ste. Marie Water Rangers Task Team,11718,East Davignon Creek:East Davignon Creek Allens Side (N of 2nd Ln W),46.559108,-84.4037962,River/Stream,Field Msr/Obs,Surface Water,6/29/2024,Probe/Sensor,Dissolved oxygen (DO),7,mg/L
Sault Ste. Marie Water Rangers Task Team,11716,Big Carp River:Big Carp River Herkimer Rd,46.5062632,-84.4498873,River/Stream,Field Msr/Obs,Surface Water,8/4/2024,,pH,7.5,None
Sault Ste. Marie Water Rangers Task Team,11705,Coldwater Creek:Lower Coldwater Creek Case Rd,46.5646992,-84.2689991,River/Stream,Field Msr/Obs,Surface Water,8/6/2024,Test strip,"Alkalinity, total",10,mg/L
Sault Ste. Marie Water Rangers Task Team,11701,St. Marys River:Bellevue Park Topsail Island,46.4952016,-84.297452,River/Stream,Field Msr/Obs,Surface Water,5/29/2024,Test strip,"Alkalinity, total",0,mg/L
Sault Ste. Marie Water Rangers Task Team,11716,Big Carp River:Big Carp River Herkimer Rd,46.5062632,-84.4498873,River/Stream,Field Msr/Obs,Surface Water,8/17/2024,Probe/Sensor,"Temperature, water",19.6,deg C
Sault Ste. Marie Water Rangers Task Team,11704,Root River:Root River Wishart Park,46.5637702,-84.2936325,River/Stream,Field Msr/Obs,Surface Water,8/11/2024,Probe/Sensor,"Temperature, water",17.8,deg C
Sault Ste. Marie Water Rangers Task Team,11702,Cold Water Creek:Cold Water Creek at Old Garden River Road,46.5636057,-84.2783117,River/Stream,Field Msr/Obs,Surface Water,8/12/2024,Test strip,Total hardness,0,mg/L
Sault Ste. Marie Water Rangers Task Team,11703,Root River:Root River Old Garden River,46.5629144,-84.2812943,River/Stream,Field Msr/Obs,Surface Water,8/6/2024,Probe/Sensor,Dissolved oxygen (DO),7,mg/L
Sault Ste. Marie Water Rangers Task Team,11708,Root River:Root River off Hwy 17 N (near Teen Challenge),46.5717047,-84.3206692,River/Stream,Field Msr/Obs,Surface Water,7/24/2024,Probe/Sensor,Conductivity,81,uS/cm
Sault Ste. Marie Water Rangers Task Team,11701,St. Marys River:Bellevue Park Topsail Island,46.4952016,-84.297452,River/Stream,Field Msr/Obs,Surface Water,7/19/2024,Test strip,Total hardness,0,mg/L
Sault Ste. Marie Water Rangers Task Team,11713,East Davignon Creek:East Davignon Farwell Terrace (near Tim Hortons),46.5367668,-84.3616748,River/Stream,Field Msr/Obs,Surface Water,7/24/2024,Secchi Disk,Depth of water column,0.33,m
Sault Ste. Marie Water Rangers Task Team,11701,St. Marys River:Bellevue Park Topsail Island,46.4952016,-84.297452,River/Stream,Field Msr/Obs,Surface Water,4/26/2024,Probe/Sensor,"Temperature, air",7,deg C
Sault Ste. Marie Water Rangers Task Team,11718,East Davignon Creek:East Davignon Creek Allens Side (N of 2nd Ln W),46.559108,-84.4037962,River/Stream,Field Msr/Obs,Surface Water,7/20/2024,Probe/Sensor,"Temperature, water",15.4,deg C
Sault Ste. Marie Water Rangers Task Team,11703,Root River:Root River Old Garden River,46.5629144,-84.2812943,River/Stream,Field Msr/Obs,Surface Water,8/12/2024,Probe/Sensor,Dissolved oxygen (DO),7,mg/L
Sault Ste. Marie Water Rangers Task Team,11711,Duck pond:Bellevue Park duck pond,46.5004401,-84.2993188,Lake/Pond,Field Msr/Obs,Surface Water,7/19/2024,Test strip,Total hardness,50,mg/L
Sault Ste. Marie Water Rangers Task Team,11705,Coldwater Creek:Lower Coldwater Creek Case Rd,46.5646992,-84.2689991,River/Stream,Field Msr/Obs,Surface Water,8/12/2024,Probe/Sensor,"Temperature, air",17,deg C
Sault Ste. Marie Water Rangers Task Team,11718,East Davignon Creek:East Davignon Creek Allens Side (N of 2nd Ln W),46.559108,-84.4037962,River/Stream,Field Msr/Obs,Surface Water,7/7/2024,Test strip,"Alkalinity, total",40,mg/L
Sault Ste. Marie Water Rangers Task Team,11712,Fort Creek:Fort Creek Channel at Carmen's Way,46.5363508,-84.3442512,River/Stream,Field Msr/Obs,Surface Water,7/24/2024,Secchi Disk,Depth of water column,0.65,m
Sault Ste. Marie Water Rangers Task Team,11718,East Davignon Creek:East Davignon Creek Allens Side (N of 2nd Ln W),46.559108,-84.4037962,River/Stream,Field Msr/Obs,Surface Water,7/5/2024,Test strip,"Alkalinity, total",0,mg/L
Sault Ste. Marie Water Rangers Task Team,11715,Little Carp River:Little Carp River Carpin Beach Rd,46.5097352,-84.4441581,River/Stream,Field Msr/Obs,Surface Water,6/14/2024,Secchi Disk,Depth of water column,0.55,m
Sault Ste. Marie Water Rangers Task Team,11717,Upper Carp River:Upper Carp River at Creek Rd/Third Line W,46.5480272,-84.4551659,River/Stream,Field Msr/Obs,Surface Water,8/17/2024,Probe/Sensor,"Temperature, air",21,deg C
Sault Ste. Marie Water Rangers Task Team,11703,Root River:Root River Old Garden River,46.5629144,-84.2812943,River/Stream,Field Msr/Obs,Surface Water,7/30/2024,Test strip,"Alkalinity, total",60,mg/L
Sault Ste. Marie Water Rangers Task Team,11705,Coldwater Creek:Lower Coldwater Creek Case Rd,46.5646992,-84.2689991,River/Stream,Field Msr/Obs,Surface Water,6/14/2024,Secchi Disk,Depth of water column,0.4,m
Sault Ste. Marie Water Rangers Task Team,11718,East Davignon Creek:East Davignon Creek Allens Side (N of 2nd Ln W),46.559108,-84.4037962,River/Stream,Field Msr/Obs,Surface Water,7/20/2024,Probe/Sensor,Conductivity,100,uS/cm
Sault Ste. Marie Water Rangers Task Team,11701,St. Marys River:Bellevue Park Topsail Island,46.4952016,-84.297452,River/Stream,Field Msr/Obs,Surface Water,5/29/2024,Probe/Sensor,Conductivity,101,uS/cm
Sault Ste. Marie Water Rangers Task Team,11716,Big Carp River:Big Carp River Herkimer Rd,46.5062632,-84.4498873,River/Stream,Field Msr/Obs,Surface Water,8/4/2024,Probe/Sensor,Conductivity,85,uS/cm
Sault Ste. Marie Water Rangers Task Team,11713,East Davignon Creek:East Davignon Farwell Terrace (near Tim Hortons),46.5367668,-84.3616748,River/Stream,Field Msr/Obs,Surface Water,8/2/2024,Probe/Sensor,Conductivity,265,uS/cm
Sault Ste. Marie Water Rangers Task Team,11705,Coldwater Creek:Lower Coldwater Creek Case Rd,46.5646992,-84.2689991,River/Stream,Field Msr/Obs,Surface Water,7/28/2024,Probe/Sensor,"Temperature, air",21,deg C
Sault Ste. Marie Water Rangers Task Team,11703,Root River:Root River Old Garden River,46.5629144,-84.2812943,River/Stream,Field Msr/Obs,Surface Water,8/6/2024,Secchi Disk,Depth of water column,0.19,m
Sault Ste. Marie Water Rangers Task Team,11715,Little Carp River:Little Carp River Carpin Beach Rd,46.5097352,-84.4441581,River/Stream,Field Msr/Obs,Surface Water,6/14/2024,Probe/Sensor,Dissolved oxygen (DO),9,mg/L
Sault Ste. Marie Water Rangers Task Team,11706,Root River:Root River Fourth Line E,46.5672083,-84.3063569,River/Stream,Field Msr/Obs,Surface Water,6/28/2024,Test strip,"Alkalinity, total",0,mg/L
Sault Ste. Marie Water Rangers Task Team,11713,East Davignon Creek:East Davignon Farwell Terrace (near Tim Hortons),46.5367668,-84.3616748,River/Stream,Field Msr/Obs,Surface Water,7/8/2024,Test strip,Chlorine,0,ppm
Sault Ste. Marie Water Rangers Task Team,11715,Little Carp River:Little Carp River Carpin Beach Rd,46.5097352,-84.4441581,River/Stream,Field Msr/Obs,Surface Water,8/11/2024,,pH,7.5,None
Sault Ste. Marie Water Rangers Task Team,11716,Big Carp River:Big Carp River Herkimer Rd,46.5062632,-84.4498873,River/Stream,Field Msr/Obs,Surface Water,8/11/2024,Probe/Sensor,Conductivity,89,uS/cm
Sault Ste. Marie Water Rangers Task Team,11713,East Davignon Creek:East Davignon Farwell Terrace (near Tim Hortons),46.5367668,-84.3616748,River/Stream,Field Msr/Obs,Surface Water,8/2/2024,Test strip,"Alkalinity, total",80,mg/L
Sault Ste. Marie Water Rangers Task Team,11701,St. Marys River:Bellevue Park Topsail Island,46.4952016,-84.297452,River/Stream,Field Msr/Obs,Surface Water,5/29/2024,Test strip,Chlorine,0,ppm
Sault Ste. Marie Water Rangers Task Team,11712,Fort Creek:Fort Creek Channel at Carmen's Way,46.5363508,-84.3442512,River/Stream,Field Msr/Obs,Surface Water,8/2/2024,Secchi Disk,Depth of water column,0.5,m
Sault Ste. Marie Water Rangers Task Team,11701,St. Marys River:Bellevue Park Topsail Island,46.4952016,-84.297452,River/Stream,Field Msr/Obs,Surface Water,7/29/2024,Test strip,"Alkalinity, total",40,mg/L
Sault Ste. Marie Water Rangers Task Team,11715,Little Carp River:Little Carp River Carpin Beach Rd,46.5097352,-84.4441581,River/Stream,Field Msr/Obs,Surface Water,8/17/2024,,pH,7.5,None
Sault Ste. Marie Water Rangers Task Team,11718,East Davignon Creek:East Davignon Creek Allens Side (N of 2nd Ln W),46.559108,-84.4037962,River/Stream,Field Msr/Obs,Surface Water,7/5/2024,Probe/Sensor,Conductivity,71,uS/cm
Sault Ste. Marie Water Rangers Task Team,11702,Cold Water Creek:Cold Water Creek at Old Garden River Road,46.5636057,-84.2783117,River/Stream,Field Msr/Obs,Surface Water,8/6/2024,Test strip,Total hardness,0,mg/L
Sault Ste. Marie Water Rangers Task Team,11705,Coldwater Creek:Lower Coldwater Creek Case Rd,46.5646992,-84.2689991,River/Stream,Field Msr/Obs,Surface Water,6/21/2024,Test strip,"Alkalinity, total",20,mg/L
Sault Ste. Marie Water Rangers Task Team,11718,East Davignon Creek:East Davignon Creek Allens Side (N of 2nd Ln W),46.559108,-84.4037962,River/Stream,Field Msr/Obs,Surface Water,8/7/2024,,pH,7.6,None
Sault Ste. Marie Water Rangers Task Team,11701,St. Marys River:Bellevue Park Topsail Island,46.4952016,-84.297452,River/Stream,Field Msr/Obs,Surface Water,5/29/2024,,pH,6.4,None
Sault Ste. Marie Water Rangers Task Team,11705,Coldwater Creek:Lower Coldwater Creek Case Rd,46.5646992,-84.2689991,River/Stream,Field Msr/Obs,Surface Water,8/6/2024,Probe/Sensor,Conductivity,82,uS/cm
Sault Ste. Marie Water Rangers Task Team,11718,East Davignon Creek:East Davignon Creek Allens Side (N of 2nd Ln W),46.559108,-84.4037962,River/Stream,Field Msr/Obs,Surface Water,7/12/2024,Test strip,Chlorine,0,ppm
Sault Ste. Marie Water Rangers Task Team,11712,Fort Creek:Fort Creek Channel at Carmen's Way,46.5363508,-84.3442512,River/Stream,Field Msr/Obs,Surface Water,6/23/2024,Probe/Sensor,Dissolved oxygen (DO),9,mg/L
Sault Ste. Marie Water Rangers Task Team,11712,Fort Creek:Fort Creek Channel at Carmen's Way,46.5363508,-84.3442512,River/Stream,Field Msr/Obs,Surface Water,8/2/2024,Secchi Disk,"Depth, Secchi disk depth",0.5,m
Sault Ste. Marie Water Rangers Task Team,11714,West Davignon Creek:West Davignon Brookfield Ave,46.5307892,-84.3968654,River/Stream,Field Msr/Obs,Surface Water,7/19/2024,Probe/Sensor,"Temperature, water",21.8,deg C
Sault Ste. Marie Water Rangers Task Team,11701,St. Marys River:Bellevue Park Topsail Island,46.4952016,-84.297452,River/Stream,Field Msr/Obs,Surface Water,5/29/2024,Probe/Sensor,"Temperature, air",9,deg C
Sault Ste. Marie Water Rangers Task Team,11708,Root River:Root River off Hwy 17 N (near Teen Challenge),46.5717047,-84.3206692,River/Stream,Field Msr/Obs,Surface Water,7/24/2024,Secchi Disk,Depth of water column,0.35,m
Sault Ste. Marie Water Rangers Task Team,11713,East Davignon Creek:East Davignon Farwell Terrace (near Tim Hortons),46.5367668,-84.3616748,River/Stream,Field Msr/Obs,Surface Water,8/2/2024,Test strip,Chlorine,0,ppm
Sault Ste. Marie Water Rangers Task Team,11718,East Davignon Creek:East Davignon Creek Allens Side (N of 2nd Ln W),46.559108,-84.4037962,River/Stream,Field Msr/Obs,Surface Water,6/29/2024,Probe/Sensor,"Temperature, water",18.2,deg C
Sault Ste. Marie Water Rangers Task Team,11717,Upper Carp River:Upper Carp River at Creek Rd/Third Line W,46.5480272,-84.4551659,River/Stream,Field Msr/Obs,Surface Water,8/11/2024,Probe/Sensor,Dissolved oxygen (DO),9,mg/L
Sault Ste. Marie Water Rangers Task Team,11708,Root River:Root River off Hwy 17 N (near Teen Challenge),46.5717047,-84.3206692,River/Stream,Field Msr/Obs,Surface Water,8/8/2024,Probe/Sensor,Dissolved oxygen (DO),7,mg/L
Sault Ste. Marie Water Rangers Task Team,11717,Upper Carp River:Upper Carp River at Creek Rd/Third Line W,46.5480272,-84.4551659,River/Stream,Field Msr/Obs,Surface Water,8/4/2024,Probe/Sensor,Dissolved oxygen (DO),8,mg/L
Sault Ste. Marie Water Rangers Task Team,11701,St. Marys River:Bellevue Park Topsail Island,46.4952016,-84.297452,River/Stream,Field Msr/Obs,Surface Water,7/15/2024,Probe/Sensor,Conductivity,115,uS/cm
Sault Ste. Marie Water Rangers Task Team,11711,Duck pond:Bellevue Park duck pond,46.5004401,-84.2993188,Lake/Pond,Field Msr/Obs,Surface Water,7/19/2024,Probe/Sensor,Dissolved oxygen (DO),9,mg/L
Sault Ste. Marie Water Rangers Task Team,11709,Canon Creek:Canon Creek Old Goulais Bay Rd,46.5915743,-84.3430281,River/Stream,Field Msr/Obs,Surface Water,7/20/2024,Test strip,Chlorine,0,ppm
Sault Ste. Marie Water Rangers Task Team,11713,East Davignon Creek:East Davignon Farwell Terrace (near Tim Hortons),46.5367668,-84.3616748,River/Stream,Field Msr/Obs,Surface Water,7/20/2024,Test strip,Chlorine,0,ppm
Sault Ste. Marie Water Rangers Task Team,11713,East Davignon Creek:East Davignon Farwell Terrace (near Tim Hortons),46.5367668,-84.3616748,River/Stream,Field Msr/Obs,Surface Water,7/7/2024,Secchi Disk,Depth of water column,0.34,m
Sault Ste. Marie Water Rangers Task Team,11701,St. Marys River:Bellevue Park Topsail Island,46.4952016,-84.297452,River/Stream,Field Msr/Obs,Surface Water,8/6/2024,,pH,6.4,None
Sault Ste. Marie Water Rangers Task Team,11712,Fort Creek:Fort Creek Channel at Carmen's Way,46.5363508,-84.3442512,River/Stream,Field Msr/Obs,Surface Water,8/2/2024,Test strip,Chlorine,0,ppm
Sault Ste. Marie Water Rangers Task Team,11701,St. Marys River:Bellevue Park Topsail Island,46.4952016,-84.297452,River/Stream,Field Msr/Obs,Surface Water,7/5/2024,,pH,7.5,None
Sault Ste. Marie Water Rangers Task Team,11715,Little Carp River:Little Carp River Carpin Beach Rd,46.5097352,-84.4441581,River/Stream,Field Msr/Obs,Surface Water,8/11/2024,Probe/Sensor,"Temperature, air",20,deg C
Sault Ste. Marie Water Rangers Task Team,11718,East Davignon Creek:East Davignon Creek Allens Side (N of 2nd Ln W),46.559108,-84.4037962,River/Stream,Field Msr/Obs,Surface Water,8/7/2024,Probe/Sensor,"Temperature, air",23,deg C
Sault Ste. Marie Water Rangers Task Team,11714,West Davignon Creek:West Davignon Brookfield Ave,46.5307892,-84.3968654,River/Stream,Field Msr/Obs,Surface Water,7/27/2024,Test strip,Chlorine,0,ppm
Sault Ste. Marie Water Rangers Task Team,11711,Duck pond:Bellevue Park duck pond,46.5004401,-84.2993188,Lake/Pond,Field Msr/Obs,Surface Water,7/5/2024,Test strip,"Alkalinity, total",80,mg/L
Sault Ste. Marie Water Rangers Task Team,11701,St. Marys River:Bellevue Park Topsail Island,46.4952016,-84.297452,River/Stream,Field Msr/Obs,Surface Water,4/7/2024,Test strip,Total hardness,0,mg/L
Sault Ste. Marie Water Rangers Task Team,11710,Root River:Root River Hwy 17E,46.5459338,-84.2184019,River/Stream,Field Msr/Obs,Surface Water,8/11/2024,Test strip,Total hardness,0,mg/L
Sault Ste. Marie Water Rangers Task Team,11701,St. Marys River:Bellevue Park Topsail Island,46.4952016,-84.297452,River/Stream,Field Msr/Obs,Surface Water,4/7/2024,Probe/Sensor,"Temperature, air",8,deg C
Sault Ste. Marie Water Rangers Task Team,11718,East Davignon Creek:East Davignon Creek Allens Side (N of 2nd Ln W),46.559108,-84.4037962,River/Stream,Field Msr/Obs,Surface Water,7/20/2024,,pH,7.2,None
Sault Ste. Marie Water Rangers Task Team,11712,Fort Creek:Fort Creek Channel at Carmen's Way,46.5363508,-84.3442512,River/Stream,Field Msr/Obs,Surface Water,7/24/2024,Test strip,Chlorine,0,ppm
Sault Ste. Marie Water Rangers Task Team,11711,Duck pond:Bellevue Park duck pond,46.5004401,-84.2993188,Lake/Pond,Field Msr/Obs,Surface Water,6/21/2024,Probe/Sensor,Dissolved oxygen (DO),12,mg/L
Sault Ste. Marie Water Rangers Task Team,11716,Big Carp River:Big Carp River Herkimer Rd,46.5062632,-84.4498873,River/Stream,Field Msr/Obs,Surface Water,8/11/2024,Probe/Sensor,Salinity,69,ppm
Sault Ste. Marie Water Rangers Task Team,11701,St. Marys River:Bellevue Park Topsail Island,46.4952016,-84.297452,River/Stream,Field Msr/Obs,Surface Water,5/28/2024,,pH,6.4,None
Sault Ste. Marie Water Rangers Task Team,11716,Big Carp River:Big Carp River Herkimer Rd,46.5062632,-84.4498873,River/Stream,Field Msr/Obs,Surface Water,8/4/2024,Test strip,"Alkalinity, total",40,mg/L
Sault Ste. Marie Water Rangers Task Team,11711,Duck pond:Bellevue Park duck pond,46.5004401,-84.2993188,Lake/Pond,Field Msr/Obs,Surface Water,7/19/2024,Probe/Sensor,"Temperature, water",20.6,deg C
Sault Ste. Marie Water Rangers Task Team,11701,St. Marys River:Bellevue Park Topsail Island,46.4952016,-84.297452,River/Stream,Field Msr/Obs,Surface Water,3/10/2024,Test strip,Chlorine,0,ppm
Sault Ste. Marie Water Rangers Task Team,11706,Root River:Root River Fourth Line E,46.5672083,-84.3063569,River/Stream,Field Msr/Obs,Surface Water,6/14/2024,Test strip,Chlorine,0,ppm
Sault Ste. Marie Water Rangers Task Team,11712,Fort Creek:Fort Creek Channel at Carmen's Way,46.5363508,-84.3442512,River/Stream,Field Msr/Obs,Surface Water,6/23/2024,Test strip,"Alkalinity, total",60,mg/L
Sault Ste. Marie Water Rangers Task Team,11701,St. Marys River:Bellevue Park Topsail Island,46.4952016,-84.297452,River/Stream,Field Msr/Obs,Surface Water,5/29/2024,Probe/Sensor,Dissolved oxygen (DO),11,mg/L
Sault Ste. Marie Water Rangers Task Team,11701,St. Marys River:Bellevue Park Topsail Island,46.4952016,-84.297452,River/Stream,Field Msr/Obs,Surface Water,4/14/2024,Test strip,Chlorine,0,ppm
Sault Ste. Marie Water Rangers Task Team,11715,Little Carp River:Little Carp River Carpin Beach Rd,46.5097352,-84.4441581,River/Stream,Field Msr/Obs,Surface Water,8/11/2024,Test strip,Total hardness,0,mg/L
Sault Ste. Marie Water Rangers Task Team,11701,St. Marys River:Bellevue Park Topsail Island,46.4952016,-84.297452,River/Stream,Field Msr/Obs,Surface Water,7/19/2024,Probe/Sensor,"Temperature, air",19,deg C
Sault Ste. Marie Water Rangers Task Team,11717,Upper Carp River:Upper Carp River at Creek Rd/Third Line W,46.5480272,-84.4551659,River/Stream,Field Msr/Obs,Surface Water,6/8/2024,Probe/Sensor,Conductivity,41,uS/cm
Sault Ste. Marie Water Rangers Task Team,11705,Coldwater Creek:Lower Coldwater Creek Case Rd,46.5646992,-84.2689991,River/Stream,Field Msr/Obs,Surface Water,6/14/2024,Test strip,Chlorine,0,ppm
Sault Ste. Marie Water Rangers Task Team,11701,St. Marys River:Bellevue Park Topsail Island,46.4952016,-84.297452,River/Stream,Field Msr/Obs,Surface Water,6/21/2024,Test strip,Chlorine,0,ppm
Sault Ste. Marie Water Rangers Task Team,11701,St. Marys River:Bellevue Park Topsail Island,46.4952016,-84.297452,River/Stream,Field Msr/Obs,Surface Water,4/20/2024,,pH,6.4,None
Sault Ste. Marie Water Rangers Task Team,11711,Duck pond:Bellevue Park duck pond,46.5004401,-84.2993188,Lake/Pond,Field Msr/Obs,Surface Water,8/3/2024,Probe/Sensor,Dissolved oxygen (DO),10,mg/L
Sault Ste. Marie Water Rangers Task Team,11713,East Davignon Creek:East Davignon Farwell Terrace (near Tim Hortons),46.5367668,-84.3616748,River/Stream,Field Msr/Obs,Surface Water,7/30/2024,Probe/Sensor,Conductivity,53,uS/cm
Sault Ste. Marie Water Rangers Task Team,11704,Root River:Root River Wishart Park,46.5637702,-84.2936325,River/Stream,Field Msr/Obs,Surface Water,8/8/2024,Test strip,Chlorine,0,ppm
Sault Ste. Marie Water Rangers Task Team,11701,St. Marys River:Bellevue Park Topsail Island,46.4952016,-84.297452,River/Stream,Field Msr/Obs,Surface Water,4/26/2024,Test strip,Total hardness,0,mg/L
Sault Ste. Marie Water Rangers Task Team,11718,East Davignon Creek:East Davignon Creek Allens Side (N of 2nd Ln W),46.559108,-84.4037962,River/Stream,Field Msr/Obs,Surface Water,6/22/2024,,pH,7.2,None
Sault Ste. Marie Water Rangers Task Team,11713,East Davignon Creek:East Davignon Farwell Terrace (near Tim Hortons),46.5367668,-84.3616748,River/Stream,Field Msr/Obs,Surface Water,7/20/2024,,pH,7.8,None
Sault Ste. Marie Water Rangers Task Team,11701,St. Marys River:Bellevue Park Topsail Island,46.4952016,-84.297452,River/Stream,Field Msr/Obs,Surface Water,3/10/2024,,pH,6.4,None
Sault Ste. Marie Water Rangers Task Team,11701,St. Marys River:Bellevue Park Topsail Island,46.4952016,-84.297452,River/Stream,Field Msr/Obs,Surface Water,4/26/2024,Probe/Sensor,"Temperature, water",7.4,deg C
Sault Ste. Marie Water Rangers Task Team,11705,Coldwater Creek:Lower Coldwater Creek Case Rd,46.5646992,-84.2689991,River/Stream,Field Msr/Obs,Surface Water,7/24/2024,Test strip,Total hardness,0,mg/L
Sault Ste. Marie Water Rangers Task Team,11717,Upper Carp River:Upper Carp River at Creek Rd/Third Line W,46.5480272,-84.4551659,River/Stream,Field Msr/Obs,Surface Water,6/15/2024,,pH,7.3,None
Sault Ste. Marie Water Rangers Task Team,11715,Little Carp River:Little Carp River Carpin Beach Rd,46.5097352,-84.4441581,River/Stream,Field Msr/Obs,Surface Water,6/14/2024,Probe/Sensor,"Temperature, air",18,deg C
Sault Ste. Marie Water Rangers Task Team,11718,East Davignon Creek:East Davignon Creek Allens Side (N of 2nd Ln W),46.559108,-84.4037962,River/Stream,Field Msr/Obs,Surface Water,7/30/2024,Test strip,"Alkalinity, total",0,mg/L
Sault Ste. Marie Water Rangers Task Team,11706,Root River:Root River Fourth Line E,46.5672083,-84.3063569,River/Stream,Field Msr/Obs,Surface Water,8/11/2024,Probe/Sensor,"Temperature, air",20.5,deg C
Sault Ste. Marie Water Rangers Task Team,11704,Root River:Root River Wishart Park,46.5637702,-84.2936325,River/Stream,Field Msr/Obs,Surface Water,8/8/2024,Probe/Sensor,"Temperature, air",23,deg C
Sault Ste. Marie Water Rangers Task Team,11704,Root River:Root River Wishart Park,46.5637702,-84.2936325,River/Stream,Field Msr/Obs,Surface Water,8/11/2024,Probe/Sensor,Dissolved oxygen (DO),7,mg/L
Sault Ste. Marie Water Rangers Task Team,11705,Coldwater Creek:Lower Coldwater Creek Case Rd,46.5646992,-84.2689991,River/Stream,Field Msr/Obs,Surface Water,6/14/2024,Probe/Sensor,"Temperature, water",19.7,deg C
Sault Ste. Marie Water Rangers Task Team,11712,Fort Creek:Fort Creek Channel at Carmen's Way,46.5363508,-84.3442512,River/Stream,Field Msr/Obs,Surface Water,7/24/2024,Probe/Sensor,Salinity,323,ppm
Sault Ste. Marie Water Rangers Task Team,11705,Coldwater Creek:Lower Coldwater Creek Case Rd,46.5646992,-84.2689991,River/Stream,Field Msr/Obs,Surface Water,7/7/2024,Probe/Sensor,"Temperature, air",31,deg C
Sault Ste. Marie Water Rangers Task Team,11716,Big Carp River:Big Carp River Herkimer Rd,46.5062632,-84.4498873,River/Stream,Field Msr/Obs,Surface Water,7/25/2024,Test strip,Chlorine,0,ppm
Sault Ste. Marie Water Rangers Task Team,11718,East Davignon Creek:East Davignon Creek Allens Side (N of 2nd Ln W),46.559108,-84.4037962,River/Stream,Field Msr/Obs,Surface Water,8/7/2024,Secchi Disk,Depth of water column,0.8,m
Sault Ste. Marie Water Rangers Task Team,11715,Little Carp River:Little Carp River Carpin Beach Rd,46.5097352,-84.4441581,River/Stream,Field Msr/Obs,Surface Water,6/14/2024,Test strip,Total hardness,0,mg/L
Sault Ste. Marie Water Rangers Task Team,11705,Coldwater Creek:Lower Coldwater Creek Case Rd,46.5646992,-84.2689991,River/Stream,Field Msr/Obs,Surface Water,7/7/2024,,pH,7.2,None
Sault Ste. Marie Water Rangers Task Team,11711,Duck pond:Bellevue Park duck pond,46.5004401,-84.2993188,Lake/Pond,Field Msr/Obs,Surface Water,6/21/2024,Probe/Sensor,"Temperature, air",19,deg C
Sault Ste. Marie Water Rangers Task Team,11701,St. Marys River:Bellevue Park Topsail Island,46.4952016,-84.297452,River/Stream,Field Msr/Obs,Surface Water,4/26/2024,Probe/Sensor,Dissolved oxygen (DO),11,mg/L
Sault Ste. Marie Water Rangers Task Team,11701,St. Marys River:Bellevue Park Topsail Island,46.4952016,-84.297452,River/Stream,Field Msr/Obs,Surface Water,6/7/2024,Probe/Sensor,Dissolved oxygen (DO),11,mg/L
Sault Ste. Marie Water Rangers Task Team,11703,Root River:Root River Old Garden River,46.5629144,-84.2812943,River/Stream,Field Msr/Obs,Surface Water,8/24/2024,Probe/Sensor,"Temperature, water",19.6,deg C
Sault Ste. Marie Water Rangers Task Team,11711,Duck pond:Bellevue Park duck pond,46.5004401,-84.2993188,Lake/Pond,Field Msr/Obs,Surface Water,8/20/2024,Probe/Sensor,Dissolved oxygen (DO),10,mg/L
Sault Ste. Marie Water Rangers Task Team,11716,Big Carp River:Big Carp River Herkimer Rd,46.5062632,-84.4498873,River/Stream,Field Msr/Obs,Surface Water,8/24/2024,Secchi Disk,"Depth, Secchi disk depth",1.05,m
Sault Ste. Marie Water Rangers Task Team,11717,Upper Carp River:Upper Carp River at Creek Rd/Third Line W,46.5480272,-84.4551659,River/Stream,Field Msr/Obs,Surface Water,9/1/2024,Probe/Sensor,Conductivity,53,uS/cm
Sault Ste. Marie Water Rangers Task Team,11709,Canon Creek:Canon Creek Old Goulais Bay Rd,46.5915743,-84.3430281,River/Stream,Field Msr/Obs,Surface Water,8/29/2024,Secchi Disk,Depth of water column,0.25,m
Sault Ste. Marie Water Rangers Task Team,11701,St. Marys River:Bellevue Park Topsail Island,46.4952016,-84.297452,River/Stream,Field Msr/Obs,Surface Water,8/20/2024,Probe/Sensor,Conductivity,104,uS/cm
Sault Ste. Marie Water Rangers Task Team,11717,Upper Carp River:Upper Carp River at Creek Rd/Third Line W,46.5480272,-84.4551659,River/Stream,Field Msr/Obs,Surface Water,9/1/2024,Probe/Sensor,"Temperature, water",15,deg C
Sault Ste. Marie Water Rangers Task Team,11701,St. Marys River:Bellevue Park Topsail Island,46.4952016,-84.297452,River/Stream,Field Msr/Obs,Surface Water,8/20/2024,,pH,8.4,None
Sault Ste. Marie Water Rangers Task Team,11718,East Davignon Creek:East Davignon Creek Allens Side (N of 2nd Ln W),46.559108,-84.4037962,River/Stream,Field Msr/Obs,Surface Water,8/24/2024,Probe/Sensor,"Temperature, water",15.8,deg C
Sault Ste. Marie Water Rangers Task Team,11709,Canon Creek:Canon Creek Old Goulais Bay Rd,46.5915743,-84.3430281,River/Stream,Field Msr/Obs,Surface Water,8/29/2024,Test strip,Chlorine,0,ppm
Sault Ste. Marie Water Rangers Task Team,11704,Root River:Root River Wishart Park,46.5637702,-84.2936325,River/Stream,Field Msr/Obs,Surface Water,8/22/2024,Probe/Sensor,Conductivity,146,uS/cm
Sault Ste. Marie Water Rangers Task Team,11711,Duck pond:Bellevue Park duck pond,46.5004401,-84.2993188,Lake/Pond,Field Msr/Obs,Surface Water,8/20/2024,Test strip,"Alkalinity, total",100,mg/L
Sault Ste. Marie Water Rangers Task Team,11701,St. Marys River:Bellevue Park Topsail Island,46.4952016,-84.297452,River/Stream,Field Msr/Obs,Surface Water,8/28/2024,Test strip,Chlorine,0,ppm
Sault Ste. Marie Water Rangers Task Team,11712,Fort Creek:Fort Creek Channel at Carmen's Way,46.5363508,-84.3442512,River/Stream,Field Msr/Obs,Surface Water,8/29/2024,Secchi Disk,"Depth, Secchi disk depth",0.3,m
Sault Ste. Marie Water Rangers Task Team,11715,Little Carp River:Little Carp River Carpin Beach Rd,46.5097352,-84.4441581,River/Stream,Field Msr/Obs,Surface Water,8/24/2024,Probe/Sensor,Dissolved oxygen (DO),9,mg/L
Sault Ste. Marie Water Rangers Task Team,11718,East Davignon Creek:East Davignon Creek Allens Side (N of 2nd Ln W),46.559108,-84.4037962,River/Stream,Field Msr/Obs,Surface Water,8/28/2024,Test strip,Chlorine,0,ppm
Sault Ste. Marie Water Rangers Task Team,11712,Fort Creek:Fort Creek Channel at Carmen's Way,46.5363508,-84.3442512,River/Stream,Field Msr/Obs,Surface Water,8/23/2024,Secchi Disk,Depth of water column,0.4,m
Sault Ste. Marie Water Rangers Task Team,11701,St. Marys River:Bellevue Park Topsail Island,46.4952016,-84.297452,River/Stream,Field Msr/Obs,Surface Water,8/28/2024,Probe/Sensor,Dissolved oxygen (DO),8,mg/L
Sault Ste. Marie Water Rangers Task Team,11709,Canon Creek:Canon Creek Old Goulais Bay Rd,46.5915743,-84.3430281,River/Stream,Field Msr/Obs,Surface Water,8/29/2024,Test strip,"Alkalinity, total",30,mg/L
Sault Ste. Marie Water Rangers Task Team,11718,East Davignon Creek:East Davignon Creek Allens Side (N of 2nd Ln W),46.559108,-84.4037962,River/Stream,Field Msr/Obs,Surface Water,8/24/2024,Probe/Sensor,Salinity,53,ppth
Sault Ste. Marie Water Rangers Task Team,11714,West Davignon Creek:West Davignon Brookfield Ave,46.5307892,-84.3968654,River/Stream,Field Msr/Obs,Surface Water,9/1/2024,Probe/Sensor,Salinity,69,ppm
Sault Ste. Marie Water Rangers Task Team,11714,West Davignon Creek:West Davignon Brookfield Ave,46.5307892,-84.3968654,River/Stream,Field Msr/Obs,Surface Water,8/24/2024,Probe/Sensor,"Temperature, water",16.7,deg C
Sault Ste. Marie Water Rangers Task Team,11711,Duck pond:Bellevue Park duck pond,46.5004401,-84.2993188,Lake/Pond,Field Msr/Obs,Surface Water,8/25/2024,,pH,8.4,None
Sault Ste. Marie Water Rangers Task Team,11701,St. Marys River:Bellevue Park Topsail Island,46.4952016,-84.297452,River/Stream,Field Msr/Obs,Surface Water,5/29/2024,Probe/Sensor,Dissolved oxygen (DO),11,mg/L
Sault Ste. Marie Water Rangers Task Team,11701,St. Marys River:Bellevue Park Topsail Island,46.4952016,-84.297452,River/Stream,Field Msr/Obs,Surface Water,8/28/2024,Probe/Sensor,"Temperature, water",19.4,deg C
Sault Ste. Marie Water Rangers Task Team,11705,Coldwater Creek:Lower Coldwater Creek Case Rd,46.5646992,-84.2689991,River/Stream,Field Msr/Obs,Surface Water,8/24/2024,Probe/Sensor,Salinity,49,ppm
Sault Ste. Marie Water Rangers Task Team,11714,West Davignon Creek:West Davignon Brookfield Ave,46.5307892,-84.3968654,River/Stream,Field Msr/Obs,Surface Water,8/24/2024,Test strip,Chlorine,0,ppm
Sault Ste. Marie Water Rangers Task Team,11714,West Davignon Creek:West Davignon Brookfield Ave,46.5307892,-84.3968654,River/Stream,Field Msr/Obs,Surface Water,9/1/2024,Probe/Sensor,Dissolved oxygen (DO),9,mg/L
Sault Ste. Marie Water Rangers Task Team,11702,Cold Water Creek:Cold Water Creek at Old Garden River Road,46.5636057,-84.2783117,River/Stream,Field Msr/Obs,Surface Water,8/28/2024,Probe/Sensor,"Temperature, water",11.2,deg C
Sault Ste. Marie Water Rangers Task Team,11707,Root River Branch:Root River Branch Fourth Line E,46.5676351,-84.3005633,River/Stream,Field Msr/Obs,Surface Water,8/24/2024,Test strip,Total hardness,0,mg/L
Sault Ste. Marie Water Rangers Task Team,11703,Root River:Root River Old Garden River,46.5629144,-84.2812943,River/Stream,Field Msr/Obs,Surface Water,8/28/2024,Secchi Disk,Depth of water column,0.51,m
Sault Ste. Marie Water Rangers Task Team,11705,Coldwater Creek:Lower Coldwater Creek Case Rd,46.5646992,-84.2689991,River/Stream,Field Msr/Obs,Surface Water,8/28/2024,Probe/Sensor,Conductivity,109,uS/cm
Sault Ste. Marie Water Rangers Task Team,11704,Root River:Root River Wishart Park,46.5637702,-84.2936325,River/Stream,Field Msr/Obs,Surface Water,8/24/2024,Probe/Sensor,Dissolved oxygen (DO),6,mg/L
Sault Ste. Marie Water Rangers Task Team,11713,East Davignon Creek:East Davignon Farwell Terrace (near Tim Hortons),46.5367668,-84.3616748,River/Stream,Field Msr/Obs,Surface Water,8/23/2024,Test strip,Total hardness,100,mg/L
Sault Ste. Marie Water Rangers Task Team,11712,Fort Creek:Fort Creek Channel at Carmen's Way,46.5363508,-84.3442512,River/Stream,Field Msr/Obs,Surface Water,8/23/2024,Probe/Sensor,"Temperature, air",24,deg C
Sault Ste. Marie Water Rangers Task Team,11701,St. Marys River:Bellevue Park Topsail Island,46.4952016,-84.297452,River/Stream,Field Msr/Obs,Surface Water,8/25/2024,Test strip,"Alkalinity, total",40,mg/L
Sault Ste. Marie Water Rangers Task Team,11718,East Davignon Creek:East Davignon Creek Allens Side (N of 2nd Ln W),46.559108,-84.4037962,River/Stream,Field Msr/Obs,Surface Water,8/28/2024,,pH,7.8,None
Sault Ste. Marie Water Rangers Task Team,11713,East Davignon Creek:East Davignon Farwell Terrace (near Tim Hortons),46.5367668,-84.3616748,River/Stream,Field Msr/Obs,Surface Water,8/29/2024,Probe/Sensor,"Temperature, water",19.4,deg C
Sault Ste. Marie Water Rangers Task Team,11708,Root River:Root River off Hwy 17 N (near Teen Challenge),46.5717047,-84.3206692,River/Stream,Field Msr/Obs,Surface Water,8/27/2024,Probe/Sensor,Dissolved oxygen (DO),7,mg/L
Sault Ste. Marie Water Rangers Task Team,11703,Root River:Root River Old Garden River,46.5629144,-84.2812943,River/Stream,Field Msr/Obs,Surface Water,8/28/2024,,pH,7.5,None
Sault Ste. Marie Water Rangers Task Team,11709,Canon Creek:Canon Creek Old Goulais Bay Rd,46.5915743,-84.3430281,River/Stream,Field Msr/Obs,Surface Water,8/29/2024,Test strip,Total hardness,0,mg/L
Sault Ste. Marie Water Rangers Task Team,11716,Big Carp River:Big Carp River Herkimer Rd,46.5062632,-84.4498873,River/Stream,Field Msr/Obs,Surface Water,8/28/2024,Probe/Sensor,"Temperature, water",17.4,deg C
Sault Ste. Marie Water Rangers Task Team,11706,Root River:Root River Fourth Line E,46.5672083,-84.3063569,River/Stream,Field Msr/Obs,Surface Water,9/1/2024,Probe/Sensor,Conductivity,117,uS/cm
Sault Ste. Marie Water Rangers Task Team,11715,Little Carp River:Little Carp River Carpin Beach Rd,46.5097352,-84.4441581,River/Stream,Field Msr/Obs,Surface Water,8/24/2024,Test strip,Total hardness,0,mg/L
Sault Ste. Marie Water Rangers Task Team,11718,East Davignon Creek:East Davignon Creek Allens Side (N of 2nd Ln W),46.559108,-84.4037962,River/Stream,Field Msr/Obs,Surface Water,8/28/2024,Probe/Sensor,Dissolved oxygen (DO),8,mg/L
Sault Ste. Marie Water Rangers Task Team,11701,St. Marys River:Bellevue Park Topsail Island,46.4952016,-84.297452,River/Stream,Field Msr/Obs,Surface Water,5/29/2024,Probe/Sensor,"Temperature, air",9,deg C
Sault Ste. Marie Water Rangers Task Team,11713,East Davignon Creek:East Davignon Farwell Terrace (near Tim Hortons),46.5367668,-84.3616748,River/Stream,Field Msr/Obs,Surface Water,8/29/2024,Probe/Sensor,Conductivity,265,uS/cm
Sault Ste. Marie Water Rangers Task Team,11716,Big Carp River:Big Carp River Herkimer Rd,46.5062632,-84.4498873,River/Stream,Field Msr/Obs,Surface Water,8/24/2024,Probe/Sensor,"Temperature, air",27,deg C
Sault Ste. Marie Water Rangers Task Team,11701,St. Marys River:Bellevue Park Topsail Island,46.4952016,-84.297452,River/Stream,Field Msr/Obs,Surface Water,8/20/2024,Probe/Sensor,"Temperature, air",17,deg C
Sault Ste. Marie Water Rangers Task Team,11704,Root River:Root River Wishart Park,46.5637702,-84.2936325,River/Stream,Field Msr/Obs,Surface Water,8/24/2024,Test strip,Total hardness,0,mg/L
Sault Ste. Marie Water Rangers Task Team,11715,Little Carp River:Little Carp River Carpin Beach Rd,46.5097352,-84.4441581,River/Stream,Field Msr/Obs,Surface Water,9/1/2024,Test strip,Chlorine,0,ppm
Sault Ste. Marie Water Rangers Task Team,11712,Fort Creek:Fort Creek Channel at Carmen's Way,46.5363508,-84.3442512,River/Stream,Field Msr/Obs,Surface Water,8/29/2024,Test strip,"Alkalinity, total",100,mg/L
Sault Ste. Marie Water Rangers Task Team,11701,St. Marys River:Bellevue Park Topsail Island,46.4952016,-84.297452,River/Stream,Field Msr/Obs,Surface Water,5/29/2024,Test strip,Chlorine,0,ppm
Sault Ste. Marie Water Rangers Task Team,11703,Root River:Root River Old Garden River,46.5629144,-84.2812943,River/Stream,Field Msr/Obs,Surface Water,8/28/2024,Test strip,Total hardness,0,mg/L
Sault Ste. Marie Water Rangers Task Team,11705,Coldwater Creek:Lower Coldwater Creek Case Rd,46.5646992,-84.2689991,River/Stream,Field Msr/Obs,Surface Water,8/28/2024,Probe/Sensor,"Temperature, water",15.7,deg C
Sault Ste. Marie Water Rangers Task Team,11716,Big Carp River:Big Carp River Herkimer Rd,46.5062632,-84.4498873,River/Stream,Field Msr/Obs,Surface Water,8/24/2024,Probe/Sensor,Dissolved oxygen (DO),7,mg/L
Sault Ste. Marie Water Rangers Task Team,11716,Big Carp River:Big Carp River Herkimer Rd,46.5062632,-84.4498873,River/Stream,Field Msr/Obs,Surface Water,8/24/2024,Probe/Sensor,"Temperature, water",18.9,deg C
Sault Ste. Marie Water Rangers Task Team,11706,Root River:Root River Fourth Line E,46.5672083,-84.3063569,River/Stream,Field Msr/Obs,Surface Water,8/24/2024,Test strip,Total hardness,0,mg/L
Sault Ste. Marie Water Rangers Task Team,11717,Upper Carp River:Upper Carp River at Creek Rd/Third Line W,46.5480272,-84.4551659,River/Stream,Field Msr/Obs,Surface Water,9/1/2024,Test strip,Chlorine,0,ppm
Sault Ste. Marie Water Rangers Task Team,11705,Coldwater Creek:Lower Coldwater Creek Case Rd,46.5646992,-84.2689991,River/Stream,Field Msr/Obs,Surface Water,8/28/2024,,pH,7.5,None
Sault Ste. Marie Water Rangers Task Team,11706,Root River:Root River Fourth Line E,46.5672083,-84.3063569,River/Stream,Field Msr/Obs,Surface Water,8/24/2024,Probe/Sensor,"Temperature, water",20,deg C
Sault Ste. Marie Water Rangers Task Team,11712,Fort Creek:Fort Creek Channel at Carmen's Way,46.5363508,-84.3442512,River/Stream,Field Msr/Obs,Surface Water,8/29/2024,Secchi Disk,Depth of water column,0.5,m
Sault Ste. Marie Water Rangers Task Team,11711,Duck pond:Bellevue Park duck pond,46.5004401,-84.2993188,Lake/Pond,Field Msr/Obs,Surface Water,8/25/2024,Probe/Sensor,"Temperature, water",27.8,deg C
Sault Ste. Marie Water Rangers Task Team,11703,Root River:Root River Old Garden River,46.5629144,-84.2812943,River/Stream,Field Msr/Obs,Surface Water,8/28/2024,Probe/Sensor,"Temperature, air",16.2,deg C
Sault Ste. Marie Water Rangers Task Team,11703,Root River:Root River Old Garden River,46.5629144,-84.2812943,River/Stream,Field Msr/Obs,Surface Water,8/28/2024,Probe/Sensor,Conductivity,169,uS/cm
Sault Ste. Marie Water Rangers Task Team,11717,Upper Carp River:Upper Carp River at Creek Rd/Third Line W,46.5480272,-84.4551659,River/Stream,Field Msr/Obs,Surface Water,9/1/2024,Probe/Sensor,Dissolved oxygen (DO),7,mg/L
Sault Ste. Marie Water Rangers Task Team,11705,Coldwater Creek:Lower Coldwater Creek Case Rd,46.5646992,-84.2689991,River/Stream,Field Msr/Obs,Surface Water,8/24/2024,Probe/Sensor,Dissolved oxygen (DO),7,mg/L
Sault Ste. Marie Water Rangers Task Team,11703,Root River:Root River Old Garden River,46.5629144,-84.2812943,River/Stream,Field Msr/Obs,Surface Water,8/24/2024,Probe/Sensor,Conductivity,153,uS/cm
Sault Ste. Marie Water Rangers Task Team,11712,Fort Creek:Fort Creek Channel at Carmen's Way,46.5363508,-84.3442512,River/Stream,Field Msr/Obs,Surface Water,8/23/2024,Probe/Sensor,Dissolved oxygen (DO),9,mg/L
Sault Ste. Marie Water Rangers Task Team,11716,Big Carp River:Big Carp River Herkimer Rd,46.5062632,-84.4498873,River/Stream,Field Msr/Obs,Surface Water,8/28/2024,Test strip,Total hardness,0,mg/L
Sault Ste. Marie Water Rangers Task Team,11717,Upper Carp River:Upper Carp River at Creek Rd/Third Line W,46.5480272,-84.4551659,River/Stream,Field Msr/Obs,Surface Water,8/26/2024,Probe/Sensor,Salinity,33,ppm
Sault Ste. Marie Water Rangers Task Team,11702,Cold Water Creek:Cold Water Creek at Old Garden River Road,46.5636057,-84.2783117,River/Stream,Field Msr/Obs,Surface Water,8/28/2024,Test strip,Chlorine,0,ppm
Sault Ste. Marie Water Rangers Task Team,11712,Fort Creek:Fort Creek Channel at Carmen's Way,46.5363508,-84.3442512,River/Stream,Field Msr/Obs,Surface Water,8/23/2024,Test strip,Chlorine,0,ppm
Sault Ste. Marie Water Rangers Task Team,11713,East Davignon Creek:East Davignon Farwell Terrace (near Tim Hortons),46.5367668,-84.3616748,River/Stream,Field Msr/Obs,Surface Water,8/23/2024,Probe/Sensor,"Temperature, air",24,deg C
Sault Ste. Marie Water Rangers Task Team,11714,West Davignon Creek:West Davignon Brookfield Ave,46.5307892,-84.3968654,River/Stream,Field Msr/Obs,Surface Water,8/24/2024,Probe/Sensor,Dissolved oxygen (DO),7,mg/L
Sault Ste. Marie Water Rangers Task Team,11714,West Davignon Creek:West Davignon Brookfield Ave,46.5307892,-84.3968654,River/Stream,Field Msr/Obs,Surface Water,9/1/2024,,pH,7.7,None
Sault Ste. Marie Water Rangers Task Team,11714,West Davignon Creek:West Davignon Brookfield Ave,46.5307892,-84.3968654,River/Stream,Field Msr/Obs,Surface Water,8/24/2024,Probe/Sensor,Salinity,73,ppm
Sault Ste. Marie Water Rangers Task Team,11714,West Davignon Creek:West Davignon Brookfield Ave,46.5307892,-84.3968654,River/Stream,Field Msr/Obs,Surface Water,9/1/2024,Probe/Sensor,Conductivity,122,uS/cm
Sault Ste. Marie Water Rangers Task Team,11716,Big Carp River:Big Carp River Herkimer Rd,46.5062632,-84.4498873,River/Stream,Field Msr/Obs,Surface Water,8/28/2024,Test strip,Chlorine,0,ppm
Sault Ste. Marie Water Rangers Task Team,11715,Little Carp River:Little Carp River Carpin Beach Rd,46.5097352,-84.4441581,River/Stream,Field Msr/Obs,Surface Water,9/1/2024,Secchi Disk,Depth of water column,0.35,m
Sault Ste. Marie Water Rangers Task Team,11714,West Davignon Creek:West Davignon Brookfield Ave,46.5307892,-84.3968654,River/Stream,Field Msr/Obs,Surface Water,8/24/2024,Test strip,"Alkalinity, total",20,mg/L
Sault Ste. Marie Water Rangers Task Team,11712,Fort Creek:Fort Creek Channel at Carmen's Way,46.5363508,-84.3442512,River/Stream,Field Msr/Obs,Surface Water,8/23/2024,Probe/Sensor,Conductivity,718,uS/cm
Sault Ste. Marie Water Rangers Task Team,11701,St. Marys River:Bellevue Park Topsail Island,46.4952016,-84.297452,River/Stream,Field Msr/Obs,Surface Water,8/28/2024,Test strip,"Alkalinity, total",20,mg/L
Sault Ste. Marie Water Rangers Task Team,11703,Root River:Root River Old Garden River,46.5629144,-84.2812943,River/Stream,Field Msr/Obs,Surface Water,8/24/2024,Probe/Sensor,Salinity,82,ppm
Sault Ste. Marie Water Rangers Task Team,11701,St. Marys River:Bellevue Park Topsail Island,46.4952016,-84.297452,River/Stream,Field Msr/Obs,Surface Water,8/25/2024,Probe/Sensor,"Temperature, water",24.3,deg C
Sault Ste. Marie Water Rangers Task Team,11718,East Davignon Creek:East Davignon Creek Allens Side (N of 2nd Ln W),46.559108,-84.4037962,River/Stream,Field Msr/Obs,Surface Water,8/24/2024,Probe/Sensor,Dissolved oxygen (DO),7,mg/L
Sault Ste. Marie Water Rangers Task Team,11714,West Davignon Creek:West Davignon Brookfield Ave,46.5307892,-84.3968654,River/Stream,Field Msr/Obs,Surface Water,8/24/2024,Secchi Disk,Depth of water column,0.27,m
Sault Ste. Marie Water Rangers Task Team,11707,Root River Branch:Root River Branch Fourth Line E,46.5676351,-84.3005633,River/Stream,Field Msr/Obs,Surface Water,9/1/2024,Test strip,Chlorine,0,ppm
Sault Ste. Marie Water Rangers Task Team,11705,Coldwater Creek:Lower Coldwater Creek Case Rd,46.5646992,-84.2689991,River/Stream,Field Msr/Obs,Surface Water,8/24/2024,Test strip,Total hardness,0,mg/L
Sault Ste. Marie Water Rangers Task Team,11714,West Davignon Creek:West Davignon Brookfield Ave,46.5307892,-84.3968654,River/Stream,Field Msr/Obs,Surface Water,8/24/2024,Test strip,Total hardness,0,mg/L
Sault Ste. Marie Water Rangers Task Team,11711,Duck pond:Bellevue Park duck pond,46.5004401,-84.2993188,Lake/Pond,Field Msr/Obs,Surface Water,8/20/2024,Probe/Sensor,"Temperature, water",21.4,deg C
Sault Ste. Marie Water Rangers Task Team,11711,Duck pond:Bellevue Park duck pond,46.5004401,-84.2993188,Lake/Pond,Field Msr/Obs,Surface Water,8/25/2024,Test strip,Total hardness,200,mg/L
Sault Ste. Marie Water Rangers Task Team,11711,Duck pond:Bellevue Park duck pond,46.5004401,-84.2993188,Lake/Pond,Field Msr/Obs,Surface Water,8/28/2024,Test strip,Total hardness,100,mg/L
Sault Ste. Marie Water Rangers Task Team,11713,East Davignon Creek:East Davignon Farwell Terrace (near Tim Hortons),46.5367668,-84.3616748,River/Stream,Field Msr/Obs,Surface Water,8/23/2024,Test strip,"Alkalinity, total",120,mg/L
Sault Ste. Marie Water Rangers Task Team,11709,Canon Creek:Canon Creek Old Goulais Bay Rd,46.5915743,-84.3430281,River/Stream,Field Msr/Obs,Surface Water,8/29/2024,,pH,7,None
Sault Ste. Marie Water Rangers Task Team,11701,St. Marys River:Bellevue Park Topsail Island,46.4952016,-84.297452,River/Stream,Field Msr/Obs,Surface Water,5/29/2024,Test strip,"Alkalinity, total",0,mg/L
Sault Ste. Marie Water Rangers Task Team,11717,Upper Carp River:Upper Carp River at Creek Rd/Third Line W,46.5480272,-84.4551659,River/Stream,Field Msr/Obs,Surface Water,8/26/2024,Probe/Sensor,Conductivity,62,uS/cm
Sault Ste. Marie Water Rangers Task Team,11715,Little Carp River:Little Carp River Carpin Beach Rd,46.5097352,-84.4441581,River/Stream,Field Msr/Obs,Surface Water,9/1/2024,Test strip,Total hardness,0,mg/L
Sault Ste. Marie Water Rangers Task Team,11715,Little Carp River:Little Carp River Carpin Beach Rd,46.5097352,-84.4441581,River/Stream,Field Msr/Obs,Surface Water,9/1/2024,Probe/Sensor,Dissolved oxygen (DO),7,mg/L
Sault Ste. Marie Water Rangers Task Team,11707,Root River Branch:Root River Branch Fourth Line E,46.5676351,-84.3005633,River/Stream,Field Msr/Obs,Surface Water,9/1/2024,Probe/Sensor,Dissolved oxygen (DO),7,mg/L
Sault Ste. Marie Water Rangers Task Team,11705,Coldwater Creek:Lower Coldwater Creek Case Rd,46.5646992,-84.2689991,River/Stream,Field Msr/Obs,Surface Water,8/24/2024,,pH,7.5,None
Sault Ste. Marie Water Rangers Task Team,11715,Little Carp River:Little Carp River Carpin Beach Rd,46.5097352,-84.4441581,River/Stream,Field Msr/Obs,Surface Water,9/1/2024,Probe/Sensor,"Temperature, water",16.4,deg C
Sault Ste. Marie Water Rangers Task Team,11705,Coldwater Creek:Lower Coldwater Creek Case Rd,46.5646992,-84.2689991,River/Stream,Field Msr/Obs,Surface Water,8/28/2024,Probe/Sensor,"Temperature, air",17.1,deg C
Sault Ste. Marie Water Rangers Task Team,11703,Root River:Root River Old Garden River,46.5629144,-84.2812943,River/Stream,Field Msr/Obs,Surface Water,8/24/2024,Test strip,Chlorine,0,ppm
Sault Ste. Marie Water Rangers Task Team,11707,Root River Branch:Root River Branch Fourth Line E,46.5676351,-84.3005633,River/Stream,Field Msr/Obs,Surface Water,8/24/2024,,pH,8,None
Sault Ste. Marie Water Rangers Task Team,11712,Fort Creek:Fort Creek Channel at Carmen's Way,46.5363508,-84.3442512,River/Stream,Field Msr/Obs,Surface Water,8/23/2024,Secchi Disk,"Depth, Secchi disk depth",0.35,m
Sault Ste. Marie Water Rangers Task Team,11707,Root River Branch:Root River Branch Fourth Line E,46.5676351,-84.3005633,River/Stream,Field Msr/Obs,Surface Water,9/1/2024,,pH,7.2,None
Sault Ste. Marie Water Rangers Task Team,11716,Big Carp River:Big Carp River Herkimer Rd,46.5062632,-84.4498873,River/Stream,Field Msr/Obs,Surface Water,8/24/2024,Probe/Sensor,Salinity,54,ppm
Sault Ste. Marie Water Rangers Task Team,11703,Root River:Root River Old Garden River,46.5629144,-84.2812943,River/Stream,Field Msr/Obs,Surface Water,8/28/2024,Probe/Sensor,"Temperature, water",17.1,deg C
Sault Ste. Marie Water Rangers Task Team,11709,Canon Creek:Canon Creek Old Goulais Bay Rd,46.5915743,-84.3430281,River/Stream,Field Msr/Obs,Surface Water,8/29/2024,Probe/Sensor,"Temperature, air",24,deg C
Sault Ste. Marie Water Rangers Task Team,11706,Root River:Root River Fourth Line E,46.5672083,-84.3063569,River/Stream,Field Msr/Obs,Surface Water,9/1/2024,,pH,7.5,None
Sault Ste. Marie Water Rangers Task Team,11715,Little Carp River:Little Carp River Carpin Beach Rd,46.5097352,-84.4441581,River/Stream,Field Msr/Obs,Surface Water,8/24/2024,Test strip,Chlorine,0,ppm
Sault Ste. Marie Water Rangers Task Team,11702,Cold Water Creek:Cold Water Creek at Old Garden River Road,46.5636057,-84.2783117,River/Stream,Field Msr/Obs,Surface Water,8/28/2024,,pH,6.8,None
Sault Ste. Marie Water Rangers Task Team,11715,Little Carp River:Little Carp River Carpin Beach Rd,46.5097352,-84.4441581,River/Stream,Field Msr/Obs,Surface Water,8/24/2024,Probe/Sensor,"Temperature, water",17.8,deg C
Sault Ste. Marie Water Rangers Task Team,11717,Upper Carp River:Upper Carp River at Creek Rd/Third Line W,46.5480272,-84.4551659,River/Stream,Field Msr/Obs,Surface Water,9/1/2024,,pH,7.2,None
Sault Ste. Marie Water Rangers Task Team,11707,Root River Branch:Root River Branch Fourth Line E,46.5676351,-84.3005633,River/Stream,Field Msr/Obs,Surface Water,9/1/2024,Test strip,"Alkalinity, total",20,mg/L
Sault Ste. Marie Water Rangers Task Team,11716,Big Carp River:Big Carp River Herkimer Rd,46.5062632,-84.4498873,River/Stream,Field Msr/Obs,Surface Water,8/28/2024,Secchi Disk,"Depth, Secchi disk depth",0.17,m
Sault Ste. Marie Water Rangers Task Team,11707,Root River Branch:Root River Branch Fourth Line E,46.5676351,-84.3005633,River/Stream,Field Msr/Obs,Surface Water,8/24/2024,Test strip,"Alkalinity, total",40,mg/L
Sault Ste. Marie Water Rangers Task Team,11716,Big Carp River:Big Carp River Herkimer Rd,46.5062632,-84.4498873,River/Stream,Field Msr/Obs,Surface Water,8/24/2024,Probe/Sensor,Conductivity,103,uS/cm
Sault Ste. Marie Water Rangers Task Team,11711,Duck pond:Bellevue Park duck pond,46.5004401,-84.2993188,Lake/Pond,Field Msr/Obs,Surface Water,8/20/2024,Probe/Sensor,"Temperature, air",17,deg C
Sault Ste. Marie Water Rangers Task Team,11701,St. Marys River:Bellevue Park Topsail Island,46.4952016,-84.297452,River/Stream,Field Msr/Obs,Surface Water,8/20/2024,Probe/Sensor,"Temperature, water",20.3,deg C
Sault Ste. Marie Water Rangers Task Team,11714,West Davignon Creek:West Davignon Brookfield Ave,46.5307892,-84.3968654,River/Stream,Field Msr/Obs,Surface Water,8/24/2024,Probe/Sensor,Conductivity,137,uS/cm
Sault Ste. Marie Water Rangers Task Team,11716,Big Carp River:Big Carp River Herkimer Rd,46.5062632,-84.4498873,River/Stream,Field Msr/Obs,Surface Water,8/28/2024,Probe/Sensor,Dissolved oxygen (DO),7,mg/L
Sault Ste. Marie Water Rangers Task Team,11714,West Davignon Creek:West Davignon Brookfield Ave,46.5307892,-84.3968654,River/Stream,Field Msr/Obs,Surface Water,9/1/2024,Secchi Disk,Depth of water column,0.3,m
Sault Ste. Marie Water Rangers Task Team,11716,Big Carp River:Big Carp River Herkimer Rd,46.5062632,-84.4498873,River/Stream,Field Msr/Obs,Surface Water,8/24/2024,,pH,7.8,None
Sault Ste. Marie Water Rangers Task Team,11703,Root River:Root River Old Garden River,46.5629144,-84.2812943,River/Stream,Field Msr/Obs,Surface Water,8/28/2024,Test strip,Chlorine,0,ppm
Sault Ste. Marie Water Rangers Task Team,11708,Root River:Root River off Hwy 17 N (near Teen Challenge),46.5717047,-84.3206692,River/Stream,Field Msr/Obs,Surface Water,8/27/2024,Probe/Sensor,"Temperature, water",22.2,deg C
Sault Ste. Marie Water Rangers Task Team,11713,East Davignon Creek:East Davignon Farwell Terrace (near Tim Hortons),46.5367668,-84.3616748,River/Stream,Field Msr/Obs,Surface Water,8/23/2024,,pH,7.6,None
Sault Ste. Marie Water Rangers Task Team,11706,Root River:Root River Fourth Line E,46.5672083,-84.3063569,River/Stream,Field Msr/Obs,Surface Water,8/24/2024,Test strip,Chlorine,0,ppm
Sault Ste. Marie Water Rangers Task Team,11704,Root River:Root River Wishart Park,46.5637702,-84.2936325,River/Stream,Field Msr/Obs,Surface Water,8/22/2024,Test strip,"Alkalinity, total",0,mg/L
Sault Ste. Marie Water Rangers Task Team,11704,Root River:Root River Wishart Park,46.5637702,-84.2936325,River/Stream,Field Msr/Obs,Surface Water,8/24/2024,Probe/Sensor,Salinity,80,ppm
Sault Ste. Marie Water Rangers Task Team,11711,Duck pond:Bellevue Park duck pond,46.5004401,-84.2993188,Lake/Pond,Field Msr/Obs,Surface Water,8/28/2024,Probe/Sensor,"Temperature, air",15,deg C
Sault Ste. Marie Water Rangers Task Team,11712,Fort Creek:Fort Creek Channel at Carmen's Way,46.5363508,-84.3442512,River/Stream,Field Msr/Obs,Surface Water,8/23/2024,Test strip,Total hardness,150,mg/L
Sault Ste. Marie Water Rangers Task Team,11701,St. Marys River:Bellevue Park Topsail Island,46.4952016,-84.297452,River/Stream,Field Msr/Obs,Surface Water,8/28/2024,Probe/Sensor,"Temperature, air",14,deg C
Sault Ste. Marie Water Rangers Task Team,11713,East Davignon Creek:East Davignon Farwell Terrace (near Tim Hortons),46.5367668,-84.3616748,River/Stream,Field Msr/Obs,Surface Water,8/29/2024,Probe/Sensor,"Temperature, air",21,deg C
Sault Ste. Marie Water Rangers Task Team,11703,Root River:Root River Old Garden River,46.5629144,-84.2812943,River/Stream,Field Msr/Obs,Surface Water,8/24/2024,Test strip,"Alkalinity, total",100,mg/L
Sault Ste. Marie Water Rangers Task Team,11713,East Davignon Creek:East Davignon Farwell Terrace (near Tim Hortons),46.5367668,-84.3616748,River/Stream,Field Msr/Obs,Surface Water,8/29/2024,Test strip,Total hardness,50,mg/L
Sault Ste. Marie Water Rangers Task Team,11706,Root River:Root River Fourth Line E,46.5672083,-84.3063569,River/Stream,Field Msr/Obs,Surface Water,9/1/2024,Probe/Sensor,"Temperature, air",21,deg C
Sault Ste. Marie Water Rangers Task Team,11712,Fort Creek:Fort Creek Channel at Carmen's Way,46.5363508,-84.3442512,River/Stream,Field Msr/Obs,Surface Water,8/29/2024,Test strip,Chlorine,0,ppm
Sault Ste. Marie Water Rangers Task Team,11718,East Davignon Creek:East Davignon Creek Allens Side (N of 2nd Ln W),46.559108,-84.4037962,River/Stream,Field Msr/Obs,Surface Water,8/28/2024,Probe/Sensor,Conductivity,71,uS/cm
Sault Ste. Marie Water Rangers Task Team,11716,Big Carp River:Big Carp River Herkimer Rd,46.5062632,-84.4498873,River/Stream,Field Msr/Obs,Surface Water,8/24/2024,Secchi Disk,Depth of water column,1.55,m
Sault Ste. Marie Water Rangers Task Team,11704,Root River:Root River Wishart Park,46.5637702,-84.2936325,River/Stream,Field Msr/Obs,Surface Water,8/24/2024,Test strip,"Alkalinity, total",20,mg/L
Sault Ste. Marie Water Rangers Task Team,11711,Duck pond:Bellevue Park duck pond,46.5004401,-84.2993188,Lake/Pond,Field Msr/Obs,Surface Water,8/25/2024,Probe/Sensor,Dissolved oxygen (DO),12,mg/L
Sault Ste. Marie Water Rangers Task Team,11717,Upper Carp River:Upper Carp River at Creek Rd/Third Line W,46.5480272,-84.4551659,River/Stream,Field Msr/Obs,Surface Water,8/26/2024,Probe/Sensor,"Temperature, air",22,deg C
Sault Ste. Marie Water Rangers Task Team,11706,Root River:Root River Fourth Line E,46.5672083,-84.3063569,River/Stream,Field Msr/Obs,Surface Water,8/24/2024,Test strip,"Alkalinity, total",0,mg/L
Sault Ste. Marie Water Rangers Task Team,11705,Coldwater Creek:Lower Coldwater Creek Case Rd,46.5646992,-84.2689991,River/Stream,Field Msr/Obs,Surface Water,8/28/2024,Test strip,Chlorine,0,ppm
Sault Ste. Marie Water Rangers Task Team,11706,Root River:Root River Fourth Line E,46.5672083,-84.3063569,River/Stream,Field Msr/Obs,Surface Water,8/24/2024,Probe/Sensor,Dissolved oxygen (DO),8,mg/L
Sault Ste. Marie Water Rangers Task Team,11716,Big Carp River:Big Carp River Herkimer Rd,46.5062632,-84.4498873,River/Stream,Field Msr/Obs,Surface Water,8/24/2024,Test strip,Total hardness,0,mg/L
Sault Ste. Marie Water Rangers Task Team,11702,Cold Water Creek:Cold Water Creek at Old Garden River Road,46.5636057,-84.2783117,River/Stream,Field Msr/Obs,Surface Water,8/28/2024,Secchi Disk,Depth of water column,0.38,m
Sault Ste. Marie Water Rangers Task Team,11714,West Davignon Creek:West Davignon Brookfield Ave,46.5307892,-84.3968654,River/Stream,Field Msr/Obs,Surface Water,9/1/2024,Probe/Sensor,"Temperature, air",19,deg C
Sault Ste. Marie Water Rangers Task Team,11701,St. Marys River:Bellevue Park Topsail Island,46.4952016,-84.297452,River/Stream,Field Msr/Obs,Surface Water,8/28/2024,,pH,7.8,None
Sault Ste. Marie Water Rangers Task Team,11701,St. Marys River:Bellevue Park Topsail Island,46.4952016,-84.297452,River/Stream,Field Msr/Obs,Surface Water,8/25/2024,Probe/Sensor,"Temperature, air",26,deg C
Sault Ste. Marie Water Rangers Task Team,11707,Root River Branch:Root River Branch Fourth Line E,46.5676351,-84.3005633,River/Stream,Field Msr/Obs,Surface Water,8/24/2024,Probe/Sensor,Dissolved oxygen (DO),7,mg/L
Sault Ste. Marie Water Rangers Task Team,11718,East Davignon Creek:East Davignon Creek Allens Side (N of 2nd Ln W),46.559108,-84.4037962,River/Stream,Field Msr/Obs,Surface Water,8/28/2024,Probe/Sensor,"Temperature, air",17,deg C
Sault Ste. Marie Water Rangers Task Team,11708,Root River:Root River off Hwy 17 N (near Teen Challenge),46.5717047,-84.3206692,River/Stream,Field Msr/Obs,Surface Water,8/27/2024,Probe/Sensor,"Temperature, air",24,deg C
Sault Ste. Marie Water Rangers Task Team,11701,St. Marys River:Bellevue Park Topsail Island,46.4952016,-84.297452,River/Stream,Field Msr/Obs,Surface Water,8/20/2024,Test strip,"Alkalinity, total",50,mg/L
Sault Ste. Marie Water Rangers Task Team,11715,Little Carp River:Little Carp River Carpin Beach Rd,46.5097352,-84.4441581,River/Stream,Field Msr/Obs,Surface Water,8/24/2024,,pH,7.7,None
Sault Ste. Marie Water Rangers Task Team,11705,Coldwater Creek:Lower Coldwater Creek Case Rd,46.5646992,-84.2689991,River/Stream,Field Msr/Obs,Surface Water,8/24/2024,Test strip,Chlorine,0,ppm
Sault Ste. Marie Water Rangers Task Team,11717,Upper Carp River:Upper Carp River at Creek Rd/Third Line W,46.5480272,-84.4551659,River/Stream,Field Msr/Obs,Surface Water,9/1/2024,Test strip,"Alkalinity, total",20,mg/L
Sault Ste. Marie Water Rangers Task Team,11707,Root River Branch:Root River Branch Fourth Line E,46.5676351,-84.3005633,River/Stream,Field Msr/Obs,Surface Water,8/24/2024,Probe/Sensor,Conductivity,151,uS/cm
Sault Ste. Marie Water Rangers Task Team,11718,East Davignon Creek:East Davignon Creek Allens Side (N of 2nd Ln W),46.559108,-84.4037962,River/Stream,Field Msr/Obs,Surface Water,8/24/2024,Secchi Disk,Depth of water column,0.1,m
Sault Ste. Marie Water Rangers Task Team,11706,Root River:Root River Fourth Line E,46.5672083,-84.3063569,River/Stream,Field Msr/Obs,Surface Water,8/24/2024,,pH,7.7,None
Sault Ste. Marie Water Rangers Task Team,11716,Big Carp River:Big Carp River Herkimer Rd,46.5062632,-84.4498873,River/Stream,Field Msr/Obs,Surface Water,8/28/2024,Test strip,"Alkalinity, total",20,mg/L
Sault Ste. Marie Water Rangers Task Team,11715,Little Carp River:Little Carp River Carpin Beach Rd,46.5097352,-84.4441581,River/Stream,Field Msr/Obs,Surface Water,8/24/2024,Probe/Sensor,Salinity,62,ppm
Sault Ste. Marie Water Rangers Task Team,11713,East Davignon Creek:East Davignon Farwell Terrace (near Tim Hortons),46.5367668,-84.3616748,River/Stream,Field Msr/Obs,Surface Water,8/29/2024,Test strip,Chlorine,0,ppm
Sault Ste. Marie Water Rangers Task Team,11712,Fort Creek:Fort Creek Channel at Carmen's Way,46.5363508,-84.3442512,River/Stream,Field Msr/Obs,Surface Water,8/29/2024,Probe/Sensor,Dissolved oxygen (DO),9,mg/L
Sault Ste. Marie Water Rangers Task Team,11715,Little Carp River:Little Carp River Carpin Beach Rd,46.5097352,-84.4441581,River/Stream,Field Msr/Obs,Surface Water,9/1/2024,Probe/Sensor,Salinity,64,ppm
Sault Ste. Marie Water Rangers Task Team,11717,Upper Carp River:Upper Carp River at Creek Rd/Third Line W,46.5480272,-84.4551659,River/Stream,Field Msr/Obs,Surface Water,9/1/2024,Probe/Sensor,"Temperature, air",19,deg C
Sault Ste. Marie Water Rangers Task Team,11712,Fort Creek:Fort Creek Channel at Carmen's Way,46.5363508,-84.3442512,River/Stream,Field Msr/Obs,Surface Water,8/29/2024,Test strip,Total hardness,50,mg/L
Sault Ste. Marie Water Rangers Task Team,11713,East Davignon Creek:East Davignon Farwell Terrace (near Tim Hortons),46.5367668,-84.3616748,River/Stream,Field Msr/Obs,Surface Water,8/29/2024,,pH,7.6,None
Sault Ste. Marie Water Rangers Task Team,11701,St. Marys River:Bellevue Park Topsail Island,46.4952016,-84.297452,River/Stream,Field Msr/Obs,Surface Water,8/25/2024,Probe/Sensor,Dissolved oxygen (DO),7,mg/L
Sault Ste. Marie Water Rangers Task Team,11707,Root River Branch:Root River Branch Fourth Line E,46.5676351,-84.3005633,River/Stream,Field Msr/Obs,Surface Water,9/1/2024,Probe/Sensor,Conductivity,147,uS/cm
Sault Ste. Marie Water Rangers Task Team,11705,Coldwater Creek:Lower Coldwater Creek Case Rd,46.5646992,-84.2689991,River/Stream,Field Msr/Obs,Surface Water,8/24/2024,Probe/Sensor,Conductivity,92,uS/cm
Sault Ste. Marie Water Rangers Task Team,11704,Root River:Root River Wishart Park,46.5637702,-84.2936325,River/Stream,Field Msr/Obs,Surface Water,8/22/2024,,pH,7.4,None
Sault Ste. Marie Water Rangers Task Team,11702,Cold Water Creek:Cold Water Creek at Old Garden River Road,46.5636057,-84.2783117,River/Stream,Field Msr/Obs,Surface Water,8/28/2024,Probe/Sensor,Dissolved oxygen (DO),10,mg/L
Sault Ste. Marie Water Rangers Task Team,11714,West Davignon Creek:West Davignon Brookfield Ave,46.5307892,-84.3968654,River/Stream,Field Msr/Obs,Surface Water,8/24/2024,Probe/Sensor,"Temperature, air",22,deg C
Sault Ste. Marie Water Rangers Task Team,11712,Fort Creek:Fort Creek Channel at Carmen's Way,46.5363508,-84.3442512,River/Stream,Field Msr/Obs,Surface Water,8/29/2024,Probe/Sensor,"Temperature, air",21,deg C
Sault Ste. Marie Water Rangers Task Team,11716,Big Carp River:Big Carp River Herkimer Rd,46.5062632,-84.4498873,River/Stream,Field Msr/Obs,Surface Water,8/24/2024,Test strip,Chlorine,0,ppm
Sault Ste. Marie Water Rangers Task Team,11717,Upper Carp River:Upper Carp River at Creek Rd/Third Line W,46.5480272,-84.4551659,River/Stream,Field Msr/Obs,Surface Water,8/26/2024,Test strip,Total hardness,0,mg/L
Sault Ste. Marie Water Rangers Task Team,11718,East Davignon Creek:East Davignon Creek Allens Side (N of 2nd Ln W),46.559108,-84.4037962,River/Stream,Field Msr/Obs,Surface Water,8/24/2024,,pH,7.8,None
Sault Ste. Marie Water Rangers Task Team,11716,Big Carp River:Big Carp River Herkimer Rd,46.5062632,-84.4498873,River/Stream,Field Msr/Obs,Surface Water,8/28/2024,Probe/Sensor,"Temperature, air",17,deg C
Sault Ste. Marie Water Rangers Task Team,11718,East Davignon Creek:East Davignon Creek Allens Side (N of 2nd Ln W),46.559108,-84.4037962,River/Stream,Field Msr/Obs,Surface Water,8/24/2024,Probe/Sensor,Conductivity,100,uS/cm
Sault Ste. Marie Water Rangers Task Team,11701,St. Marys River:Bellevue Park Topsail Island,46.4952016,-84.297452,River/Stream,Field Msr/Obs,Surface Water,5/29/2024,Probe/Sensor,"Temperature, water",11.1,deg C
Sault Ste. Marie Water Rangers Task Team,11706,Root River:Root River Fourth Line E,46.5672083,-84.3063569,River/Stream,Field Msr/Obs,Surface Water,9/1/2024,Test strip,"Alkalinity, total",0,mg/L
Sault Ste. Marie Water Rangers Task Team,11704,Root River:Root River Wishart Park,46.5637702,-84.2936325,River/Stream,Field Msr/Obs,Surface Water,8/22/2024,Probe/Sensor,"Temperature, air",21,deg C
Sault Ste. Marie Water Rangers Task Team,11717,Upper Carp River:Upper Carp River at Creek Rd/Third Line W,46.5480272,-84.4551659,River/Stream,Field Msr/Obs,Surface Water,8/26/2024,Probe/Sensor,Dissolved oxygen (DO),9,mg/L
Sault Ste. Marie Water Rangers Task Team,11718,East Davignon Creek:East Davignon Creek Allens Side (N of 2nd Ln W),46.559108,-84.4037962,River/Stream,Field Msr/Obs,Surface Water,8/24/2024,Test strip,"Alkalinity, total",60,mg/L
Sault Ste. Marie Water Rangers Task Team,11705,Coldwater Creek:Lower Coldwater Creek Case Rd,46.5646992,-84.2689991,River/Stream,Field Msr/Obs,Surface Water,8/24/2024,Probe/Sensor,"Temperature, air",24,deg C
Sault Ste. Marie Water Rangers Task Team,11718,East Davignon Creek:East Davignon Creek Allens Side (N of 2nd Ln W),46.559108,-84.4037962,River/Stream,Field Msr/Obs,Surface Water,8/28/2024,Secchi Disk,Depth of water column,0.14,m
Sault Ste. Marie Water Rangers Task Team,11708,Root River:Root River off Hwy 17 N (near Teen Challenge),46.5717047,-84.3206692,River/Stream,Field Msr/Obs,Surface Water,8/27/2024,,pH,7.2,None
Sault Ste. Marie Water Rangers Task Team,11701,St. Marys River:Bellevue Park Topsail Island,46.4952016,-84.297452,River/Stream,Field Msr/Obs,Surface Water,8/25/2024,,pH,7.8,None
Sault Ste. Marie Water Rangers Task Team,11709,Canon Creek:Canon Creek Old Goulais Bay Rd,46.5915743,-84.3430281,River/Stream,Field Msr/Obs,Surface Water,8/29/2024,Probe/Sensor,"Temperature, water",19.4,deg C
Sault Ste. Marie Water Rangers Task Team,11715,Little Carp River:Little Carp River Carpin Beach Rd,46.5097352,-84.4441581,River/Stream,Field Msr/Obs,Surface Water,9/1/2024,Test strip,"Alkalinity, total",40,mg/L
Sault Ste. Marie Water Rangers Task Team,11708,Root River:Root River off Hwy 17 N (near Teen Challenge),46.5717047,-84.3206692,River/Stream,Field Msr/Obs,Surface Water,8/27/2024,Test strip,"Alkalinity, total",30,mg/L
Sault Ste. Marie Water Rangers Task Team,11716,Big Carp River:Big Carp River Herkimer Rd,46.5062632,-84.4498873,River/Stream,Field Msr/Obs,Surface Water,8/24/2024,Test strip,"Alkalinity, total",20,mg/L
Sault Ste. Marie Water Rangers Task Team,11705,Coldwater Creek:Lower Coldwater Creek Case Rd,46.5646992,-84.2689991,River/Stream,Field Msr/Obs,Surface Water,8/28/2024,Test strip,Total hardness,0,mg/L
Sault Ste. Marie Water Rangers Task Team,11718,East Davignon Creek:East Davignon Creek Allens Side (N of 2nd Ln W),46.559108,-84.4037962,River/Stream,Field Msr/Obs,Surface Water,8/28/2024,Test strip,Total hardness,0,mg/L
Sault Ste. Marie Water Rangers Task Team,11713,East Davignon Creek:East Davignon Farwell Terrace (near Tim Hortons),46.5367668,-84.3616748,River/Stream,Field Msr/Obs,Surface Water,8/29/2024,Test strip,"Alkalinity, total",60,mg/L
Sault Ste. Marie Water Rangers Task Team,11704,Root River:Root River Wishart Park,46.5637702,-84.2936325,River/Stream,Field Msr/Obs,Surface Water,8/24/2024,Probe/Sensor,"Temperature, water",19.9,deg C
Sault Ste. Marie Water Rangers Task Team,11718,East Davignon Creek:East Davignon Creek Allens Side (N of 2nd Ln W),46.559108,-84.4037962,River/Stream,Field Msr/Obs,Surface Water,8/24/2024,Test strip,Chlorine,0,ppm
Sault Ste. Marie Water Rangers Task Team,11718,East Davignon Creek:East Davignon Creek Allens Side (N of 2nd Ln W),46.559108,-84.4037962,River/Stream,Field Msr/Obs,Surface Water,8/24/2024,Probe/Sensor,"Temperature, air",23,deg C
Sault Ste. Marie Water Rangers Task Team,11715,Little Carp River:Little Carp River Carpin Beach Rd,46.5097352,-84.4441581,River/Stream,Field Msr/Obs,Surface Water,8/24/2024,Probe/Sensor,Conductivity,116,uS/cm
Sault Ste. Marie Water Rangers Task Team,11713,East Davignon Creek:East Davignon Farwell Terrace (near Tim Hortons),46.5367668,-84.3616748,River/Stream,Field Msr/Obs,Surface Water,8/29/2024,Probe/Sensor,Dissolved oxygen (DO),10,mg/L
Sault Ste. Marie Water Rangers Task Team,11711,Duck pond:Bellevue Park duck pond,46.5004401,-84.2993188,Lake/Pond,Field Msr/Obs,Surface Water,8/25/2024,Test strip,Chlorine,0,ppm
Sault Ste. Marie Water Rangers Task Team,11706,Root River:Root River Fourth Line E,46.5672083,-84.3063569,River/Stream,Field Msr/Obs,Surface Water,8/24/2024,Probe/Sensor,Salinity,71,ppm
Sault Ste. Marie Water Rangers Task Team,11712,Fort Creek:Fort Creek Channel at Carmen's Way,46.5363508,-84.3442512,River/Stream,Field Msr/Obs,Surface Water,8/29/2024,,pH,7.5,None
Sault Ste. Marie Water Rangers Task Team,11711,Duck pond:Bellevue Park duck pond,46.5004401,-84.2993188,Lake/Pond,Field Msr/Obs,Surface Water,8/28/2024,Probe/Sensor,Conductivity,170,uS/cm
Sault Ste. Marie Water Rangers Task Team,11711,Duck pond:Bellevue Park duck pond,46.5004401,-84.2993188,Lake/Pond,Field Msr/Obs,Surface Water,8/28/2024,Probe/Sensor,"Temperature, water",20.7,deg C
Sault Ste. Marie Water Rangers Task Team,11717,Upper Carp River:Upper Carp River at Creek Rd/Third Line W,46.5480272,-84.4551659,River/Stream,Field Msr/Obs,Surface Water,9/1/2024,Probe/Sensor,Salinity,29,ppm
Sault Ste. Marie Water Rangers Task Team,11701,St. Marys River:Bellevue Park Topsail Island,46.4952016,-84.297452,River/Stream,Field Msr/Obs,Surface Water,5/29/2024,,pH,6.4,None
Sault Ste. Marie Water Rangers Task Team,11707,Root River Branch:Root River Branch Fourth Line E,46.5676351,-84.3005633,River/Stream,Field Msr/Obs,Surface Water,8/24/2024,Probe/Sensor,"Temperature, air",24,deg C
Sault Ste. Marie Water Rangers Task Team,11717,Upper Carp River:Upper Carp River at Creek Rd/Third Line W,46.5480272,-84.4551659,River/Stream,Field Msr/Obs,Surface Water,9/1/2024,Test strip,Total hardness,0,mg/L
Sault Ste. Marie Water Rangers Task Team,11706,Root River:Root River Fourth Line E,46.5672083,-84.3063569,River/Stream,Field Msr/Obs,Surface Water,9/1/2024,Probe/Sensor,"Temperature, water",18.5,deg C
Sault Ste. Marie Water Rangers Task Team,11706,Root River:Root River Fourth Line E,46.5672083,-84.3063569,River/Stream,Field Msr/Obs,Surface Water,8/24/2024,Probe/Sensor,"Temperature, air",24,deg C
Sault Ste. Marie Water Rangers Task Team,11717,Upper Carp River:Upper Carp River at Creek Rd/Third Line W,46.5480272,-84.4551659,River/Stream,Field Msr/Obs,Surface Water,9/1/2024,Secchi Disk,Depth of water column,0.13,m
Sault Ste. Marie Water Rangers Task Team,11717,Upper Carp River:Upper Carp River at Creek Rd/Third Line W,46.5480272,-84.4551659,River/Stream,Field Msr/Obs,Surface Water,8/26/2024,Test strip,"Alkalinity, total",20,mg/L
Sault Ste. Marie Water Rangers Task Team,11712,Fort Creek:Fort Creek Channel at Carmen's Way,46.5363508,-84.3442512,River/Stream,Field Msr/Obs,Surface Water,8/23/2024,Test strip,"Alkalinity, total",120,mg/L
Sault Ste. Marie Water Rangers Task Team,11702,Cold Water Creek:Cold Water Creek at Old Garden River Road,46.5636057,-84.2783117,River/Stream,Field Msr/Obs,Surface Water,8/28/2024,Probe/Sensor,"Temperature, air",16.4,deg C
Sault Ste. Marie Water Rangers Task Team,11707,Root River Branch:Root River Branch Fourth Line E,46.5676351,-84.3005633,River/Stream,Field Msr/Obs,Surface Water,8/24/2024,Test strip,Chlorine,0,ppm
Sault Ste. Marie Water Rangers Task Team,11706,Root River:Root River Fourth Line E,46.5672083,-84.3063569,River/Stream,Field Msr/Obs,Surface Water,9/1/2024,Probe/Sensor,Salinity,63,ppm
Sault Ste. Marie Water Rangers Task Team,11703,Root River:Root River Old Garden River,46.5629144,-84.2812943,River/Stream,Field Msr/Obs,Surface Water,8/24/2024,Probe/Sensor,"Temperature, air",26,deg C
Sault Ste. Marie Water Rangers Task Team,11701,St. Marys River:Bellevue Park Topsail Island,46.4952016,-84.297452,River/Stream,Field Msr/Obs,Surface Water,8/25/2024,Test strip,Chlorine,0,ppm
Sault Ste. Marie Water Rangers Task Team,11713,East Davignon Creek:East Davignon Farwell Terrace (near Tim Hortons),46.5367668,-84.3616748,River/Stream,Field Msr/Obs,Surface Water,8/29/2024,Secchi Disk,Depth of water column,0.3,m
Sault Ste. Marie Water Rangers Task Team,11712,Fort Creek:Fort Creek Channel at Carmen's Way,46.5363508,-84.3442512,River/Stream,Field Msr/Obs,Surface Water,8/29/2024,Probe/Sensor,Conductivity,531,uS/cm
Sault Ste. Marie Water Rangers Task Team,11704,Root River:Root River Wishart Park,46.5637702,-84.2936325,River/Stream,Field Msr/Obs,Surface Water,8/24/2024,Probe/Sensor,"Temperature, air",24,deg C
Sault Ste. Marie Water Rangers Task Team,11714,West Davignon Creek:West Davignon Brookfield Ave,46.5307892,-84.3968654,River/Stream,Field Msr/Obs,Surface Water,9/1/2024,Test strip,Total hardness,0,mg/L
Sault Ste. Marie Water Rangers Task Team,11704,Root River:Root River Wishart Park,46.5637702,-84.2936325,River/Stream,Field Msr/Obs,Surface Water,8/22/2024,Test strip,Chlorine,0,ppm
Sault Ste. Marie Water Rangers Task Team,11701,St. Marys River:Bellevue Park Topsail Island,46.4952016,-84.297452,River/Stream,Field Msr/Obs,Surface Water,8/28/2024,Probe/Sensor,Conductivity,99,uS/cm
Sault Ste. Marie Water Rangers Task Team,11707,Root River Branch:Root River Branch Fourth Line E,46.5676351,-84.3005633,River/Stream,Field Msr/Obs,Surface Water,9/1/2024,Test strip,Total hardness,0,mg/L
Sault Ste. Marie Water Rangers Task Team,11711,Duck pond:Bellevue Park duck pond,46.5004401,-84.2993188,Lake/Pond,Field Msr/Obs,Surface Water,8/28/2024,,pH,7.8,None
Sault Ste. Marie Water Rangers Task Team,11714,West Davignon Creek:West Davignon Brookfield Ave,46.5307892,-84.3968654,River/Stream,Field Msr/Obs,Surface Water,9/1/2024,Test strip,Chlorine,0,ppm
Sault Ste. Marie Water Rangers Task Team,11701,St. Marys River:Bellevue Park Topsail Island,46.4952016,-84.297452,River/Stream,Field Msr/Obs,Surface Water,8/25/2024,Probe/Sensor,Conductivity,104,uS/cm
Sault Ste. Marie Water Rangers Task Team,11708,Root River:Root River off Hwy 17 N (near Teen Challenge),46.5717047,-84.3206692,River/Stream,Field Msr/Obs,Surface Water,8/27/2024,Probe/Sensor,Conductivity,220,uS/cm
Sault Ste. Marie Water Rangers Task Team,11701,St. Marys River:Bellevue Park Topsail Island,46.4952016,-84.297452,River/Stream,Field Msr/Obs,Surface Water,8/20/2024,Test strip,Chlorine,0,ppm
Sault Ste. Marie Water Rangers Task Team,11708,Root River:Root River off Hwy 17 N (near Teen Challenge),46.5717047,-84.3206692,River/Stream,Field Msr/Obs,Surface Water,8/27/2024,Test strip,Total hardness,30,mg/L
Sault Ste. Marie Water Rangers Task Team,11707,Root River Branch:Root River Branch Fourth Line E,46.5676351,-84.3005633,River/Stream,Field Msr/Obs,Surface Water,8/24/2024,Probe/Sensor,"Temperature, water",14.8,deg C
Sault Ste. Marie Water Rangers Task Team,11706,Root River:Root River Fourth Line E,46.5672083,-84.3063569,River/Stream,Field Msr/Obs,Surface Water,9/1/2024,Test strip,Chlorine,0,ppm
Sault Ste. Marie Water Rangers Task Team,11717,Upper Carp River:Upper Carp River at Creek Rd/Third Line W,46.5480272,-84.4551659,River/Stream,Field Msr/Obs,Surface Water,8/26/2024,,pH,7.6,None
Sault Ste. Marie Water Rangers Task Team,11701,St. Marys River:Bellevue Park Topsail Island,46.4952016,-84.297452,River/Stream,Field Msr/Obs,Surface Water,8/28/2024,Test strip,Total hardness,0,mg/L
Sault Ste. Marie Water Rangers Task Team,11718,East Davignon Creek:East Davignon Creek Allens Side (N of 2nd Ln W),46.559108,-84.4037962,River/Stream,Field Msr/Obs,Surface Water,8/24/2024,Test strip,Total hardness,0,mg/L
Sault Ste. Marie Water Rangers Task Team,11701,St. Marys River:Bellevue Park Topsail Island,46.4952016,-84.297452,River/Stream,Field Msr/Obs,Surface Water,5/29/2024,Probe/Sensor,Conductivity,101,uS/cm
Sault Ste. Marie Water Rangers Task Team,11702,Cold Water Creek:Cold Water Creek at Old Garden River Road,46.5636057,-84.2783117,River/Stream,Field Msr/Obs,Surface Water,8/28/2024,Test strip,Total hardness,0,mg/L
Sault Ste. Marie Water Rangers Task Team,11715,Little Carp River:Little Carp River Carpin Beach Rd,46.5097352,-84.4441581,River/Stream,Field Msr/Obs,Surface Water,8/24/2024,Test strip,"Alkalinity, total",40,mg/L
Sault Ste. Marie Water Rangers Task Team,11704,Root River:Root River Wishart Park,46.5637702,-84.2936325,River/Stream,Field Msr/Obs,Surface Water,8/24/2024,,pH,7.2,None
Sault Ste. Marie Water Rangers Task Team,11711,Duck pond:Bellevue Park duck pond,46.5004401,-84.2993188,Lake/Pond,Field Msr/Obs,Surface Water,8/28/2024,Test strip,Chlorine,0,ppm
Sault Ste. Marie Water Rangers Task Team,11703,Root River:Root River Old Garden River,46.5629144,-84.2812943,River/Stream,Field Msr/Obs,Surface Water,8/24/2024,Probe/Sensor,Dissolved oxygen (DO),7,mg/L
Sault Ste. Marie Water Rangers Task Team,11704,Root River:Root River Wishart Park,46.5637702,-84.2936325,River/Stream,Field Msr/Obs,Surface Water,8/24/2024,Test strip,Chlorine,0,ppm
Sault Ste. Marie Water Rangers Task Team,11712,Fort Creek:Fort Creek Channel at Carmen's Way,46.5363508,-84.3442512,River/Stream,Field Msr/Obs,Surface Water,8/23/2024,,pH,8,None
Sault Ste. Marie Water Rangers Task Team,11705,Coldwater Creek:Lower Coldwater Creek Case Rd,46.5646992,-84.2689991,River/Stream,Field Msr/Obs,Surface Water,8/24/2024,Probe/Sensor,"Temperature, water",17.1,deg C
Sault Ste. Marie Water Rangers Task Team,11709,Canon Creek:Canon Creek Old Goulais Bay Rd,46.5915743,-84.3430281,River/Stream,Field Msr/Obs,Surface Water,8/29/2024,Probe/Sensor,Dissolved oxygen (DO),7,mg/L
Sault Ste. Marie Water Rangers Task Team,11705,Coldwater Creek:Lower Coldwater Creek Case Rd,46.5646992,-84.2689991,River/Stream,Field Msr/Obs,Surface Water,8/28/2024,Test strip,"Alkalinity, total",0,mg/L
Sault Ste. Marie Water Rangers Task Team,11702,Cold Water Creek:Cold Water Creek at Old Garden River Road,46.5636057,-84.2783117,River/Stream,Field Msr/Obs,Surface Water,8/28/2024,Test strip,"Alkalinity, total",10,mg/L
Sault Ste. Marie Water Rangers Task Team,11717,Upper Carp River:Upper Carp River at Creek Rd/Third Line W,46.5480272,-84.4551659,River/Stream,Field Msr/Obs,Surface Water,8/26/2024,Probe/Sensor,"Temperature, water",15.5,deg C
Sault Ste. Marie Water Rangers Task Team,11711,Duck pond:Bellevue Park duck pond,46.5004401,-84.2993188,Lake/Pond,Field Msr/Obs,Surface Water,8/25/2024,Probe/Sensor,Conductivity,168,uS/cm
Sault Ste. Marie Water Rangers Task Team,11717,Upper Carp River:Upper Carp River at Creek Rd/Third Line W,46.5480272,-84.4551659,River/Stream,Field Msr/Obs,Surface Water,8/26/2024,Secchi Disk,Depth of water column,0.1,m
Sault Ste. Marie Water Rangers Task Team,11704,Root River:Root River Wishart Park,46.5637702,-84.2936325,River/Stream,Field Msr/Obs,Surface Water,8/22/2024,Probe/Sensor,"Temperature, water",18.4,deg C
Sault Ste. Marie Water Rangers Task Team,11712,Fort Creek:Fort Creek Channel at Carmen's Way,46.5363508,-84.3442512,River/Stream,Field Msr/Obs,Surface Water,8/29/2024,Probe/Sensor,"Temperature, water",20.1,deg C
Sault Ste. Marie Water Rangers Task Team,11714,West Davignon Creek:West Davignon Brookfield Ave,46.5307892,-84.3968654,River/Stream,Field Msr/Obs,Surface Water,9/1/2024,Test strip,"Alkalinity, total",30,mg/L
Sault Ste. Marie Water Rangers Task Team,11707,Root River Branch:Root River Branch Fourth Line E,46.5676351,-84.3005633,River/Stream,Field Msr/Obs,Surface Water,9/1/2024,Probe/Sensor,Salinity,79,ppm
Sault Ste. Marie Water Rangers Task Team,11716,Big Carp River:Big Carp River Herkimer Rd,46.5062632,-84.4498873,River/Stream,Field Msr/Obs,Surface Water,8/28/2024,,pH,7.6,None
Sault Ste. Marie Water Rangers Task Team,11703,Root River:Root River Old Garden River,46.5629144,-84.2812943,River/Stream,Field Msr/Obs,Surface Water,8/24/2024,Test strip,Total hardness,0,mg/L
Sault Ste. Marie Water Rangers Task Team,11713,East Davignon Creek:East Davignon Farwell Terrace (near Tim Hortons),46.5367668,-84.3616748,River/Stream,Field Msr/Obs,Surface Water,8/23/2024,Probe/Sensor,Dissolved oxygen (DO),10,mg/L
Sault Ste. Marie Water Rangers Task Team,11711,Duck pond:Bellevue Park duck pond,46.5004401,-84.2993188,Lake/Pond,Field Msr/Obs,Surface Water,8/25/2024,Probe/Sensor,"Temperature, air",26,deg C
Sault Ste. Marie Water Rangers Task Team,11708,Root River:Root River off Hwy 17 N (near Teen Challenge),46.5717047,-84.3206692,River/Stream,Field Msr/Obs,Surface Water,8/27/2024,Test strip,Chlorine,0,ppm
Sault Ste. Marie Water Rangers Task Team,11701,St. Marys River:Bellevue Park Topsail Island,46.4952016,-84.297452,River/Stream,Field Msr/Obs,Surface Water,8/25/2024,Test strip,Total hardness,100,mg/L
Sault Ste. Marie Water Rangers Task Team,11715,Little Carp River:Little Carp River Carpin Beach Rd,46.5097352,-84.4441581,River/Stream,Field Msr/Obs,Surface Water,9/1/2024,Probe/Sensor,"Temperature, air",19,deg C
Sault Ste. Marie Water Rangers Task Team,11706,Root River:Root River Fourth Line E,46.5672083,-84.3063569,River/Stream,Field Msr/Obs,Surface Water,8/24/2024,Probe/Sensor,Conductivity,132,uS/cm
Sault Ste. Marie Water Rangers Task Team,11718,East Davignon Creek:East Davignon Creek Allens Side (N of 2nd Ln W),46.559108,-84.4037962,River/Stream,Field Msr/Obs,Surface Water,8/28/2024,Test strip,"Alkalinity, total",20,mg/L
Sault Ste. Marie Water Rangers Task Team,11704,Root River:Root River Wishart Park,46.5637702,-84.2936325,River/Stream,Field Msr/Obs,Surface Water,8/22/2024,Test strip,Total hardness,0,mg/L
Sault Ste. Marie Water Rangers Task Team,11701,St. Marys River:Bellevue Park Topsail Island,46.4952016,-84.297452,River/Stream,Field Msr/Obs,Surface Water,8/20/2024,Probe/Sensor,Dissolved oxygen (DO),7,mg/L
Sault Ste. Marie Water Rangers Task Team,11701,St. Marys River:Bellevue Park Topsail Island,46.4952016,-84.297452,River/Stream,Field Msr/Obs,Surface Water,8/20/2024,Test strip,Total hardness,20,mg/L
Sault Ste. Marie Water Rangers Task Team,11705,Coldwater Creek:Lower Coldwater Creek Case Rd,46.5646992,-84.2689991,River/Stream,Field Msr/Obs,Surface Water,8/24/2024,Test strip,"Alkalinity, total",5,mg/L
Sault Ste. Marie Water Rangers Task Team,11702,Cold Water Creek:Cold Water Creek at Old Garden River Road,46.5636057,-84.2783117,River/Stream,Field Msr/Obs,Surface Water,8/28/2024,Probe/Sensor,Conductivity,201,uS/cm
Sault Ste. Marie Water Rangers Task Team,11711,Duck pond:Bellevue Park duck pond,46.5004401,-84.2993188,Lake/Pond,Field Msr/Obs,Surface Water,8/25/2024,Test strip,"Alkalinity, total",120,mg/L
Sault Ste. Marie Water Rangers Task Team,11708,Root River:Root River off Hwy 17 N (near Teen Challenge),46.5717047,-84.3206692,River/Stream,Field Msr/Obs,Surface Water,8/27/2024,Secchi Disk,Depth of water column,0.28,m
Sault Ste. Marie Water Rangers Task Team,11718,East Davignon Creek:East Davignon Creek Allens Side (N of 2nd Ln W),46.559108,-84.4037962,River/Stream,Field Msr/Obs,Surface Water,8/28/2024,Probe/Sensor,"Temperature, water",16.3,deg C
Sault Ste. Marie Water Rangers Task Team,11703,Root River:Root River Old Garden River,46.5629144,-84.2812943,River/Stream,Field Msr/Obs,Surface Water,8/28/2024,Probe/Sensor,Dissolved oxygen (DO),9,mg/L
Sault Ste. Marie Water Rangers Task Team,11707,Root River Branch:Root River Branch Fourth Line E,46.5676351,-84.3005633,River/Stream,Field Msr/Obs,Surface Water,9/1/2024,Probe/Sensor,"Temperature, air",18,deg C
Sault Ste. Marie Water Rangers Task Team,11713,East Davignon Creek:East Davignon Farwell Terrace (near Tim Hortons),46.5367668,-84.3616748,River/Stream,Field Msr/Obs,Surface Water,8/23/2024,Probe/Sensor,"Temperature, water",19.4,deg C
Sault Ste. Marie Water Rangers Task Team,11714,West Davignon Creek:West Davignon Brookfield Ave,46.5307892,-84.3968654,River/Stream,Field Msr/Obs,Surface Water,8/24/2024,,pH,7.6,None
Sault Ste. Marie Water Rangers Task Team,11704,Root River:Root River Wishart Park,46.5637702,-84.2936325,River/Stream,Field Msr/Obs,Surface Water,8/24/2024,Probe/Sensor,Conductivity,148,uS/cm
Sault Ste. Marie Water Rangers Task Team,11701,St. Marys River:Bellevue Park Topsail Island,46.4952016,-84.297452,River/Stream,Field Msr/Obs,Surface Water,5/29/2024,Test strip,Total hardness,0,mg/L
Sault Ste. Marie Water Rangers Task Team,11707,Root River Branch:Root River Branch Fourth Line E,46.5676351,-84.3005633,River/Stream,Field Msr/Obs,Surface Water,9/1/2024,Secchi Disk,Depth of water column,0.08,m
Sault Ste. Marie Water Rangers Task Team,11713,East Davignon Creek:East Davignon Farwell Terrace (near Tim Hortons),46.5367668,-84.3616748,River/Stream,Field Msr/Obs,Surface Water,8/23/2024,Test strip,Chlorine,0,ppm
Sault Ste. Marie Water Rangers Task Team,11705,Coldwater Creek:Lower Coldwater Creek Case Rd,46.5646992,-84.2689991,River/Stream,Field Msr/Obs,Surface Water,8/28/2024,Secchi Disk,Depth of water column,0.45,m
Sault Ste. Marie Water Rangers Task Team,11711,Duck pond:Bellevue Park duck pond,46.5004401,-84.2993188,Lake/Pond,Field Msr/Obs,Surface Water,8/20/2024,,pH,8.4,None
Sault Ste. Marie Water Rangers Task Team,11712,Fort Creek:Fort Creek Channel at Carmen's Way,46.5363508,-84.3442512,River/Stream,Field Msr/Obs,Surface Water,8/23/2024,Probe/Sensor,"Temperature, water",19.6,deg C
Sault Ste. Marie Water Rangers Task Team,11713,East Davignon Creek:East Davignon Farwell Terrace (near Tim Hortons),46.5367668,-84.3616748,River/Stream,Field Msr/Obs,Surface Water,8/23/2024,Probe/Sensor,Conductivity,307,uS/cm
Sault Ste. Marie Water Rangers Task Team,11707,Root River Branch:Root River Branch Fourth Line E,46.5676351,-84.3005633,River/Stream,Field Msr/Obs,Surface Water,8/24/2024,Probe/Sensor,Salinity,80,ppm
Sault Ste. Marie Water Rangers Task Team,11711,Duck pond:Bellevue Park duck pond,46.5004401,-84.2993188,Lake/Pond,Field Msr/Obs,Surface Water,8/20/2024,Probe/Sensor,Conductivity,156,uS/cm
Sault Ste. Marie Water Rangers Task Team,11715,Little Carp River:Little Carp River Carpin Beach Rd,46.5097352,-84.4441581,River/Stream,Field Msr/Obs,Surface Water,8/24/2024,Probe/Sensor,"Temperature, air",25,deg C
Sault Ste. Marie Water Rangers Task Team,11717,Upper Carp River:Upper Carp River at Creek Rd/Third Line W,46.5480272,-84.4551659,River/Stream,Field Msr/Obs,Surface Water,8/26/2024,Test strip,Chlorine,0,ppm
Sault Ste. Marie Water Rangers Task Team,11707,Root River Branch:Root River Branch Fourth Line E,46.5676351,-84.3005633,River/Stream,Field Msr/Obs,Surface Water,9/1/2024,Probe/Sensor,"Temperature, water",14.4,deg C
Sault Ste. Marie Water Rangers Task Team,11704,Root River:Root River Wishart Park,46.5637702,-84.2936325,River/Stream,Field Msr/Obs,Surface Water,8/22/2024,Probe/Sensor,Dissolved oxygen (DO),6,mg/L
Sault Ste. Marie Water Rangers Task Team,11716,Big Carp River:Big Carp River Herkimer Rd,46.5062632,-84.4498873,River/Stream,Field Msr/Obs,Surface Water,8/28/2024,Probe/Sensor,Conductivity,88,uS/cm
Sault Ste. Marie Water Rangers Task Team,11711,Duck pond:Bellevue Park duck pond,46.5004401,-84.2993188,Lake/Pond,Field Msr/Obs,Surface Water,8/28/2024,Test strip,"Alkalinity, total",80,mg/L
Sault Ste. Marie Water Rangers Task Team,11711,Duck pond:Bellevue Park duck pond,46.5004401,-84.2993188,Lake/Pond,Field Msr/Obs,Surface Water,8/20/2024,Test strip,Chlorine,0,ppm
Sault Ste. Marie Water Rangers Task Team,11703,Root River:Root River Old Garden River,46.5629144,-84.2812943,River/Stream,Field Msr/Obs,Surface Water,8/24/2024,,pH,7.3,None
Sault Ste. Marie Water Rangers Task Team,11709,Canon Creek:Canon Creek Old Goulais Bay Rd,46.5915743,-84.3430281,River/Stream,Field Msr/Obs,Surface Water,8/29/2024,Probe/Sensor,Conductivity,417,uS/cm
Sault Ste. Marie Water Rangers Task Team,11705,Coldwater Creek:Lower Coldwater Creek Case Rd,46.5646992,-84.2689991,River/Stream,Field Msr/Obs,Surface Water,8/28/2024,Probe/Sensor,Dissolved oxygen (DO),9,mg/L
Sault Ste. Marie Water Rangers Task Team,11706,Root River:Root River Fourth Line E,46.5672083,-84.3063569,River/Stream,Field Msr/Obs,Surface Water,9/1/2024,Test strip,Total hardness,0,mg/L
Sault Ste. Marie Water Rangers Task Team,11711,Duck pond:Bellevue Park duck pond,46.5004401,-84.2993188,Lake/Pond,Field Msr/Obs,Surface Water,8/20/2024,Test strip,Total hardness,150,mg/L
Sault Ste. Marie Water Rangers Task Team,11715,Little Carp River:Little Carp River Carpin Beach Rd,46.5097352,-84.4441581,River/Stream,Field Msr/Obs,Surface Water,9/1/2024,,pH,7.3,None
Sault Ste. Marie Water Rangers Task Team,11715,Little Carp River:Little Carp River Carpin Beach Rd,46.5097352,-84.4441581,River/Stream,Field Msr/Obs,Surface Water,9/1/2024,Probe/Sensor,Conductivity,119,uS/cm
Sault Ste. Marie Water Rangers Task Team,11711,Duck pond:Bellevue Park duck pond,46.5004401,-84.2993188,Lake/Pond,Field Msr/Obs,Surface Water,8/28/2024,Probe/Sensor,Dissolved oxygen (DO),4,mg/L
Sault Ste. Marie Water Rangers Task Team,11714,West Davignon Creek:West Davignon Brookfield Ave,46.5307892,-84.3968654,River/Stream,Field Msr/Obs,Surface Water,9/1/2024,Probe/Sensor,"Temperature, water",16.1,deg C
Sault Ste. Marie Water Rangers Task Team,11703,Root River:Root River Old Garden River,46.5629144,-84.2812943,River/Stream,Field Msr/Obs,Surface Water,8/28/2024,Test strip,"Alkalinity, total",10,mg/L
Sault Ste. Marie Water Rangers Task Team,11712,Fort Creek:Fort Creek Channel at Carmen's Way,46.5363508,-84.3442512,River/Stream,Field Msr/Obs,Surface Water,9/8/2024,Test strip,"Alkalinity, total",120,mg/L
Sault Ste. Marie Water Rangers Task Team,11709,Canon Creek:Canon Creek Old Goulais Bay Rd,46.5915743,-84.3430281,River/Stream,Field Msr/Obs,Surface Water,9/6/2024,Test strip,"Alkalinity, total",40,mg/L
Sault Ste. Marie Water Rangers Task Team,11718,East Davignon Creek:East Davignon Creek Allens Side (N of 2nd Ln W),46.559108,-84.4037962,River/Stream,Field Msr/Obs,Surface Water,9/8/2024,Probe/Sensor,"Temperature, water",12.3,deg C
Sault Ste. Marie Water Rangers Task Team,11718,East Davignon Creek:East Davignon Creek Allens Side (N of 2nd Ln W),46.559108,-84.4037962,River/Stream,Field Msr/Obs,Surface Water,9/8/2024,Test strip,Chlorine,0,ppm
Sault Ste. Marie Water Rangers Task Team,11705,Coldwater Creek:Lower Coldwater Creek Case Rd,46.5646992,-84.2689991,River/Stream,Field Msr/Obs,Surface Water,9/11/2024,Test strip,"Alkalinity, total",0,mg/L
Sault Ste. Marie Water Rangers Task Team,11702,Cold Water Creek:Cold Water Creek at Old Garden River Road,46.5636057,-84.2783117,River/Stream,Field Msr/Obs,Surface Water,9/7/2024,Probe/Sensor,Dissolved oxygen (DO),9,mg/L
Sault Ste. Marie Water Rangers Task Team,11702,Cold Water Creek:Cold Water Creek at Old Garden River Road,46.5636057,-84.2783117,River/Stream,Field Msr/Obs,Surface Water,9/7/2024,Probe/Sensor,"Temperature, air",9,deg C
Sault Ste. Marie Water Rangers Task Team,11704,Root River:Root River Wishart Park,46.5637702,-84.2936325,River/Stream,Field Msr/Obs,Surface Water,9/6/2024,Test strip,"Alkalinity, total",30,mg/L
Sault Ste. Marie Water Rangers Task Team,11718,East Davignon Creek:East Davignon Creek Allens Side (N of 2nd Ln W),46.559108,-84.4037962,River/Stream,Field Msr/Obs,Surface Water,9/8/2024,Probe/Sensor,"Temperature, air",19,deg C
Sault Ste. Marie Water Rangers Task Team,11704,Root River:Root River Wishart Park,46.5637702,-84.2936325,River/Stream,Field Msr/Obs,Surface Water,9/6/2024,Secchi Disk,Depth of water column,0.25,m
Sault Ste. Marie Water Rangers Task Team,11708,Root River:Root River off Hwy 17 N (near Teen Challenge),46.5717047,-84.3206692,River/Stream,Field Msr/Obs,Surface Water,9/9/2024,Secchi Disk,Depth of water column,0.35,m
Sault Ste. Marie Water Rangers Task Team,11706,Root River:Root River Fourth Line E,46.5672083,-84.3063569,River/Stream,Field Msr/Obs,Surface Water,9/7/2024,Probe/Sensor,Dissolved oxygen (DO),8,mg/L
Sault Ste. Marie Water Rangers Task Team,11709,Canon Creek:Canon Creek Old Goulais Bay Rd,46.5915743,-84.3430281,River/Stream,Field Msr/Obs,Surface Water,9/6/2024,Probe/Sensor,"Temperature, air",16,deg C
Sault Ste. Marie Water Rangers Task Team,11705,Coldwater Creek:Lower Coldwater Creek Case Rd,46.5646992,-84.2689991,River/Stream,Field Msr/Obs,Surface Water,9/7/2024,Secchi Disk,Depth of water column,0.29,m
Sault Ste. Marie Water Rangers Task Team,11718,East Davignon Creek:East Davignon Creek Allens Side (N of 2nd Ln W),46.559108,-84.4037962,River/Stream,Field Msr/Obs,Surface Water,9/8/2024,Secchi Disk,Depth of water column,0.25,m
Sault Ste. Marie Water Rangers Task Team,11714,West Davignon Creek:West Davignon Brookfield Ave,46.5307892,-84.3968654,River/Stream,Field Msr/Obs,Surface Water,9/8/2024,Test strip,"Alkalinity, total",70,mg/L
Sault Ste. Marie Water Rangers Task Team,11709,Canon Creek:Canon Creek Old Goulais Bay Rd,46.5915743,-84.3430281,River/Stream,Field Msr/Obs,Surface Water,9/9/2024,Probe/Sensor,Conductivity,40,uS/cm
Sault Ste. Marie Water Rangers Task Team,11708,Root River:Root River off Hwy 17 N (near Teen Challenge),46.5717047,-84.3206692,River/Stream,Field Msr/Obs,Surface Water,9/6/2024,Test strip,Chlorine,0,ppm
Sault Ste. Marie Water Rangers Task Team,11708,Root River:Root River off Hwy 17 N (near Teen Challenge),46.5717047,-84.3206692,River/Stream,Field Msr/Obs,Surface Water,9/6/2024,Secchi Disk,Depth of water column,0.37,m
Sault Ste. Marie Water Rangers Task Team,11713,East Davignon Creek:East Davignon Farwell Terrace (near Tim Hortons),46.5367668,-84.3616748,River/Stream,Field Msr/Obs,Surface Water,9/8/2024,Test strip,Chlorine,0,ppm
Sault Ste. Marie Water Rangers Task Team,11714,West Davignon Creek:West Davignon Brookfield Ave,46.5307892,-84.3968654,River/Stream,Field Msr/Obs,Surface Water,9/8/2024,Secchi Disk,Depth of water column,0.26,m
Sault Ste. Marie Water Rangers Task Team,11712,Fort Creek:Fort Creek Channel at Carmen's Way,46.5363508,-84.3442512,River/Stream,Field Msr/Obs,Surface Water,9/8/2024,Probe/Sensor,"Temperature, water",15.4,deg C
Sault Ste. Marie Water Rangers Task Team,11716,Big Carp River:Big Carp River Herkimer Rd,46.5062632,-84.4498873,River/Stream,Field Msr/Obs,Surface Water,9/8/2024,Test strip,"Alkalinity, total",0,mg/L
Sault Ste. Marie Water Rangers Task Team,11703,Root River:Root River Old Garden River,46.5629144,-84.2812943,River/Stream,Field Msr/Obs,Surface Water,9/7/2024,Probe/Sensor,"Temperature, air",9,deg C
Sault Ste. Marie Water Rangers Task Team,11715,Little Carp River:Little Carp River Carpin Beach Rd,46.5097352,-84.4441581,River/Stream,Field Msr/Obs,Surface Water,9/8/2024,,pH,7,None
Sault Ste. Marie Water Rangers Task Team,11703,Root River:Root River Old Garden River,46.5629144,-84.2812943,River/Stream,Field Msr/Obs,Surface Water,9/7/2024,Probe/Sensor,Dissolved oxygen (DO),8,mg/L
Sault Ste. Marie Water Rangers Task Team,11708,Root River:Root River off Hwy 17 N (near Teen Challenge),46.5717047,-84.3206692,River/Stream,Field Msr/Obs,Surface Water,9/6/2024,Probe/Sensor,Dissolved oxygen (DO),7,mg/L
Sault Ste. Marie Water Rangers Task Team,11706,Root River:Root River Fourth Line E,46.5672083,-84.3063569,River/Stream,Field Msr/Obs,Surface Water,9/7/2024,,pH,7,None
Sault Ste. Marie Water Rangers Task Team,11717,Upper Carp River:Upper Carp River at Creek Rd/Third Line W,46.5480272,-84.4551659,River/Stream,Field Msr/Obs,Surface Water,9/8/2024,Test strip,Chlorine,0,ppm
Sault Ste. Marie Water Rangers Task Team,11703,Root River:Root River Old Garden River,46.5629144,-84.2812943,River/Stream,Field Msr/Obs,Surface Water,9/7/2024,Probe/Sensor,Conductivity,112,uS/cm
Sault Ste. Marie Water Rangers Task Team,11703,Root River:Root River Old Garden River,46.5629144,-84.2812943,River/Stream,Field Msr/Obs,Surface Water,9/7/2024,Test strip,"Alkalinity, total",0,mg/L
Sault Ste. Marie Water Rangers Task Team,11704,Root River:Root River Wishart Park,46.5637702,-84.2936325,River/Stream,Field Msr/Obs,Surface Water,9/6/2024,Probe/Sensor,Conductivity,97,uS/cm
Sault Ste. Marie Water Rangers Task Team,11705,Coldwater Creek:Lower Coldwater Creek Case Rd,46.5646992,-84.2689991,River/Stream,Field Msr/Obs,Surface Water,9/11/2024,Test strip,Total hardness,0,mg/L
Sault Ste. Marie Water Rangers Task Team,11709,Canon Creek:Canon Creek Old Goulais Bay Rd,46.5915743,-84.3430281,River/Stream,Field Msr/Obs,Surface Water,9/6/2024,Probe/Sensor,Conductivity,39,uS/cm
Sault Ste. Marie Water Rangers Task Team,11708,Root River:Root River off Hwy 17 N (near Teen Challenge),46.5717047,-84.3206692,River/Stream,Field Msr/Obs,Surface Water,9/6/2024,Test strip,"Alkalinity, total",30,mg/L
Sault Ste. Marie Water Rangers Task Team,11704,Root River:Root River Wishart Park,46.5637702,-84.2936325,River/Stream,Field Msr/Obs,Surface Water,9/6/2024,Test strip,Chlorine,0,ppm
Sault Ste. Marie Water Rangers Task Team,11717,Upper Carp River:Upper Carp River at Creek Rd/Third Line W,46.5480272,-84.4551659,River/Stream,Field Msr/Obs,Surface Water,9/8/2024,Secchi Disk,Depth of water column,0.1,m
Sault Ste. Marie Water Rangers Task Team,11716,Big Carp River:Big Carp River Herkimer Rd,46.5062632,-84.4498873,River/Stream,Field Msr/Obs,Surface Water,9/8/2024,,pH,7.5,None
Sault Ste. Marie Water Rangers Task Team,11709,Canon Creek:Canon Creek Old Goulais Bay Rd,46.5915743,-84.3430281,River/Stream,Field Msr/Obs,Surface Water,9/6/2024,Test strip,Total hardness,0,mg/L
Sault Ste. Marie Water Rangers Task Team,11709,Canon Creek:Canon Creek Old Goulais Bay Rd,46.5915743,-84.3430281,River/Stream,Field Msr/Obs,Surface Water,9/6/2024,Secchi Disk,Depth of water column,0.25,m
Sault Ste. Marie Water Rangers Task Team,11714,West Davignon Creek:West Davignon Brookfield Ave,46.5307892,-84.3968654,River/Stream,Field Msr/Obs,Surface Water,9/8/2024,,pH,7.8,None
Sault Ste. Marie Water Rangers Task Team,11705,Coldwater Creek:Lower Coldwater Creek Case Rd,46.5646992,-84.2689991,River/Stream,Field Msr/Obs,Surface Water,9/7/2024,Probe/Sensor,"Temperature, water",11.4,deg C
Sault Ste. Marie Water Rangers Task Team,11712,Fort Creek:Fort Creek Channel at Carmen's Way,46.5363508,-84.3442512,River/Stream,Field Msr/Obs,Surface Water,9/8/2024,Probe/Sensor,Conductivity,607,uS/cm
Sault Ste. Marie Water Rangers Task Team,11717,Upper Carp River:Upper Carp River at Creek Rd/Third Line W,46.5480272,-84.4551659,River/Stream,Field Msr/Obs,Surface Water,9/8/2024,Test strip,"Alkalinity, total",0,mg/L
Sault Ste. Marie Water Rangers Task Team,11713,East Davignon Creek:East Davignon Farwell Terrace (near Tim Hortons),46.5367668,-84.3616748,River/Stream,Field Msr/Obs,Surface Water,9/8/2024,Secchi Disk,Depth of water column,0.25,m
Sault Ste. Marie Water Rangers Task Team,11703,Root River:Root River Old Garden River,46.5629144,-84.2812943,River/Stream,Field Msr/Obs,Surface Water,9/7/2024,Probe/Sensor,Dissolved oxygen (DO),8,mg/L
Sault Ste. Marie Water Rangers Task Team,11715,Little Carp River:Little Carp River Carpin Beach Rd,46.5097352,-84.4441581,River/Stream,Field Msr/Obs,Surface Water,9/8/2024,Probe/Sensor,"Temperature, water",13.1,deg C
Sault Ste. Marie Water Rangers Task Team,11714,West Davignon Creek:West Davignon Brookfield Ave,46.5307892,-84.3968654,River/Stream,Field Msr/Obs,Surface Water,9/8/2024,Probe/Sensor,Salinity,73,ppm
Sault Ste. Marie Water Rangers Task Team,11703,Root River:Root River Old Garden River,46.5629144,-84.2812943,River/Stream,Field Msr/Obs,Surface Water,9/7/2024,Probe/Sensor,"Temperature, water",11.5,deg C
Sault Ste. Marie Water Rangers Task Team,11709,Canon Creek:Canon Creek Old Goulais Bay Rd,46.5915743,-84.3430281,River/Stream,Field Msr/Obs,Surface Water,9/6/2024,Probe/Sensor,Dissolved oxygen (DO),7,mg/L
Sault Ste. Marie Water Rangers Task Team,11702,Cold Water Creek:Cold Water Creek at Old Garden River Road,46.5636057,-84.2783117,River/Stream,Field Msr/Obs,Surface Water,9/7/2024,Secchi Disk,Depth of water column,0.27,m
Sault Ste. Marie Water Rangers Task Team,11716,Big Carp River:Big Carp River Herkimer Rd,46.5062632,-84.4498873,River/Stream,Field Msr/Obs,Surface Water,9/8/2024,Probe/Sensor,Conductivity,83,uS/cm
Sault Ste. Marie Water Rangers Task Team,11706,Root River:Root River Fourth Line E,46.5672083,-84.3063569,River/Stream,Field Msr/Obs,Surface Water,9/7/2024,Probe/Sensor,Conductivity,101,uS/cm
Sault Ste. Marie Water Rangers Task Team,11706,Root River:Root River Fourth Line E,46.5672083,-84.3063569,River/Stream,Field Msr/Obs,Surface Water,9/7/2024,Test strip,Total hardness,0,mg/L
Sault Ste. Marie Water Rangers Task Team,11708,Root River:Root River off Hwy 17 N (near Teen Challenge),46.5717047,-84.3206692,River/Stream,Field Msr/Obs,Surface Water,9/6/2024,Probe/Sensor,"Temperature, air",18,deg C
Sault Ste. Marie Water Rangers Task Team,11715,Little Carp River:Little Carp River Carpin Beach Rd,46.5097352,-84.4441581,River/Stream,Field Msr/Obs,Surface Water,9/8/2024,Probe/Sensor,Salinity,63,ppm
Sault Ste. Marie Water Rangers Task Team,11709,Canon Creek:Canon Creek Old Goulais Bay Rd,46.5915743,-84.3430281,River/Stream,Field Msr/Obs,Surface Water,9/9/2024,Probe/Sensor,"Temperature, air",20,deg C
Sault Ste. Marie Water Rangers Task Team,11708,Root River:Root River off Hwy 17 N (near Teen Challenge),46.5717047,-84.3206692,River/Stream,Field Msr/Obs,Surface Water,9/6/2024,Probe/Sensor,"Temperature, water",16.1,deg C
Sault Ste. Marie Water Rangers Task Team,11704,Root River:Root River Wishart Park,46.5637702,-84.2936325,River/Stream,Field Msr/Obs,Surface Water,9/9/2024,Secchi Disk,Depth of water column,0.25,m
Sault Ste. Marie Water Rangers Task Team,11705,Coldwater Creek:Lower Coldwater Creek Case Rd,46.5646992,-84.2689991,River/Stream,Field Msr/Obs,Surface Water,9/11/2024,Probe/Sensor,"Temperature, air",24,deg C
Sault Ste. Marie Water Rangers Task Team,11712,Fort Creek:Fort Creek Channel at Carmen's Way,46.5363508,-84.3442512,River/Stream,Field Msr/Obs,Surface Water,9/8/2024,Secchi Disk,"Depth, Secchi disk depth",0.2,m
Sault Ste. Marie Water Rangers Task Team,11706,Root River:Root River Fourth Line E,46.5672083,-84.3063569,River/Stream,Field Msr/Obs,Surface Water,9/7/2024,Secchi Disk,Depth of water column,0.12,m
Sault Ste. Marie Water Rangers Task Team,11703,Root River:Root River Old Garden River,46.5629144,-84.2812943,River/Stream,Field Msr/Obs,Surface Water,9/7/2024,Probe/Sensor,"Temperature, water",11.5,deg C
Sault Ste. Marie Water Rangers Task Team,11715,Little Carp River:Little Carp River Carpin Beach Rd,46.5097352,-84.4441581,River/Stream,Field Msr/Obs,Surface Water,9/8/2024,Probe/Sensor,"Temperature, air",20,deg C
Sault Ste. Marie Water Rangers Task Team,11712,Fort Creek:Fort Creek Channel at Carmen's Way,46.5363508,-84.3442512,River/Stream,Field Msr/Obs,Surface Water,9/8/2024,,pH,7.5,None
Sault Ste. Marie Water Rangers Task Team,11702,Cold Water Creek:Cold Water Creek at Old Garden River Road,46.5636057,-84.2783117,River/Stream,Field Msr/Obs,Surface Water,9/7/2024,Probe/Sensor,Conductivity,201,uS/cm
Sault Ste. Marie Water Rangers Task Team,11704,Root River:Root River Wishart Park,46.5637702,-84.2936325,River/Stream,Field Msr/Obs,Surface Water,9/9/2024,Test strip,Total hardness,0,mg/L
Sault Ste. Marie Water Rangers Task Team,11717,Upper Carp River:Upper Carp River at Creek Rd/Third Line W,46.5480272,-84.4551659,River/Stream,Field Msr/Obs,Surface Water,9/8/2024,Probe/Sensor,"Temperature, water",11.9,deg C
Sault Ste. Marie Water Rangers Task Team,11702,Cold Water Creek:Cold Water Creek at Old Garden River Road,46.5636057,-84.2783117,River/Stream,Field Msr/Obs,Surface Water,9/7/2024,Test strip,Chlorine,0,ppm
Sault Ste. Marie Water Rangers Task Team,11709,Canon Creek:Canon Creek Old Goulais Bay Rd,46.5915743,-84.3430281,River/Stream,Field Msr/Obs,Surface Water,9/6/2024,Test strip,Chlorine,0,ppm
Sault Ste. Marie Water Rangers Task Team,11703,Root River:Root River Old Garden River,46.5629144,-84.2812943,River/Stream,Field Msr/Obs,Surface Water,9/7/2024,Test strip,Chlorine,0,ppm
Sault Ste. Marie Water Rangers Task Team,11709,Canon Creek:Canon Creek Old Goulais Bay Rd,46.5915743,-84.3430281,River/Stream,Field Msr/Obs,Surface Water,9/9/2024,Probe/Sensor,"Temperature, water",13.9,deg C
Sault Ste. Marie Water Rangers Task Team,11715,Little Carp River:Little Carp River Carpin Beach Rd,46.5097352,-84.4441581,River/Stream,Field Msr/Obs,Surface Water,9/8/2024,Test strip,"Alkalinity, total",30,mg/L
Sault Ste. Marie Water Rangers Task Team,11715,Little Carp River:Little Carp River Carpin Beach Rd,46.5097352,-84.4441581,River/Stream,Field Msr/Obs,Surface Water,9/8/2024,Probe/Sensor,Conductivity,118,uS/cm
Sault Ste. Marie Water Rangers Task Team,11704,Root River:Root River Wishart Park,46.5637702,-84.2936325,River/Stream,Field Msr/Obs,Surface Water,9/6/2024,,pH,7.2,None
Sault Ste. Marie Water Rangers Task Team,11705,Coldwater Creek:Lower Coldwater Creek Case Rd,46.5646992,-84.2689991,River/Stream,Field Msr/Obs,Surface Water,9/11/2024,Test strip,Chlorine,0,ppm
Sault Ste. Marie Water Rangers Task Team,11705,Coldwater Creek:Lower Coldwater Creek Case Rd,46.5646992,-84.2689991,River/Stream,Field Msr/Obs,Surface Water,9/7/2024,Probe/Sensor,Dissolved oxygen (DO),7,mg/L
Sault Ste. Marie Water Rangers Task Team,11709,Canon Creek:Canon Creek Old Goulais Bay Rd,46.5915743,-84.3430281,River/Stream,Field Msr/Obs,Surface Water,9/6/2024,Probe/Sensor,"Temperature, water",15.1,deg C
Sault Ste. Marie Water Rangers Task Team,11704,Root River:Root River Wishart Park,46.5637702,-84.2936325,River/Stream,Field Msr/Obs,Surface Water,9/6/2024,Probe/Sensor,"Temperature, air",14,deg C
Sault Ste. Marie Water Rangers Task Team,11718,East Davignon Creek:East Davignon Creek Allens Side (N of 2nd Ln W),46.559108,-84.4037962,River/Stream,Field Msr/Obs,Surface Water,9/8/2024,Probe/Sensor,Conductivity,84,uS/cm
Sault Ste. Marie Water Rangers Task Team,11703,Root River:Root River Old Garden River,46.5629144,-84.2812943,River/Stream,Field Msr/Obs,Surface Water,9/7/2024,Test strip,"Alkalinity, total",0,mg/L
Sault Ste. Marie Water Rangers Task Team,11704,Root River:Root River Wishart Park,46.5637702,-84.2936325,River/Stream,Field Msr/Obs,Surface Water,9/9/2024,Probe/Sensor,Dissolved oxygen (DO),7,mg/L
Sault Ste. Marie Water Rangers Task Team,11708,Root River:Root River off Hwy 17 N (near Teen Challenge),46.5717047,-84.3206692,River/Stream,Field Msr/Obs,Surface Water,9/9/2024,Probe/Sensor,"Temperature, water",14.3,deg C
Sault Ste. Marie Water Rangers Task Team,11713,East Davignon Creek:East Davignon Farwell Terrace (near Tim Hortons),46.5367668,-84.3616748,River/Stream,Field Msr/Obs,Surface Water,9/8/2024,,pH,7.5,None
Sault Ste. Marie Water Rangers Task Team,11718,East Davignon Creek:East Davignon Creek Allens Side (N of 2nd Ln W),46.559108,-84.4037962,River/Stream,Field Msr/Obs,Surface Water,9/8/2024,Test strip,Total hardness,0,mg/L
Sault Ste. Marie Water Rangers Task Team,11702,Cold Water Creek:Cold Water Creek at Old Garden River Road,46.5636057,-84.2783117,River/Stream,Field Msr/Obs,Surface Water,9/7/2024,Test strip,Total hardness,0,mg/L
Sault Ste. Marie Water Rangers Task Team,11709,Canon Creek:Canon Creek Old Goulais Bay Rd,46.5915743,-84.3430281,River/Stream,Field Msr/Obs,Surface Water,9/6/2024,,pH,7.2,None
Sault Ste. Marie Water Rangers Task Team,11713,East Davignon Creek:East Davignon Farwell Terrace (near Tim Hortons),46.5367668,-84.3616748,River/Stream,Field Msr/Obs,Surface Water,9/8/2024,Probe/Sensor,Dissolved oxygen (DO),9,mg/L
Sault Ste. Marie Water Rangers Task Team,11708,Root River:Root River off Hwy 17 N (near Teen Challenge),46.5717047,-84.3206692,River/Stream,Field Msr/Obs,Surface Water,9/9/2024,Test strip,"Alkalinity, total",20,mg/L
Sault Ste. Marie Water Rangers Task Team,11705,Coldwater Creek:Lower Coldwater Creek Case Rd,46.5646992,-84.2689991,River/Stream,Field Msr/Obs,Surface Water,9/7/2024,Test strip,Chlorine,0,ppm
Sault Ste. Marie Water Rangers Task Team,11705,Coldwater Creek:Lower Coldwater Creek Case Rd,46.5646992,-84.2689991,River/Stream,Field Msr/Obs,Surface Water,9/11/2024,Secchi Disk,Depth of water column,0.39,m
Sault Ste. Marie Water Rangers Task Team,11704,Root River:Root River Wishart Park,46.5637702,-84.2936325,River/Stream,Field Msr/Obs,Surface Water,9/9/2024,Probe/Sensor,Conductivity,103,uS/cm
Sault Ste. Marie Water Rangers Task Team,11703,Root River:Root River Old Garden River,46.5629144,-84.2812943,River/Stream,Field Msr/Obs,Surface Water,9/7/2024,Test strip,Total hardness,0,mg/L
Sault Ste. Marie Water Rangers Task Team,11713,East Davignon Creek:East Davignon Farwell Terrace (near Tim Hortons),46.5367668,-84.3616748,River/Stream,Field Msr/Obs,Surface Water,9/8/2024,Probe/Sensor,Conductivity,313,uS/cm
Sault Ste. Marie Water Rangers Task Team,11708,Root River:Root River off Hwy 17 N (near Teen Challenge),46.5717047,-84.3206692,River/Stream,Field Msr/Obs,Surface Water,9/9/2024,Probe/Sensor,Conductivity,103,uS/cm
Sault Ste. Marie Water Rangers Task Team,11714,West Davignon Creek:West Davignon Brookfield Ave,46.5307892,-84.3968654,River/Stream,Field Msr/Obs,Surface Water,9/8/2024,Probe/Sensor,"Temperature, water",13.4,deg C
Sault Ste. Marie Water Rangers Task Team,11713,East Davignon Creek:East Davignon Farwell Terrace (near Tim Hortons),46.5367668,-84.3616748,River/Stream,Field Msr/Obs,Surface Water,9/8/2024,Test strip,Total hardness,50,mg/L
Sault Ste. Marie Water Rangers Task Team,11708,Root River:Root River off Hwy 17 N (near Teen Challenge),46.5717047,-84.3206692,River/Stream,Field Msr/Obs,Surface Water,9/9/2024,,pH,7.2,None
Sault Ste. Marie Water Rangers Task Team,11714,West Davignon Creek:West Davignon Brookfield Ave,46.5307892,-84.3968654,River/Stream,Field Msr/Obs,Surface Water,9/8/2024,Probe/Sensor,Conductivity,137,uS/cm
Sault Ste. Marie Water Rangers Task Team,11704,Root River:Root River Wishart Park,46.5637702,-84.2936325,River/Stream,Field Msr/Obs,Surface Water,9/9/2024,Probe/Sensor,"Temperature, water",15.6,deg C
Sault Ste. Marie Water Rangers Task Team,11718,East Davignon Creek:East Davignon Creek Allens Side (N of 2nd Ln W),46.559108,-84.4037962,River/Stream,Field Msr/Obs,Surface Water,9/8/2024,Test strip,"Alkalinity, total",20,mg/L
Sault Ste. Marie Water Rangers Task Team,11716,Big Carp River:Big Carp River Herkimer Rd,46.5062632,-84.4498873,River/Stream,Field Msr/Obs,Surface Water,9/8/2024,Test strip,Chlorine,0,ppm
Sault Ste. Marie Water Rangers Task Team,11709,Canon Creek:Canon Creek Old Goulais Bay Rd,46.5915743,-84.3430281,River/Stream,Field Msr/Obs,Surface Water,9/9/2024,Test strip,Total hardness,0,mg/L
Sault Ste. Marie Water Rangers Task Team,11709,Canon Creek:Canon Creek Old Goulais Bay Rd,46.5915743,-84.3430281,River/Stream,Field Msr/Obs,Surface Water,9/9/2024,Secchi Disk,Depth of water column,0.25,m
Sault Ste. Marie Water Rangers Task Team,11703,Root River:Root River Old Garden River,46.5629144,-84.2812943,River/Stream,Field Msr/Obs,Surface Water,9/7/2024,Secchi Disk,Depth of water column,0.29,m
Sault Ste. Marie Water Rangers Task Team,11717,Upper Carp River:Upper Carp River at Creek Rd/Third Line W,46.5480272,-84.4551659,River/Stream,Field Msr/Obs,Surface Water,9/8/2024,Test strip,Total hardness,0,mg/L
Sault Ste. Marie Water Rangers Task Team,11704,Root River:Root River Wishart Park,46.5637702,-84.2936325,River/Stream,Field Msr/Obs,Surface Water,9/9/2024,Test strip,"Alkalinity, total",30,mg/L
Sault Ste. Marie Water Rangers Task Team,11716,Big Carp River:Big Carp River Herkimer Rd,46.5062632,-84.4498873,River/Stream,Field Msr/Obs,Surface Water,9/8/2024,Probe/Sensor,Dissolved oxygen (DO),7,mg/L
Sault Ste. Marie Water Rangers Task Team,11709,Canon Creek:Canon Creek Old Goulais Bay Rd,46.5915743,-84.3430281,River/Stream,Field Msr/Obs,Surface Water,9/9/2024,Test strip,Chlorine,0,ppm
Sault Ste. Marie Water Rangers Task Team,11704,Root River:Root River Wishart Park,46.5637702,-84.2936325,River/Stream,Field Msr/Obs,Surface Water,9/9/2024,Probe/Sensor,"Temperature, air",20,deg C
Sault Ste. Marie Water Rangers Task Team,11706,Root River:Root River Fourth Line E,46.5672083,-84.3063569,River/Stream,Field Msr/Obs,Surface Water,9/7/2024,Test strip,Chlorine,0,ppm
Sault Ste. Marie Water Rangers Task Team,11704,Root River:Root River Wishart Park,46.5637702,-84.2936325,River/Stream,Field Msr/Obs,Surface Water,9/6/2024,Test strip,Total hardness,0,mg/L
Sault Ste. Marie Water Rangers Task Team,11708,Root River:Root River off Hwy 17 N (near Teen Challenge),46.5717047,-84.3206692,River/Stream,Field Msr/Obs,Surface Water,9/9/2024,Probe/Sensor,"Temperature, air",20,deg C
Sault Ste. Marie Water Rangers Task Team,11705,Coldwater Creek:Lower Coldwater Creek Case Rd,46.5646992,-84.2689991,River/Stream,Field Msr/Obs,Surface Water,9/11/2024,Probe/Sensor,Dissolved oxygen (DO),9,mg/L
Sault Ste. Marie Water Rangers Task Team,11715,Little Carp River:Little Carp River Carpin Beach Rd,46.5097352,-84.4441581,River/Stream,Field Msr/Obs,Surface Water,9/8/2024,Test strip,Chlorine,0,ppm
Sault Ste. Marie Water Rangers Task Team,11716,Big Carp River:Big Carp River Herkimer Rd,46.5062632,-84.4498873,River/Stream,Field Msr/Obs,Surface Water,9/8/2024,Secchi Disk,Depth of water column,1.5,m
Sault Ste. Marie Water Rangers Task Team,11708,Root River:Root River off Hwy 17 N (near Teen Challenge),46.5717047,-84.3206692,River/Stream,Field Msr/Obs,Surface Water,9/6/2024,,pH,7,None
Sault Ste. Marie Water Rangers Task Team,11716,Big Carp River:Big Carp River Herkimer Rd,46.5062632,-84.4498873,River/Stream,Field Msr/Obs,Surface Water,9/8/2024,Probe/Sensor,"Temperature, water",13.5,deg C
Sault Ste. Marie Water Rangers Task Team,11714,West Davignon Creek:West Davignon Brookfield Ave,46.5307892,-84.3968654,River/Stream,Field Msr/Obs,Surface Water,9/8/2024,Probe/Sensor,"Temperature, air",20,deg C
Sault Ste. Marie Water Rangers Task Team,11704,Root River:Root River Wishart Park,46.5637702,-84.2936325,River/Stream,Field Msr/Obs,Surface Water,9/6/2024,Probe/Sensor,"Temperature, water",15.7,deg C
Sault Ste. Marie Water Rangers Task Team,11708,Root River:Root River off Hwy 17 N (near Teen Challenge),46.5717047,-84.3206692,River/Stream,Field Msr/Obs,Surface Water,9/9/2024,Test strip,Total hardness,0,mg/L
Sault Ste. Marie Water Rangers Task Team,11713,East Davignon Creek:East Davignon Farwell Terrace (near Tim Hortons),46.5367668,-84.3616748,River/Stream,Field Msr/Obs,Surface Water,9/8/2024,Test strip,"Alkalinity, total",60,mg/L
Sault Ste. Marie Water Rangers Task Team,11708,Root River:Root River off Hwy 17 N (near Teen Challenge),46.5717047,-84.3206692,River/Stream,Field Msr/Obs,Surface Water,9/9/2024,Probe/Sensor,Dissolved oxygen (DO),7,mg/L
Sault Ste. Marie Water Rangers Task Team,11714,West Davignon Creek:West Davignon Brookfield Ave,46.5307892,-84.3968654,River/Stream,Field Msr/Obs,Surface Water,9/8/2024,Test strip,Total hardness,0,mg/L
Sault Ste. Marie Water Rangers Task Team,11717,Upper Carp River:Upper Carp River at Creek Rd/Third Line W,46.5480272,-84.4551659,River/Stream,Field Msr/Obs,Surface Water,9/8/2024,Probe/Sensor,Dissolved oxygen (DO),9,mg/L
Sault Ste. Marie Water Rangers Task Team,11712,Fort Creek:Fort Creek Channel at Carmen's Way,46.5363508,-84.3442512,River/Stream,Field Msr/Obs,Surface Water,9/8/2024,Test strip,Total hardness,100,mg/L
Sault Ste. Marie Water Rangers Task Team,11703,Root River:Root River Old Garden River,46.5629144,-84.2812943,River/Stream,Field Msr/Obs,Surface Water,9/7/2024,Secchi Disk,Depth of water column,0.29,m
Sault Ste. Marie Water Rangers Task Team,11703,Root River:Root River Old Garden River,46.5629144,-84.2812943,River/Stream,Field Msr/Obs,Surface Water,9/7/2024,Probe/Sensor,"Temperature, air",9,deg C
Sault Ste. Marie Water Rangers Task Team,11717,Upper Carp River:Upper Carp River at Creek Rd/Third Line W,46.5480272,-84.4551659,River/Stream,Field Msr/Obs,Surface Water,9/8/2024,Probe/Sensor,Salinity,29,ppm
Sault Ste. Marie Water Rangers Task Team,11703,Root River:Root River Old Garden River,46.5629144,-84.2812943,River/Stream,Field Msr/Obs,Surface Water,9/7/2024,Test strip,Chlorine,0,ppm
Sault Ste. Marie Water Rangers Task Team,11706,Root River:Root River Fourth Line E,46.5672083,-84.3063569,River/Stream,Field Msr/Obs,Surface Water,9/7/2024,Probe/Sensor,"Temperature, air",7,deg C
Sault Ste. Marie Water Rangers Task Team,11703,Root River:Root River Old Garden River,46.5629144,-84.2812943,River/Stream,Field Msr/Obs,Surface Water,9/7/2024,Probe/Sensor,Conductivity,112,uS/cm
Sault Ste. Marie Water Rangers Task Team,11704,Root River:Root River Wishart Park,46.5637702,-84.2936325,River/Stream,Field Msr/Obs,Surface Water,9/9/2024,Test strip,Chlorine,0,ppm
Sault Ste. Marie Water Rangers Task Team,11712,Fort Creek:Fort Creek Channel at Carmen's Way,46.5363508,-84.3442512,River/Stream,Field Msr/Obs,Surface Water,9/8/2024,Probe/Sensor,"Temperature, air",16,deg C
Sault Ste. Marie Water Rangers Task Team,11713,East Davignon Creek:East Davignon Farwell Terrace (near Tim Hortons),46.5367668,-84.3616748,River/Stream,Field Msr/Obs,Surface Water,9/8/2024,Probe/Sensor,"Temperature, air",17,deg C
Sault Ste. Marie Water Rangers Task Team,11716,Big Carp River:Big Carp River Herkimer Rd,46.5062632,-84.4498873,River/Stream,Field Msr/Obs,Surface Water,9/8/2024,Secchi Disk,"Depth, Secchi disk depth",1,m
Sault Ste. Marie Water Rangers Task Team,11703,Root River:Root River Old Garden River,46.5629144,-84.2812943,River/Stream,Field Msr/Obs,Surface Water,9/7/2024,Test strip,Total hardness,0,mg/L
Sault Ste. Marie Water Rangers Task Team,11717,Upper Carp River:Upper Carp River at Creek Rd/Third Line W,46.5480272,-84.4551659,River/Stream,Field Msr/Obs,Surface Water,9/8/2024,Probe/Sensor,"Temperature, air",17,deg C
Sault Ste. Marie Water Rangers Task Team,11705,Coldwater Creek:Lower Coldwater Creek Case Rd,46.5646992,-84.2689991,River/Stream,Field Msr/Obs,Surface Water,9/11/2024,,pH,7.4,None
Sault Ste. Marie Water Rangers Task Team,11708,Root River:Root River off Hwy 17 N (near Teen Challenge),46.5717047,-84.3206692,River/Stream,Field Msr/Obs,Surface Water,9/6/2024,Test strip,Total hardness,0,mg/L
Sault Ste. Marie Water Rangers Task Team,11705,Coldwater Creek:Lower Coldwater Creek Case Rd,46.5646992,-84.2689991,River/Stream,Field Msr/Obs,Surface Water,9/11/2024,Probe/Sensor,Conductivity,96,uS/cm
Sault Ste. Marie Water Rangers Task Team,11708,Root River:Root River off Hwy 17 N (near Teen Challenge),46.5717047,-84.3206692,River/Stream,Field Msr/Obs,Surface Water,9/6/2024,Probe/Sensor,Conductivity,88,uS/cm
Sault Ste. Marie Water Rangers Task Team,11702,Cold Water Creek:Cold Water Creek at Old Garden River Road,46.5636057,-84.2783117,River/Stream,Field Msr/Obs,Surface Water,9/7/2024,Test strip,"Alkalinity, total",0,mg/L
Sault Ste. Marie Water Rangers Task Team,11716,Big Carp River:Big Carp River Herkimer Rd,46.5062632,-84.4498873,River/Stream,Field Msr/Obs,Surface Water,9/8/2024,Test strip,Total hardness,0,mg/L
Sault Ste. Marie Water Rangers Task Team,11708,Root River:Root River off Hwy 17 N (near Teen Challenge),46.5717047,-84.3206692,River/Stream,Field Msr/Obs,Surface Water,9/9/2024,Test strip,Chlorine,0,ppm
Sault Ste. Marie Water Rangers Task Team,11716,Big Carp River:Big Carp River Herkimer Rd,46.5062632,-84.4498873,River/Stream,Field Msr/Obs,Surface Water,9/8/2024,Probe/Sensor,"Temperature, air",19,deg C
Sault Ste. Marie Water Rangers Task Team,11712,Fort Creek:Fort Creek Channel at Carmen's Way,46.5363508,-84.3442512,River/Stream,Field Msr/Obs,Surface Water,9/8/2024,Test strip,Chlorine,0,ppm
Sault Ste. Marie Water Rangers Task Team,11702,Cold Water Creek:Cold Water Creek at Old Garden River Road,46.5636057,-84.2783117,River/Stream,Field Msr/Obs,Surface Water,9/7/2024,,pH,7.1,None
Sault Ste. Marie Water Rangers Task Team,11705,Coldwater Creek:Lower Coldwater Creek Case Rd,46.5646992,-84.2689991,River/Stream,Field Msr/Obs,Surface Water,9/11/2024,Probe/Sensor,"Temperature, water",18.2,deg C
Sault Ste. Marie Water Rangers Task Team,11713,East Davignon Creek:East Davignon Farwell Terrace (near Tim Hortons),46.5367668,-84.3616748,River/Stream,Field Msr/Obs,Surface Water,9/8/2024,Probe/Sensor,"Temperature, water",15.7,deg C
Sault Ste. Marie Water Rangers Task Team,11712,Fort Creek:Fort Creek Channel at Carmen's Way,46.5363508,-84.3442512,River/Stream,Field Msr/Obs,Surface Water,9/8/2024,Probe/Sensor,Dissolved oxygen (DO),11,mg/L
Sault Ste. Marie Water Rangers Task Team,11709,Canon Creek:Canon Creek Old Goulais Bay Rd,46.5915743,-84.3430281,River/Stream,Field Msr/Obs,Surface Water,9/9/2024,Test strip,"Alkalinity, total",30,mg/L
Sault Ste. Marie Water Rangers Task Team,11717,Upper Carp River:Upper Carp River at Creek Rd/Third Line W,46.5480272,-84.4551659,River/Stream,Field Msr/Obs,Surface Water,9/8/2024,,pH,7.5,None
Sault Ste. Marie Water Rangers Task Team,11709,Canon Creek:Canon Creek Old Goulais Bay Rd,46.5915743,-84.3430281,River/Stream,Field Msr/Obs,Surface Water,9/9/2024,,pH,7,None
Sault Ste. Marie Water Rangers Task Team,11704,Root River:Root River Wishart Park,46.5637702,-84.2936325,River/Stream,Field Msr/Obs,Surface Water,9/6/2024,Probe/Sensor,Dissolved oxygen (DO),7,mg/L
Sault Ste. Marie Water Rangers Task Team,11715,Little Carp River:Little Carp River Carpin Beach Rd,46.5097352,-84.4441581,River/Stream,Field Msr/Obs,Surface Water,9/8/2024,Probe/Sensor,Dissolved oxygen (DO),7,mg/L
Sault Ste. Marie Water Rangers Task Team,11718,East Davignon Creek:East Davignon Creek Allens Side (N of 2nd Ln W),46.559108,-84.4037962,River/Stream,Field Msr/Obs,Surface Water,9/8/2024,Probe/Sensor,Salinity,46,ppm
Sault Ste. Marie Water Rangers Task Team,11703,Root River:Root River Old Garden River,46.5629144,-84.2812943,River/Stream,Field Msr/Obs,Surface Water,9/7/2024,,pH,7.2,None
Sault Ste. Marie Water Rangers Task Team,11709,Canon Creek:Canon Creek Old Goulais Bay Rd,46.5915743,-84.3430281,River/Stream,Field Msr/Obs,Surface Water,9/9/2024,Probe/Sensor,Dissolved oxygen (DO),7,mg/L
Sault Ste. Marie Water Rangers Task Team,11718,East Davignon Creek:East Davignon Creek Allens Side (N of 2nd Ln W),46.559108,-84.4037962,River/Stream,Field Msr/Obs,Surface Water,9/8/2024,,pH,6.6,None
Sault Ste. Marie Water Rangers Task Team,11714,West Davignon Creek:West Davignon Brookfield Ave,46.5307892,-84.3968654,River/Stream,Field Msr/Obs,Surface Water,9/8/2024,Probe/Sensor,Dissolved oxygen (DO),9,mg/L
Sault Ste. Marie Water Rangers Task Team,11717,Upper Carp River:Upper Carp River at Creek Rd/Third Line W,46.5480272,-84.4551659,River/Stream,Field Msr/Obs,Surface Water,9/8/2024,Probe/Sensor,Conductivity,55,uS/cm
Sault Ste. Marie Water Rangers Task Team,11702,Cold Water Creek:Cold Water Creek at Old Garden River Road,46.5636057,-84.2783117,River/Stream,Field Msr/Obs,Surface Water,9/7/2024,Probe/Sensor,"Temperature, water",9.1,deg C
Sault Ste. Marie Water Rangers Task Team,11705,Coldwater Creek:Lower Coldwater Creek Case Rd,46.5646992,-84.2689991,River/Stream,Field Msr/Obs,Surface Water,9/7/2024,,pH,7.2,None
Sault Ste. Marie Water Rangers Task Team,11703,Root River:Root River Old Garden River,46.5629144,-84.2812943,River/Stream,Field Msr/Obs,Surface Water,9/7/2024,,pH,7.2,None
Sault Ste. Marie Water Rangers Task Team,11706,Root River:Root River Fourth Line E,46.5672083,-84.3063569,River/Stream,Field Msr/Obs,Surface Water,9/7/2024,Test strip,"Alkalinity, total",0,mg/L
Sault Ste. Marie Water Rangers Task Team,11704,Root River:Root River Wishart Park,46.5637702,-84.2936325,River/Stream,Field Msr/Obs,Surface Water,9/9/2024,,pH,7.2,None
Sault Ste. Marie Water Rangers Task Team,11716,Big Carp River:Big Carp River Herkimer Rd,46.5062632,-84.4498873,River/Stream,Field Msr/Obs,Surface Water,9/8/2024,Probe/Sensor,Salinity,45,ppm
Sault Ste. Marie Water Rangers Task Team,11705,Coldwater Creek:Lower Coldwater Creek Case Rd,46.5646992,-84.2689991,River/Stream,Field Msr/Obs,Surface Water,9/7/2024,Test strip,"Alkalinity, total",0,mg/L
Sault Ste. Marie Water Rangers Task Team,11718,East Davignon Creek:East Davignon Creek Allens Side (N of 2nd Ln W),46.559108,-84.4037962,River/Stream,Field Msr/Obs,Surface Water,9/8/2024,Probe/Sensor,Dissolved oxygen (DO),9,mg/L
Sault Ste. Marie Water Rangers Task Team,11715,Little Carp River:Little Carp River Carpin Beach Rd,46.5097352,-84.4441581,River/Stream,Field Msr/Obs,Surface Water,9/8/2024,Test strip,Total hardness,50,mg/L
Sault Ste. Marie Water Rangers Task Team,11712,Fort Creek:Fort Creek Channel at Carmen's Way,46.5363508,-84.3442512,River/Stream,Field Msr/Obs,Surface Water,9/8/2024,Secchi Disk,Depth of water column,0.35,m
Sault Ste. Marie Water Rangers Task Team,11714,West Davignon Creek:West Davignon Brookfield Ave,46.5307892,-84.3968654,River/Stream,Field Msr/Obs,Surface Water,9/8/2024,Test strip,Chlorine,0,ppm
Sault Ste. Marie Water Rangers Task Team,11705,Coldwater Creek:Lower Coldwater Creek Case Rd,46.5646992,-84.2689991,River/Stream,Field Msr/Obs,Surface Water,9/7/2024,Probe/Sensor,Conductivity,84,uS/cm
Sault Ste. Marie Water Rangers Task Team,11705,Coldwater Creek:Lower Coldwater Creek Case Rd,46.5646992,-84.2689991,River/Stream,Field Msr/Obs,Surface Water,9/7/2024,Test strip,Total hardness,0,mg/L
Sault Ste. Marie Water Rangers Task Team,11706,Root River:Root River Fourth Line E,46.5672083,-84.3063569,River/Stream,Field Msr/Obs,Surface Water,9/7/2024,Probe/Sensor,"Temperature, water",11.1,deg C
Sault Ste. Marie Water Rangers Task Team,11702,Cold Water Creek:Cold Water Creek at Old Garden River Road,46.5636057,-84.2783117,River/Stream,Field Msr/Obs,Surface Water,9/14/2024,Test strip,Chlorine,0,ppm
Sault Ste. Marie Water Rangers Task Team,11705,Coldwater Creek:Lower Coldwater Creek Case Rd,46.5646992,-84.2689991,River/Stream,Field Msr/Obs,Surface Water,9/23/2024,Probe/Sensor,Dissolved oxygen (DO),9,mg/L
Sault Ste. Marie Water Rangers Task Team,11705,Coldwater Creek:Lower Coldwater Creek Case Rd,46.5646992,-84.2689991,River/Stream,Field Msr/Obs,Surface Water,9/28/2024,Probe/Sensor,Conductivity,101,uS/cm
Sault Ste. Marie Water Rangers Task Team,11707,Root River Branch:Root River Branch Fourth Line E,46.5676351,-84.3005633,River/Stream,Field Msr/Obs,Surface Water,9/14/2024,Probe/Sensor,"Temperature, air",15,deg C
Sault Ste. Marie Water Rangers Task Team,11709,Canon Creek:Canon Creek Old Goulais Bay Rd,46.5915743,-84.3430281,River/Stream,Field Msr/Obs,Surface Water,10/4/2024,Test strip,Total hardness,0,mg/L
Sault Ste. Marie Water Rangers Task Team,11704,Root River:Root River Wishart Park,46.5637702,-84.2936325,River/Stream,Field Msr/Obs,Surface Water,9/30/2024,Test strip,"Alkalinity, total",10,mg/L
Sault Ste. Marie Water Rangers Task Team,11715,Little Carp River:Little Carp River Carpin Beach Rd,46.5097352,-84.4441581,River/Stream,Field Msr/Obs,Surface Water,9/14/2024,Test strip,Total hardness,0,mg/L
Sault Ste. Marie Water Rangers Task Team,11702,Cold Water Creek:Cold Water Creek at Old Garden River Road,46.5636057,-84.2783117,River/Stream,Field Msr/Obs,Surface Water,9/14/2024,Probe/Sensor,"Temperature, water",10.1,deg C
Sault Ste. Marie Water Rangers Task Team,11706,Root River:Root River Fourth Line E,46.5672083,-84.3063569,River/Stream,Field Msr/Obs,Surface Water,9/24/2024,Probe/Sensor,"Temperature, air",15,deg C
Sault Ste. Marie Water Rangers Task Team,11715,Little Carp River:Little Carp River Carpin Beach Rd,46.5097352,-84.4441581,River/Stream,Field Msr/Obs,Surface Water,9/14/2024,Probe/Sensor,Dissolved oxygen (DO),7,mg/L
Sault Ste. Marie Water Rangers Task Team,11704,Root River:Root River Wishart Park,46.5637702,-84.2936325,River/Stream,Field Msr/Obs,Surface Water,9/14/2024,Probe/Sensor,"Temperature, air",15.5,deg C
Sault Ste. Marie Water Rangers Task Team,11704,Root River:Root River Wishart Park,46.5637702,-84.2936325,River/Stream,Field Msr/Obs,Surface Water,9/24/2024,Probe/Sensor,"Temperature, water",15.3,deg C
Sault Ste. Marie Water Rangers Task Team,11713,East Davignon Creek:East Davignon Farwell Terrace (near Tim Hortons),46.5367668,-84.3616748,River/Stream,Field Msr/Obs,Surface Water,10/3/2024,Probe/Sensor,Dissolved oxygen (DO),9,mg/L
Sault Ste. Marie Water Rangers Task Team,11718,East Davignon Creek:East Davignon Creek Allens Side (N of 2nd Ln W),46.559108,-84.4037962,River/Stream,Field Msr/Obs,Surface Water,9/28/2024,Probe/Sensor,Salinity,59,ppm
Sault Ste. Marie Water Rangers Task Team,11705,Coldwater Creek:Lower Coldwater Creek Case Rd,46.5646992,-84.2689991,River/Stream,Field Msr/Obs,Surface Water,9/14/2024,,pH,7,None
Sault Ste. Marie Water Rangers Task Team,11705,Coldwater Creek:Lower Coldwater Creek Case Rd,46.5646992,-84.2689991,River/Stream,Field Msr/Obs,Surface Water,9/14/2024,Probe/Sensor,Conductivity,107,uS/cm
Sault Ste. Marie Water Rangers Task Team,11705,Coldwater Creek:Lower Coldwater Creek Case Rd,46.5646992,-84.2689991,River/Stream,Field Msr/Obs,Surface Water,9/23/2024,,pH,6.6,None
Sault Ste. Marie Water Rangers Task Team,11709,Canon Creek:Canon Creek Old Goulais Bay Rd,46.5915743,-84.3430281,River/Stream,Field Msr/Obs,Surface Water,9/16/2024,Probe/Sensor,"Temperature, air",26,deg C
Sault Ste. Marie Water Rangers Task Team,11711,Duck pond:Bellevue Park duck pond,46.5004401,-84.2993188,Lake/Pond,Field Msr/Obs,Surface Water,10/7/2024,Secchi Disk,Depth of water column,0.3,m
Sault Ste. Marie Water Rangers Task Team,11714,West Davignon Creek:West Davignon Brookfield Ave,46.5307892,-84.3968654,River/Stream,Field Msr/Obs,Surface Water,9/28/2024,Test strip,Total hardness,0,mg/L
Sault Ste. Marie Water Rangers Task Team,11716,Big Carp River:Big Carp River Herkimer Rd,46.5062632,-84.4498873,River/Stream,Field Msr/Obs,Surface Water,9/26/2024,,pH,7.5,None
Sault Ste. Marie Water Rangers Task Team,11708,Root River:Root River off Hwy 17 N (near Teen Challenge),46.5717047,-84.3206692,River/Stream,Field Msr/Obs,Surface Water,9/16/2024,Probe/Sensor,"Temperature, water",17.1,deg C
Sault Ste. Marie Water Rangers Task Team,11706,Root River:Root River Fourth Line E,46.5672083,-84.3063569,River/Stream,Field Msr/Obs,Surface Water,9/14/2024,,pH,7.2,None
Sault Ste. Marie Water Rangers Task Team,11717,Upper Carp River:Upper Carp River at Creek Rd/Third Line W,46.5480272,-84.4551659,River/Stream,Field Msr/Obs,Surface Water,9/22/2024,Test strip,Total hardness,0,mg/L
Sault Ste. Marie Water Rangers Task Team,11714,West Davignon Creek:West Davignon Brookfield Ave,46.5307892,-84.3968654,River/Stream,Field Msr/Obs,Surface Water,9/14/2024,Test strip,Total hardness,0,mg/L
Sault Ste. Marie Water Rangers Task Team,11705,Coldwater Creek:Lower Coldwater Creek Case Rd,46.5646992,-84.2689991,River/Stream,Field Msr/Obs,Surface Water,9/28/2024,Secchi Disk,Depth of water column,0.48,m
Sault Ste. Marie Water Rangers Task Team,11718,East Davignon Creek:East Davignon Creek Allens Side (N of 2nd Ln W),46.559108,-84.4037962,River/Stream,Field Msr/Obs,Surface Water,9/19/2024,Probe/Sensor,"Temperature, water",16.1,deg C
Sault Ste. Marie Water Rangers Task Team,11712,Fort Creek:Fort Creek Channel at Carmen's Way,46.5363508,-84.3442512,River/Stream,Field Msr/Obs,Surface Water,9/15/2024,Test strip,Total hardness,150,mg/L
Sault Ste. Marie Water Rangers Task Team,11714,West Davignon Creek:West Davignon Brookfield Ave,46.5307892,-84.3968654,River/Stream,Field Msr/Obs,Surface Water,9/14/2024,Probe/Sensor,"Temperature, water",17.4,deg C
Sault Ste. Marie Water Rangers Task Team,11718,East Davignon Creek:East Davignon Creek Allens Side (N of 2nd Ln W),46.559108,-84.4037962,River/Stream,Field Msr/Obs,Surface Water,9/14/2024,Test strip,Total hardness,0,mg/L
Sault Ste. Marie Water Rangers Task Team,11705,Coldwater Creek:Lower Coldwater Creek Case Rd,46.5646992,-84.2689991,River/Stream,Field Msr/Obs,Surface Water,9/28/2024,Probe/Sensor,Dissolved oxygen (DO),6,mg/L
Sault Ste. Marie Water Rangers Task Team,11714,West Davignon Creek:West Davignon Brookfield Ave,46.5307892,-84.3968654,River/Stream,Field Msr/Obs,Surface Water,9/22/2024,Probe/Sensor,Conductivity,141,uS/cm
Sault Ste. Marie Water Rangers Task Team,11708,Root River:Root River off Hwy 17 N (near Teen Challenge),46.5717047,-84.3206692,River/Stream,Field Msr/Obs,Surface Water,9/16/2024,Probe/Sensor,Dissolved oxygen (DO),6.999,mg/L
Sault Ste. Marie Water Rangers Task Team,11714,West Davignon Creek:West Davignon Brookfield Ave,46.5307892,-84.3968654,River/Stream,Field Msr/Obs,Surface Water,9/22/2024,Test strip,"Alkalinity, total",20,mg/L
Sault Ste. Marie Water Rangers Task Team,11718,East Davignon Creek:East Davignon Creek Allens Side (N of 2nd Ln W),46.559108,-84.4037962,River/Stream,Field Msr/Obs,Surface Water,10/6/2024,Probe/Sensor,Dissolved oxygen (DO),7,mg/L
Sault Ste. Marie Water Rangers Task Team,11704,Root River:Root River Wishart Park,46.5637702,-84.2936325,River/Stream,Field Msr/Obs,Surface Water,9/30/2024,Probe/Sensor,Dissolved oxygen (DO),7,mg/L
Sault Ste. Marie Water Rangers Task Team,11717,Upper Carp River:Upper Carp River at Creek Rd/Third Line W,46.5480272,-84.4551659,River/Stream,Field Msr/Obs,Surface Water,9/22/2024,Test strip,"Alkalinity, total",20,mg/L
Sault Ste. Marie Water Rangers Task Team,11714,West Davignon Creek:West Davignon Brookfield Ave,46.5307892,-84.3968654,River/Stream,Field Msr/Obs,Surface Water,9/28/2024,Test strip,"Alkalinity, total",40,mg/L
Sault Ste. Marie Water Rangers Task Team,11715,Little Carp River:Little Carp River Carpin Beach Rd,46.5097352,-84.4441581,River/Stream,Field Msr/Obs,Surface Water,9/19/2024,Probe/Sensor,Conductivity,102,uS/cm
Sault Ste. Marie Water Rangers Task Team,11703,Root River:Root River Old Garden River,46.5629144,-84.2812943,River/Stream,Field Msr/Obs,Surface Water,9/22/2024,Test strip,Chlorine,0,ppm
Sault Ste. Marie Water Rangers Task Team,11706,Root River:Root River Fourth Line E,46.5672083,-84.3063569,River/Stream,Field Msr/Obs,Surface Water,9/24/2024,Secchi Disk,Depth of water column,0.07,m
Sault Ste. Marie Water Rangers Task Team,11715,Little Carp River:Little Carp River Carpin Beach Rd,46.5097352,-84.4441581,River/Stream,Field Msr/Obs,Surface Water,9/14/2024,Probe/Sensor,Conductivity,116,uS/cm
Sault Ste. Marie Water Rangers Task Team,11715,Little Carp River:Little Carp River Carpin Beach Rd,46.5097352,-84.4441581,River/Stream,Field Msr/Obs,Surface Water,9/14/2024,,pH,7.8,None
Sault Ste. Marie Water Rangers Task Team,11715,Little Carp River:Little Carp River Carpin Beach Rd,46.5097352,-84.4441581,River/Stream,Field Msr/Obs,Surface Water,9/14/2024,Secchi Disk,Depth of water column,0.2,m
Sault Ste. Marie Water Rangers Task Team,11718,East Davignon Creek:East Davignon Creek Allens Side (N of 2nd Ln W),46.559108,-84.4037962,River/Stream,Field Msr/Obs,Surface Water,9/28/2024,Probe/Sensor,"Temperature, water",13.2,deg C
Sault Ste. Marie Water Rangers Task Team,11714,West Davignon Creek:West Davignon Brookfield Ave,46.5307892,-84.3968654,River/Stream,Field Msr/Obs,Surface Water,9/14/2024,Test strip,"Alkalinity, total",40,mg/L
Sault Ste. Marie Water Rangers Task Team,11702,Cold Water Creek:Cold Water Creek at Old Garden River Road,46.5636057,-84.2783117,River/Stream,Field Msr/Obs,Surface Water,9/28/2024,Test strip,Total hardness,0,mg/L
Sault Ste. Marie Water Rangers Task Team,11707,Root River Branch:Root River Branch Fourth Line E,46.5676351,-84.3005633,River/Stream,Field Msr/Obs,Surface Water,9/28/2024,Test strip,Total hardness,0,mg/L
Sault Ste. Marie Water Rangers Task Team,11710,Root River:Root River Hwy 17E,46.5459338,-84.2184019,River/Stream,Field Msr/Obs,Surface Water,9/29/2024,Probe/Sensor,"Temperature, water",17.5,deg C
Sault Ste. Marie Water Rangers Task Team,11714,West Davignon Creek:West Davignon Brookfield Ave,46.5307892,-84.3968654,River/Stream,Field Msr/Obs,Surface Water,9/14/2024,Secchi Disk,Depth of water column,0.31,m
Sault Ste. Marie Water Rangers Task Team,11704,Root River:Root River Wishart Park,46.5637702,-84.2936325,River/Stream,Field Msr/Obs,Surface Water,9/30/2024,Probe/Sensor,Conductivity,151,uS/cm
Sault Ste. Marie Water Rangers Task Team,11715,Little Carp River:Little Carp River Carpin Beach Rd,46.5097352,-84.4441581,River/Stream,Field Msr/Obs,Surface Water,9/26/2024,Probe/Sensor,Dissolved oxygen (DO),8,mg/L
Sault Ste. Marie Water Rangers Task Team,11702,Cold Water Creek:Cold Water Creek at Old Garden River Road,46.5636057,-84.2783117,River/Stream,Field Msr/Obs,Surface Water,9/14/2024,Test strip,"Alkalinity, total",0,mg/L
Sault Ste. Marie Water Rangers Task Team,11715,Little Carp River:Little Carp River Carpin Beach Rd,46.5097352,-84.4441581,River/Stream,Field Msr/Obs,Surface Water,9/14/2024,Test strip,Chlorine,0,ppm
Sault Ste. Marie Water Rangers Task Team,11714,West Davignon Creek:West Davignon Brookfield Ave,46.5307892,-84.3968654,River/Stream,Field Msr/Obs,Surface Water,9/22/2024,Test strip,Total hardness,0,mg/L
Sault Ste. Marie Water Rangers Task Team,11705,Coldwater Creek:Lower Coldwater Creek Case Rd,46.5646992,-84.2689991,River/Stream,Field Msr/Obs,Surface Water,9/28/2024,Probe/Sensor,"Temperature, water",14.7,deg C
Sault Ste. Marie Water Rangers Task Team,11708,Root River:Root River off Hwy 17 N (near Teen Challenge),46.5717047,-84.3206692,River/Stream,Field Msr/Obs,Surface Water,9/16/2024,Test strip,Total hardness,0,mg/L
Sault Ste. Marie Water Rangers Task Team,11706,Root River:Root River Fourth Line E,46.5672083,-84.3063569,River/Stream,Field Msr/Obs,Surface Water,9/28/2024,Test strip,Total hardness,0,mg/L
Sault Ste. Marie Water Rangers Task Team,11703,Root River:Root River Old Garden River,46.5629144,-84.2812943,River/Stream,Field Msr/Obs,Surface Water,9/28/2024,,pH,7.5,None
Sault Ste. Marie Water Rangers Task Team,11712,Fort Creek:Fort Creek Channel at Carmen's Way,46.5363508,-84.3442512,River/Stream,Field Msr/Obs,Surface Water,9/15/2024,Test strip,Chlorine,0,ppm
Sault Ste. Marie Water Rangers Task Team,11714,West Davignon Creek:West Davignon Brookfield Ave,46.5307892,-84.3968654,River/Stream,Field Msr/Obs,Surface Water,9/28/2024,Probe/Sensor,Dissolved oxygen (DO),9,mg/L
Sault Ste. Marie Water Rangers Task Team,11708,Root River:Root River off Hwy 17 N (near Teen Challenge),46.5717047,-84.3206692,River/Stream,Field Msr/Obs,Surface Water,9/16/2024,Probe/Sensor,Conductivity,170,uS/cm
Sault Ste. Marie Water Rangers Task Team,11713,East Davignon Creek:East Davignon Farwell Terrace (near Tim Hortons),46.5367668,-84.3616748,River/Stream,Field Msr/Obs,Surface Water,10/3/2024,Probe/Sensor,Salinity,152,ppm
Sault Ste. Marie Water Rangers Task Team,11708,Root River:Root River off Hwy 17 N (near Teen Challenge),46.5717047,-84.3206692,River/Stream,Field Msr/Obs,Surface Water,10/4/2024,Secchi Disk,Depth of water column,0.25,m
Sault Ste. Marie Water Rangers Task Team,11708,Root River:Root River off Hwy 17 N (near Teen Challenge),46.5717047,-84.3206692,River/Stream,Field Msr/Obs,Surface Water,10/4/2024,Test strip,"Alkalinity, total",20,mg/L
Sault Ste. Marie Water Rangers Task Team,11703,Root River:Root River Old Garden River,46.5629144,-84.2812943,River/Stream,Field Msr/Obs,Surface Water,9/22/2024,Probe/Sensor,Conductivity,172,uS/cm
Sault Ste. Marie Water Rangers Task Team,11709,Canon Creek:Canon Creek Old Goulais Bay Rd,46.5915743,-84.3430281,River/Stream,Field Msr/Obs,Surface Water,9/29/2024,Secchi Disk,Depth of water column,0.27,m
Sault Ste. Marie Water Rangers Task Team,11706,Root River:Root River Fourth Line E,46.5672083,-84.3063569,River/Stream,Field Msr/Obs,Surface Water,9/14/2024,Probe/Sensor,Conductivity,132,uS/cm
Sault Ste. Marie Water Rangers Task Team,11716,Big Carp River:Big Carp River Herkimer Rd,46.5062632,-84.4498873,River/Stream,Field Msr/Obs,Surface Water,9/14/2024,Secchi Disk,"Depth, Secchi disk depth",1,m
Sault Ste. Marie Water Rangers Task Team,11712,Fort Creek:Fort Creek Channel at Carmen's Way,46.5363508,-84.3442512,River/Stream,Field Msr/Obs,Surface Water,10/3/2024,Test strip,"Alkalinity, total",120,mg/L
Sault Ste. Marie Water Rangers Task Team,11705,Coldwater Creek:Lower Coldwater Creek Case Rd,46.5646992,-84.2689991,River/Stream,Field Msr/Obs,Surface Water,9/14/2024,Probe/Sensor,"Temperature, air",15,deg C
Sault Ste. Marie Water Rangers Task Team,11713,East Davignon Creek:East Davignon Farwell Terrace (near Tim Hortons),46.5367668,-84.3616748,River/Stream,Field Msr/Obs,Surface Water,9/15/2024,Probe/Sensor,"Temperature, water",18.3,deg C
Sault Ste. Marie Water Rangers Task Team,11714,West Davignon Creek:West Davignon Brookfield Ave,46.5307892,-84.3968654,River/Stream,Field Msr/Obs,Surface Water,9/14/2024,Test strip,Chlorine,0,ppm
Sault Ste. Marie Water Rangers Task Team,11711,Duck pond:Bellevue Park duck pond,46.5004401,-84.2993188,Lake/Pond,Field Msr/Obs,Surface Water,10/7/2024,Probe/Sensor,Conductivity,206,uS/cm
Sault Ste. Marie Water Rangers Task Team,11710,Root River:Root River Hwy 17E,46.5459338,-84.2184019,River/Stream,Field Msr/Obs,Surface Water,9/16/2024,Probe/Sensor,Conductivity,160,uS/cm
Sault Ste. Marie Water Rangers Task Team,11718,East Davignon Creek:East Davignon Creek Allens Side (N of 2nd Ln W),46.559108,-84.4037962,River/Stream,Field Msr/Obs,Surface Water,9/14/2024,Test strip,"Alkalinity, total",40,mg/L
Sault Ste. Marie Water Rangers Task Team,11703,Root River:Root River Old Garden River,46.5629144,-84.2812943,River/Stream,Field Msr/Obs,Surface Water,9/14/2024,Probe/Sensor,Conductivity,158,uS/cm
Sault Ste. Marie Water Rangers Task Team,11715,Little Carp River:Little Carp River Carpin Beach Rd,46.5097352,-84.4441581,River/Stream,Field Msr/Obs,Surface Water,9/26/2024,Probe/Sensor,"Temperature, air",19,deg C
Sault Ste. Marie Water Rangers Task Team,11714,West Davignon Creek:West Davignon Brookfield Ave,46.5307892,-84.3968654,River/Stream,Field Msr/Obs,Surface Water,9/28/2024,,pH,7.8,None
Sault Ste. Marie Water Rangers Task Team,11717,Upper Carp River:Upper Carp River at Creek Rd/Third Line W,46.5480272,-84.4551659,River/Stream,Field Msr/Obs,Surface Water,9/28/2024,Probe/Sensor,"Temperature, air",17.7,deg C
Sault Ste. Marie Water Rangers Task Team,11718,East Davignon Creek:East Davignon Creek Allens Side (N of 2nd Ln W),46.559108,-84.4037962,River/Stream,Field Msr/Obs,Surface Water,9/28/2024,Test strip,"Alkalinity, total",30,mg/L
Sault Ste. Marie Water Rangers Task Team,11716,Big Carp River:Big Carp River Herkimer Rd,46.5062632,-84.4498873,River/Stream,Field Msr/Obs,Surface Water,9/14/2024,,pH,7.8,None
Sault Ste. Marie Water Rangers Task Team,11705,Coldwater Creek:Lower Coldwater Creek Case Rd,46.5646992,-84.2689991,River/Stream,Field Msr/Obs,Surface Water,9/28/2024,,pH,7.8,None
Sault Ste. Marie Water Rangers Task Team,11708,Root River:Root River off Hwy 17 N (near Teen Challenge),46.5717047,-84.3206692,River/Stream,Field Msr/Obs,Surface Water,9/16/2024,,pH,7.2,None
Sault Ste. Marie Water Rangers Task Team,11711,Duck pond:Bellevue Park duck pond,46.5004401,-84.2993188,Lake/Pond,Field Msr/Obs,Surface Water,10/7/2024,Test strip,"Alkalinity, total",100,mg/L
Sault Ste. Marie Water Rangers Task Team,11706,Root River:Root River Fourth Line E,46.5672083,-84.3063569,River/Stream,Field Msr/Obs,Surface Water,9/24/2024,,pH,7.5,None
Sault Ste. Marie Water Rangers Task Team,11713,East Davignon Creek:East Davignon Farwell Terrace (near Tim Hortons),46.5367668,-84.3616748,River/Stream,Field Msr/Obs,Surface Water,9/15/2024,Probe/Sensor,Dissolved oxygen (DO),8,mg/L
Sault Ste. Marie Water Rangers Task Team,11714,West Davignon Creek:West Davignon Brookfield Ave,46.5307892,-84.3968654,River/Stream,Field Msr/Obs,Surface Water,9/28/2024,Probe/Sensor,"Temperature, air",20.8,deg C
Sault Ste. Marie Water Rangers Task Team,11708,Root River:Root River off Hwy 17 N (near Teen Challenge),46.5717047,-84.3206692,River/Stream,Field Msr/Obs,Surface Water,9/29/2024,Probe/Sensor,Conductivity,139,uS/cm
Sault Ste. Marie Water Rangers Task Team,11709,Canon Creek:Canon Creek Old Goulais Bay Rd,46.5915743,-84.3430281,River/Stream,Field Msr/Obs,Surface Water,9/16/2024,Probe/Sensor,"Temperature, water",16.5,deg C
Sault Ste. Marie Water Rangers Task Team,11704,Root River:Root River Wishart Park,46.5637702,-84.2936325,River/Stream,Field Msr/Obs,Surface Water,9/14/2024,Test strip,Total hardness,0,mg/L
Sault Ste. Marie Water Rangers Task Team,11715,Little Carp River:Little Carp River Carpin Beach Rd,46.5097352,-84.4441581,River/Stream,Field Msr/Obs,Surface Water,9/14/2024,Probe/Sensor,"Temperature, air",24,deg C
Sault Ste. Marie Water Rangers Task Team,11709,Canon Creek:Canon Creek Old Goulais Bay Rd,46.5915743,-84.3430281,River/Stream,Field Msr/Obs,Surface Water,10/4/2024,Probe/Sensor,Conductivity,42,uS/cm
Sault Ste. Marie Water Rangers Task Team,11707,Root River Branch:Root River Branch Fourth Line E,46.5676351,-84.3005633,River/Stream,Field Msr/Obs,Surface Water,9/28/2024,Probe/Sensor,"Temperature, water",13.6,deg C
Sault Ste. Marie Water Rangers Task Team,11709,Canon Creek:Canon Creek Old Goulais Bay Rd,46.5915743,-84.3430281,River/Stream,Field Msr/Obs,Surface Water,10/4/2024,Test strip,Chlorine,0,ppm
Sault Ste. Marie Water Rangers Task Team,11705,Coldwater Creek:Lower Coldwater Creek Case Rd,46.5646992,-84.2689991,River/Stream,Field Msr/Obs,Surface Water,9/14/2024,Secchi Disk,Depth of water column,0.27,m
Sault Ste. Marie Water Rangers Task Team,11703,Root River:Root River Old Garden River,46.5629144,-84.2812943,River/Stream,Field Msr/Obs,Surface Water,9/28/2024,Test strip,Chlorine,0,ppm
Sault Ste. Marie Water Rangers Task Team,11718,East Davignon Creek:East Davignon Creek Allens Side (N of 2nd Ln W),46.559108,-84.4037962,River/Stream,Field Msr/Obs,Surface Water,9/19/2024,Test strip,Chlorine,0,ppm
Sault Ste. Marie Water Rangers Task Team,11703,Root River:Root River Old Garden River,46.5629144,-84.2812943,River/Stream,Field Msr/Obs,Surface Water,9/22/2024,Probe/Sensor,"Temperature, water",17.6,deg C
Sault Ste. Marie Water Rangers Task Team,11716,Big Carp River:Big Carp River Herkimer Rd,46.5062632,-84.4498873,River/Stream,Field Msr/Obs,Surface Water,9/26/2024,Test strip,Chlorine,0,ppm
Sault Ste. Marie Water Rangers Task Team,11717,Upper Carp River:Upper Carp River at Creek Rd/Third Line W,46.5480272,-84.4551659,River/Stream,Field Msr/Obs,Surface Water,9/14/2024,Test strip,Total hardness,0,mg/L
Sault Ste. Marie Water Rangers Task Team,11709,Canon Creek:Canon Creek Old Goulais Bay Rd,46.5915743,-84.3430281,River/Stream,Field Msr/Obs,Surface Water,9/16/2024,Probe/Sensor,Conductivity,44,uS/cm
Sault Ste. Marie Water Rangers Task Team,11705,Coldwater Creek:Lower Coldwater Creek Case Rd,46.5646992,-84.2689991,River/Stream,Field Msr/Obs,Surface Water,9/23/2024,Probe/Sensor,"Temperature, air",18,deg C
Sault Ste. Marie Water Rangers Task Team,11709,Canon Creek:Canon Creek Old Goulais Bay Rd,46.5915743,-84.3430281,River/Stream,Field Msr/Obs,Surface Water,9/29/2024,Test strip,Chlorine,0,ppm
Sault Ste. Marie Water Rangers Task Team,11703,Root River:Root River Old Garden River,46.5629144,-84.2812943,River/Stream,Field Msr/Obs,Surface Water,9/28/2024,Probe/Sensor,"Temperature, air",18,deg C
Sault Ste. Marie Water Rangers Task Team,11710,Root River:Root River Hwy 17E,46.5459338,-84.2184019,River/Stream,Field Msr/Obs,Surface Water,9/29/2024,Test strip,Total hardness,0,mg/L
Sault Ste. Marie Water Rangers Task Team,11703,Root River:Root River Old Garden River,46.5629144,-84.2812943,River/Stream,Field Msr/Obs,Surface Water,9/22/2024,Test strip,"Alkalinity, total",0,mg/L
Sault Ste. Marie Water Rangers Task Team,11712,Fort Creek:Fort Creek Channel at Carmen's Way,46.5363508,-84.3442512,River/Stream,Field Msr/Obs,Surface Water,10/3/2024,Probe/Sensor,Conductivity,1014,uS/cm
Sault Ste. Marie Water Rangers Task Team,11712,Fort Creek:Fort Creek Channel at Carmen's Way,46.5363508,-84.3442512,River/Stream,Field Msr/Obs,Surface Water,9/15/2024,,pH,7.7,None
Sault Ste. Marie Water Rangers Task Team,11718,East Davignon Creek:East Davignon Creek Allens Side (N of 2nd Ln W),46.559108,-84.4037962,River/Stream,Field Msr/Obs,Surface Water,9/14/2024,Probe/Sensor,Salinity,56,ppm
Sault Ste. Marie Water Rangers Task Team,11712,Fort Creek:Fort Creek Channel at Carmen's Way,46.5363508,-84.3442512,River/Stream,Field Msr/Obs,Surface Water,10/3/2024,,pH,8.4,None
Sault Ste. Marie Water Rangers Task Team,11704,Root River:Root River Wishart Park,46.5637702,-84.2936325,River/Stream,Field Msr/Obs,Surface Water,9/24/2024,Test strip,Total hardness,0,mg/L
Sault Ste. Marie Water Rangers Task Team,11715,Little Carp River:Little Carp River Carpin Beach Rd,46.5097352,-84.4441581,River/Stream,Field Msr/Obs,Surface Water,9/19/2024,Test strip,"Alkalinity, total",20,mg/L
Sault Ste. Marie Water Rangers Task Team,11704,Root River:Root River Wishart Park,46.5637702,-84.2936325,River/Stream,Field Msr/Obs,Surface Water,9/30/2024,Probe/Sensor,"Temperature, air",21,deg C
Sault Ste. Marie Water Rangers Task Team,11718,East Davignon Creek:East Davignon Creek Allens Side (N of 2nd Ln W),46.559108,-84.4037962,River/Stream,Field Msr/Obs,Surface Water,9/28/2024,Test strip,Chlorine,0,ppm
Sault Ste. Marie Water Rangers Task Team,11709,Canon Creek:Canon Creek Old Goulais Bay Rd,46.5915743,-84.3430281,River/Stream,Field Msr/Obs,Surface Water,9/29/2024,,pH,7,None
Sault Ste. Marie Water Rangers Task Team,11716,Big Carp River:Big Carp River Herkimer Rd,46.5062632,-84.4498873,River/Stream,Field Msr/Obs,Surface Water,9/14/2024,Probe/Sensor,"Temperature, air",25,deg C
Sault Ste. Marie Water Rangers Task Team,11714,West Davignon Creek:West Davignon Brookfield Ave,46.5307892,-84.3968654,River/Stream,Field Msr/Obs,Surface Water,9/22/2024,Probe/Sensor,Dissolved oxygen (DO),7,mg/L
Sault Ste. Marie Water Rangers Task Team,11718,East Davignon Creek:East Davignon Creek Allens Side (N of 2nd Ln W),46.559108,-84.4037962,River/Stream,Field Msr/Obs,Surface Water,9/14/2024,Probe/Sensor,Conductivity,104,uS/cm
Sault Ste. Marie Water Rangers Task Team,11717,Upper Carp River:Upper Carp River at Creek Rd/Third Line W,46.5480272,-84.4551659,River/Stream,Field Msr/Obs,Surface Water,9/28/2024,,pH,7.5,None
Sault Ste. Marie Water Rangers Task Team,11711,Duck pond:Bellevue Park duck pond,46.5004401,-84.2993188,Lake/Pond,Field Msr/Obs,Surface Water,10/7/2024,Probe/Sensor,"Temperature, water",13.1,deg C
Sault Ste. Marie Water Rangers Task Team,11706,Root River:Root River Fourth Line E,46.5672083,-84.3063569,River/Stream,Field Msr/Obs,Surface Water,9/14/2024,Probe/Sensor,Dissolved oxygen (DO),9,mg/L
Sault Ste. Marie Water Rangers Task Team,11713,East Davignon Creek:East Davignon Farwell Terrace (near Tim Hortons),46.5367668,-84.3616748,River/Stream,Field Msr/Obs,Surface Water,9/15/2024,Test strip,"Alkalinity, total",40,mg/L
Sault Ste. Marie Water Rangers Task Team,11718,East Davignon Creek:East Davignon Creek Allens Side (N of 2nd Ln W),46.559108,-84.4037962,River/Stream,Field Msr/Obs,Surface Water,10/6/2024,Test strip,"Alkalinity, total",0,mg/L
Sault Ste. Marie Water Rangers Task Team,11703,Root River:Root River Old Garden River,46.5629144,-84.2812943,River/Stream,Field Msr/Obs,Surface Water,9/14/2024,Probe/Sensor,"Temperature, water",16.2,deg C
Sault Ste. Marie Water Rangers Task Team,11714,West Davignon Creek:West Davignon Brookfield Ave,46.5307892,-84.3968654,River/Stream,Field Msr/Obs,Surface Water,9/14/2024,Probe/Sensor,Dissolved oxygen (DO),7,mg/L
Sault Ste. Marie Water Rangers Task Team,11704,Root River:Root River Wishart Park,46.5637702,-84.2936325,River/Stream,Field Msr/Obs,Surface Water,9/24/2024,Test strip,"Alkalinity, total",5,mg/L
Sault Ste. Marie Water Rangers Task Team,11717,Upper Carp River:Upper Carp River at Creek Rd/Third Line W,46.5480272,-84.4551659,River/Stream,Field Msr/Obs,Surface Water,9/22/2024,Test strip,Chlorine,0,ppm
Sault Ste. Marie Water Rangers Task Team,11716,Big Carp River:Big Carp River Herkimer Rd,46.5062632,-84.4498873,River/Stream,Field Msr/Obs,Surface Water,9/14/2024,Probe/Sensor,"Temperature, water",18.6,deg C
Sault Ste. Marie Water Rangers Task Team,11702,Cold Water Creek:Cold Water Creek at Old Garden River Road,46.5636057,-84.2783117,River/Stream,Field Msr/Obs,Surface Water,9/22/2024,Probe/Sensor,Conductivity,192,uS/cm
Sault Ste. Marie Water Rangers Task Team,11706,Root River:Root River Fourth Line E,46.5672083,-84.3063569,River/Stream,Field Msr/Obs,Surface Water,9/28/2024,Secchi Disk,Depth of water column,0.07,m
Sault Ste. Marie Water Rangers Task Team,11715,Little Carp River:Little Carp River Carpin Beach Rd,46.5097352,-84.4441581,River/Stream,Field Msr/Obs,Surface Water,9/26/2024,Test strip,Total hardness,0,mg/L
Sault Ste. Marie Water Rangers Task Team,11709,Canon Creek:Canon Creek Old Goulais Bay Rd,46.5915743,-84.3430281,River/Stream,Field Msr/Obs,Surface Water,9/29/2024,Test strip,Total hardness,0,mg/L
Sault Ste. Marie Water Rangers Task Team,11707,Root River Branch:Root River Branch Fourth Line E,46.5676351,-84.3005633,River/Stream,Field Msr/Obs,Surface Water,9/28/2024,Test strip,Chlorine,0,ppm
Sault Ste. Marie Water Rangers Task Team,11708,Root River:Root River off Hwy 17 N (near Teen Challenge),46.5717047,-84.3206692,River/Stream,Field Msr/Obs,Surface Water,9/16/2024,Test strip,"Alkalinity, total",30,mg/L
Sault Ste. Marie Water Rangers Task Team,11715,Little Carp River:Little Carp River Carpin Beach Rd,46.5097352,-84.4441581,River/Stream,Field Msr/Obs,Surface Water,9/19/2024,Probe/Sensor,"Temperature, air",23.5,deg C
Sault Ste. Marie Water Rangers Task Team,11708,Root River:Root River off Hwy 17 N (near Teen Challenge),46.5717047,-84.3206692,River/Stream,Field Msr/Obs,Surface Water,9/29/2024,Probe/Sensor,"Temperature, water",18.1,deg C
Sault Ste. Marie Water Rangers Task Team,11706,Root River:Root River Fourth Line E,46.5672083,-84.3063569,River/Stream,Field Msr/Obs,Surface Water,9/24/2024,Probe/Sensor,Conductivity,128,uS/cm
Sault Ste. Marie Water Rangers Task Team,11711,Duck pond:Bellevue Park duck pond,46.5004401,-84.2993188,Lake/Pond,Field Msr/Obs,Surface Water,10/7/2024,,pH,7,None
Sault Ste. Marie Water Rangers Task Team,11709,Canon Creek:Canon Creek Old Goulais Bay Rd,46.5915743,-84.3430281,River/Stream,Field Msr/Obs,Surface Water,10/4/2024,Secchi Disk,Depth of water column,0.27,m
Sault Ste. Marie Water Rangers Task Team,11706,Root River:Root River Fourth Line E,46.5672083,-84.3063569,River/Stream,Field Msr/Obs,Surface Water,9/24/2024,Test strip,Total hardness,0,mg/L
Sault Ste. Marie Water Rangers Task Team,11712,Fort Creek:Fort Creek Channel at Carmen's Way,46.5363508,-84.3442512,River/Stream,Field Msr/Obs,Surface Water,10/3/2024,Test strip,Total hardness,150,mg/L
Sault Ste. Marie Water Rangers Task Team,11705,Coldwater Creek:Lower Coldwater Creek Case Rd,46.5646992,-84.2689991,River/Stream,Field Msr/Obs,Surface Water,9/28/2024,Test strip,Total hardness,0,mg/L
Sault Ste. Marie Water Rangers Task Team,11713,East Davignon Creek:East Davignon Farwell Terrace (near Tim Hortons),46.5367668,-84.3616748,River/Stream,Field Msr/Obs,Surface Water,9/15/2024,,pH,7.6,None
Sault Ste. Marie Water Rangers Task Team,11715,Little Carp River:Little Carp River Carpin Beach Rd,46.5097352,-84.4441581,River/Stream,Field Msr/Obs,Surface Water,9/19/2024,Test strip,Total hardness,0,mg/L
Sault Ste. Marie Water Rangers Task Team,11718,East Davignon Creek:East Davignon Creek Allens Side (N of 2nd Ln W),46.559108,-84.4037962,River/Stream,Field Msr/Obs,Surface Water,10/6/2024,Test strip,Total hardness,0,mg/L
Sault Ste. Marie Water Rangers Task Team,11712,Fort Creek:Fort Creek Channel at Carmen's Way,46.5363508,-84.3442512,River/Stream,Field Msr/Obs,Surface Water,10/3/2024,Probe/Sensor,Salinity,515,ppm
Sault Ste. Marie Water Rangers Task Team,11707,Root River Branch:Root River Branch Fourth Line E,46.5676351,-84.3005633,River/Stream,Field Msr/Obs,Surface Water,9/14/2024,Secchi Disk,Depth of water column,0.06,m
Sault Ste. Marie Water Rangers Task Team,11708,Root River:Root River off Hwy 17 N (near Teen Challenge),46.5717047,-84.3206692,River/Stream,Field Msr/Obs,Surface Water,9/29/2024,Secchi Disk,Depth of water column,0.18,m
Sault Ste. Marie Water Rangers Task Team,11709,Canon Creek:Canon Creek Old Goulais Bay Rd,46.5915743,-84.3430281,River/Stream,Field Msr/Obs,Surface Water,9/29/2024,Probe/Sensor,"Temperature, water",16.9,deg C
Sault Ste. Marie Water Rangers Task Team,11705,Coldwater Creek:Lower Coldwater Creek Case Rd,46.5646992,-84.2689991,River/Stream,Field Msr/Obs,Surface Water,9/22/2024,Probe/Sensor,"Temperature, air",16,deg C
Sault Ste. Marie Water Rangers Task Team,11713,East Davignon Creek:East Davignon Farwell Terrace (near Tim Hortons),46.5367668,-84.3616748,River/Stream,Field Msr/Obs,Surface Water,9/15/2024,Probe/Sensor,"Temperature, air",24,deg C
Sault Ste. Marie Water Rangers Task Team,11702,Cold Water Creek:Cold Water Creek at Old Garden River Road,46.5636057,-84.2783117,River/Stream,Field Msr/Obs,Surface Water,9/22/2024,Test strip,Total hardness,0,mg/L
Sault Ste. Marie Water Rangers Task Team,11709,Canon Creek:Canon Creek Old Goulais Bay Rd,46.5915743,-84.3430281,River/Stream,Field Msr/Obs,Surface Water,10/4/2024,Probe/Sensor,"Temperature, air",18,deg C
Sault Ste. Marie Water Rangers Task Team,11704,Root River:Root River Wishart Park,46.5637702,-84.2936325,River/Stream,Field Msr/Obs,Surface Water,9/24/2024,Probe/Sensor,"Temperature, air",13,deg C
Sault Ste. Marie Water Rangers Task Team,11704,Root River:Root River Wishart Park,46.5637702,-84.2936325,River/Stream,Field Msr/Obs,Surface Water,9/14/2024,Probe/Sensor,Dissolved oxygen (DO),8,mg/L
Sault Ste. Marie Water Rangers Task Team,11712,Fort Creek:Fort Creek Channel at Carmen's Way,46.5363508,-84.3442512,River/Stream,Field Msr/Obs,Surface Water,10/3/2024,Probe/Sensor,"Temperature, water",14.5,deg C
Sault Ste. Marie Water Rangers Task Team,11705,Coldwater Creek:Lower Coldwater Creek Case Rd,46.5646992,-84.2689991,River/Stream,Field Msr/Obs,Surface Water,9/14/2024,Probe/Sensor,"Temperature, water",14.4,deg C
Sault Ste. Marie Water Rangers Task Team,11707,Root River Branch:Root River Branch Fourth Line E,46.5676351,-84.3005633,River/Stream,Field Msr/Obs,Surface Water,9/14/2024,Probe/Sensor,"Temperature, water",13.4,deg C
Sault Ste. Marie Water Rangers Task Team,11705,Coldwater Creek:Lower Coldwater Creek Case Rd,46.5646992,-84.2689991,River/Stream,Field Msr/Obs,Surface Water,9/23/2024,Probe/Sensor,Conductivity,102,uS/cm
Sault Ste. Marie Water Rangers Task Team,11716,Big Carp River:Big Carp River Herkimer Rd,46.5062632,-84.4498873,River/Stream,Field Msr/Obs,Surface Water,9/14/2024,Test strip,"Alkalinity, total",20,mg/L
Sault Ste. Marie Water Rangers Task Team,11704,Root River:Root River Wishart Park,46.5637702,-84.2936325,River/Stream,Field Msr/Obs,Surface Water,9/14/2024,,pH,7.2,None
Sault Ste. Marie Water Rangers Task Team,11704,Root River:Root River Wishart Park,46.5637702,-84.2936325,River/Stream,Field Msr/Obs,Surface Water,9/30/2024,Probe/Sensor,"Temperature, water",15.4,deg C
Sault Ste. Marie Water Rangers Task Team,11716,Big Carp River:Big Carp River Herkimer Rd,46.5062632,-84.4498873,River/Stream,Field Msr/Obs,Surface Water,9/19/2024,,pH,7.5,None
Sault Ste. Marie Water Rangers Task Team,11716,Big Carp River:Big Carp River Herkimer Rd,46.5062632,-84.4498873,River/Stream,Field Msr/Obs,Surface Water,9/26/2024,Secchi Disk,"Depth, Secchi disk depth",0.98,m
Sault Ste. Marie Water Rangers Task Team,11705,Coldwater Creek:Lower Coldwater Creek Case Rd,46.5646992,-84.2689991,River/Stream,Field Msr/Obs,Surface Water,9/22/2024,Probe/Sensor,Dissolved oxygen (DO),6,mg/L
Sault Ste. Marie Water Rangers Task Team,11714,West Davignon Creek:West Davignon Brookfield Ave,46.5307892,-84.3968654,River/Stream,Field Msr/Obs,Surface Water,9/14/2024,Probe/Sensor,Conductivity,133,uS/cm
Sault Ste. Marie Water Rangers Task Team,11706,Root River:Root River Fourth Line E,46.5672083,-84.3063569,River/Stream,Field Msr/Obs,Surface Water,9/14/2024,Probe/Sensor,"Temperature, air",17,deg C
Sault Ste. Marie Water Rangers Task Team,11713,East Davignon Creek:East Davignon Farwell Terrace (near Tim Hortons),46.5367668,-84.3616748,River/Stream,Field Msr/Obs,Surface Water,10/3/2024,Probe/Sensor,"Temperature, air",19,deg C
Sault Ste. Marie Water Rangers Task Team,11710,Root River:Root River Hwy 17E,46.5459338,-84.2184019,River/Stream,Field Msr/Obs,Surface Water,9/29/2024,Test strip,"Alkalinity, total",20,mg/L
Sault Ste. Marie Water Rangers Task Team,11708,Root River:Root River off Hwy 17 N (near Teen Challenge),46.5717047,-84.3206692,River/Stream,Field Msr/Obs,Surface Water,9/29/2024,Probe/Sensor,"Temperature, air",24,deg C
Sault Ste. Marie Water Rangers Task Team,11716,Big Carp River:Big Carp River Herkimer Rd,46.5062632,-84.4498873,River/Stream,Field Msr/Obs,Surface Water,9/26/2024,Probe/Sensor,Conductivity,98,uS/cm
Sault Ste. Marie Water Rangers Task Team,11714,West Davignon Creek:West Davignon Brookfield Ave,46.5307892,-84.3968654,River/Stream,Field Msr/Obs,Surface Water,9/22/2024,Probe/Sensor,"Temperature, water",15.4,deg C
Sault Ste. Marie Water Rangers Task Team,11715,Little Carp River:Little Carp River Carpin Beach Rd,46.5097352,-84.4441581,River/Stream,Field Msr/Obs,Surface Water,9/14/2024,Probe/Sensor,"Temperature, water",16.8,deg C
Sault Ste. Marie Water Rangers Task Team,11705,Coldwater Creek:Lower Coldwater Creek Case Rd,46.5646992,-84.2689991,River/Stream,Field Msr/Obs,Surface Water,9/14/2024,Test strip,Chlorine,0,ppm
Sault Ste. Marie Water Rangers Task Team,11717,Upper Carp River:Upper Carp River at Creek Rd/Third Line W,46.5480272,-84.4551659,River/Stream,Field Msr/Obs,Surface Water,9/22/2024,Secchi Disk,Depth of water column,0.1,m
Sault Ste. Marie Water Rangers Task Team,11716,Big Carp River:Big Carp River Herkimer Rd,46.5062632,-84.4498873,River/Stream,Field Msr/Obs,Surface Water,9/19/2024,Test strip,Chlorine,0,ppm
Sault Ste. Marie Water Rangers Task Team,11711,Duck pond:Bellevue Park duck pond,46.5004401,-84.2993188,Lake/Pond,Field Msr/Obs,Surface Water,10/7/2024,Test strip,Total hardness,300,mg/L
Sault Ste. Marie Water Rangers Task Team,11707,Root River Branch:Root River Branch Fourth Line E,46.5676351,-84.3005633,River/Stream,Field Msr/Obs,Surface Water,9/14/2024,Test strip,Chlorine,0,ppm
Sault Ste. Marie Water Rangers Task Team,11707,Root River Branch:Root River Branch Fourth Line E,46.5676351,-84.3005633,River/Stream,Field Msr/Obs,Surface Water,9/28/2024,Probe/Sensor,"Temperature, air",23,deg C
Sault Ste. Marie Water Rangers Task Team,11702,Cold Water Creek:Cold Water Creek at Old Garden River Road,46.5636057,-84.2783117,River/Stream,Field Msr/Obs,Surface Water,9/28/2024,Test strip,"Alkalinity, total",0,mg/L
Sault Ste. Marie Water Rangers Task Team,11703,Root River:Root River Old Garden River,46.5629144,-84.2812943,River/Stream,Field Msr/Obs,Surface Water,9/22/2024,,pH,7.5,None
Sault Ste. Marie Water Rangers Task Team,11712,Fort Creek:Fort Creek Channel at Carmen's Way,46.5363508,-84.3442512,River/Stream,Field Msr/Obs,Surface Water,9/15/2024,Probe/Sensor,Dissolved oxygen (DO),7,mg/L
Sault Ste. Marie Water Rangers Task Team,11708,Root River:Root River off Hwy 17 N (near Teen Challenge),46.5717047,-84.3206692,River/Stream,Field Msr/Obs,Surface Water,10/4/2024,Test strip,Chlorine,0,ppm
Sault Ste. Marie Water Rangers Task Team,11705,Coldwater Creek:Lower Coldwater Creek Case Rd,46.5646992,-84.2689991,River/Stream,Field Msr/Obs,Surface Water,9/22/2024,Probe/Sensor,"Temperature, water",15.3,deg C
Sault Ste. Marie Water Rangers Task Team,11702,Cold Water Creek:Cold Water Creek at Old Garden River Road,46.5636057,-84.2783117,River/Stream,Field Msr/Obs,Surface Water,9/22/2024,Probe/Sensor,"Temperature, water",11.6,deg C
Sault Ste. Marie Water Rangers Task Team,11710,Root River:Root River Hwy 17E,46.5459338,-84.2184019,River/Stream,Field Msr/Obs,Surface Water,9/16/2024,Test strip,Chlorine,0,ppm
Sault Ste. Marie Water Rangers Task Team,11705,Coldwater Creek:Lower Coldwater Creek Case Rd,46.5646992,-84.2689991,River/Stream,Field Msr/Obs,Surface Water,9/14/2024,Secchi Disk,"Depth, Secchi disk depth",0.24,m
Sault Ste. Marie Water Rangers Task Team,11718,East Davignon Creek:East Davignon Creek Allens Side (N of 2nd Ln W),46.559108,-84.4037962,River/Stream,Field Msr/Obs,Surface Water,9/28/2024,Test strip,Total hardness,0,mg/L
Sault Ste. Marie Water Rangers Task Team,11718,East Davignon Creek:East Davignon Creek Allens Side (N of 2nd Ln W),46.559108,-84.4037962,River/Stream,Field Msr/Obs,Surface Water,10/6/2024,Probe/Sensor,Salinity,63,ppm
Sault Ste. Marie Water Rangers Task Team,11705,Coldwater Creek:Lower Coldwater Creek Case Rd,46.5646992,-84.2689991,River/Stream,Field Msr/Obs,Surface Water,9/28/2024,Secchi Disk,"Depth, Secchi disk depth",0.46,m
Sault Ste. Marie Water Rangers Task Team,11708,Root River:Root River off Hwy 17 N (near Teen Challenge),46.5717047,-84.3206692,River/Stream,Field Msr/Obs,Surface Water,10/4/2024,Probe/Sensor,"Temperature, air",16,deg C
Sault Ste. Marie Water Rangers Task Team,11703,Root River:Root River Old Garden River,46.5629144,-84.2812943,River/Stream,Field Msr/Obs,Surface Water,9/14/2024,Test strip,"Alkalinity, total",0,mg/L
Sault Ste. Marie Water Rangers Task Team,11716,Big Carp River:Big Carp River Herkimer Rd,46.5062632,-84.4498873,River/Stream,Field Msr/Obs,Surface Water,9/26/2024,Test strip,"Alkalinity, total",40,mg/L
Sault Ste. Marie Water Rangers Task Team,11716,Big Carp River:Big Carp River Herkimer Rd,46.5062632,-84.4498873,River/Stream,Field Msr/Obs,Surface Water,9/19/2024,Test strip,Total hardness,0,mg/L
Sault Ste. Marie Water Rangers Task Team,11702,Cold Water Creek:Cold Water Creek at Old Garden River Road,46.5636057,-84.2783117,River/Stream,Field Msr/Obs,Surface Water,9/14/2024,Secchi Disk,Depth of water column,0.22,m
Sault Ste. Marie Water Rangers Task Team,11702,Cold Water Creek:Cold Water Creek at Old Garden River Road,46.5636057,-84.2783117,River/Stream,Field Msr/Obs,Surface Water,9/22/2024,,pH,7.2,None
Sault Ste. Marie Water Rangers Task Team,11712,Fort Creek:Fort Creek Channel at Carmen's Way,46.5363508,-84.3442512,River/Stream,Field Msr/Obs,Surface Water,9/15/2024,Probe/Sensor,"Temperature, air",23,deg C
Sault Ste. Marie Water Rangers Task Team,11706,Root River:Root River Fourth Line E,46.5672083,-84.3063569,River/Stream,Field Msr/Obs,Surface Water,9/28/2024,Probe/Sensor,Dissolved oxygen (DO),8,mg/L
Sault Ste. Marie Water Rangers Task Team,11712,Fort Creek:Fort Creek Channel at Carmen's Way,46.5363508,-84.3442512,River/Stream,Field Msr/Obs,Surface Water,10/3/2024,Probe/Sensor,Dissolved oxygen (DO),9,mg/L
Sault Ste. Marie Water Rangers Task Team,11718,East Davignon Creek:East Davignon Creek Allens Side (N of 2nd Ln W),46.559108,-84.4037962,River/Stream,Field Msr/Obs,Surface Water,9/14/2024,Probe/Sensor,Dissolved oxygen (DO),7,mg/L
Sault Ste. Marie Water Rangers Task Team,11703,Root River:Root River Old Garden River,46.5629144,-84.2812943,River/Stream,Field Msr/Obs,Surface Water,9/14/2024,Probe/Sensor,"Temperature, air",14,deg C
Sault Ste. Marie Water Rangers Task Team,11713,East Davignon Creek:East Davignon Farwell Terrace (near Tim Hortons),46.5367668,-84.3616748,River/Stream,Field Msr/Obs,Surface Water,10/3/2024,Test strip,Total hardness,0,mg/L
Sault Ste. Marie Water Rangers Task Team,11703,Root River:Root River Old Garden River,46.5629144,-84.2812943,River/Stream,Field Msr/Obs,Surface Water,9/28/2024,Probe/Sensor,Dissolved oxygen (DO),7.5,mg/L
Sault Ste. Marie Water Rangers Task Team,11705,Coldwater Creek:Lower Coldwater Creek Case Rd,46.5646992,-84.2689991,River/Stream,Field Msr/Obs,Surface Water,9/22/2024,,pH,7.1,None
Sault Ste. Marie Water Rangers Task Team,11705,Coldwater Creek:Lower Coldwater Creek Case Rd,46.5646992,-84.2689991,River/Stream,Field Msr/Obs,Surface Water,9/22/2024,Probe/Sensor,Conductivity,128,uS/cm
Sault Ste. Marie Water Rangers Task Team,11706,Root River:Root River Fourth Line E,46.5672083,-84.3063569,River/Stream,Field Msr/Obs,Surface Water,9/28/2024,Test strip,"Alkalinity, total",0,mg/L
Sault Ste. Marie Water Rangers Task Team,11717,Upper Carp River:Upper Carp River at Creek Rd/Third Line W,46.5480272,-84.4551659,River/Stream,Field Msr/Obs,Surface Water,9/14/2024,Secchi Disk,Depth of water column,0.1,m
Sault Ste. Marie Water Rangers Task Team,11718,East Davignon Creek:East Davignon Creek Allens Side (N of 2nd Ln W),46.559108,-84.4037962,River/Stream,Field Msr/Obs,Surface Water,10/6/2024,Test strip,Chlorine,0,ppm
Sault Ste. Marie Water Rangers Task Team,11704,Root River:Root River Wishart Park,46.5637702,-84.2936325,River/Stream,Field Msr/Obs,Surface Water,9/24/2024,Probe/Sensor,Dissolved oxygen (DO),7,mg/L
Sault Ste. Marie Water Rangers Task Team,11715,Little Carp River:Little Carp River Carpin Beach Rd,46.5097352,-84.4441581,River/Stream,Field Msr/Obs,Surface Water,9/26/2024,Probe/Sensor,Conductivity,110,uS/cm
Sault Ste. Marie Water Rangers Task Team,11714,West Davignon Creek:West Davignon Brookfield Ave,46.5307892,-84.3968654,River/Stream,Field Msr/Obs,Surface Water,9/22/2024,Secchi Disk,Depth of water column,0.35,m
Sault Ste. Marie Water Rangers Task Team,11703,Root River:Root River Old Garden River,46.5629144,-84.2812943,River/Stream,Field Msr/Obs,Surface Water,9/28/2024,Test strip,Total hardness,0,mg/L
Sault Ste. Marie Water Rangers Task Team,11718,East Davignon Creek:East Davignon Creek Allens Side (N of 2nd Ln W),46.559108,-84.4037962,River/Stream,Field Msr/Obs,Surface Water,9/14/2024,,pH,7.8,None
Sault Ste. Marie Water Rangers Task Team,11704,Root River:Root River Wishart Park,46.5637702,-84.2936325,River/Stream,Field Msr/Obs,Surface Water,9/24/2024,Secchi Disk,Depth of water column,0.14,m
Sault Ste. Marie Water Rangers Task Team,11715,Little Carp River:Little Carp River Carpin Beach Rd,46.5097352,-84.4441581,River/Stream,Field Msr/Obs,Surface Water,9/26/2024,Test strip,"Alkalinity, total",40,mg/L
Sault Ste. Marie Water Rangers Task Team,11706,Root River:Root River Fourth Line E,46.5672083,-84.3063569,River/Stream,Field Msr/Obs,Surface Water,9/28/2024,Probe/Sensor,Conductivity,125,uS/cm
Sault Ste. Marie Water Rangers Task Team,11716,Big Carp River:Big Carp River Herkimer Rd,46.5062632,-84.4498873,River/Stream,Field Msr/Obs,Surface Water,9/19/2024,Probe/Sensor,"Temperature, air",23.5,deg C
Sault Ste. Marie Water Rangers Task Team,11710,Root River:Root River Hwy 17E,46.5459338,-84.2184019,River/Stream,Field Msr/Obs,Surface Water,9/29/2024,,pH,7.2,None
Sault Ste. Marie Water Rangers Task Team,11716,Big Carp River:Big Carp River Herkimer Rd,46.5062632,-84.4498873,River/Stream,Field Msr/Obs,Surface Water,9/26/2024,Probe/Sensor,Dissolved oxygen (DO),8,mg/L
Sault Ste. Marie Water Rangers Task Team,11717,Upper Carp River:Upper Carp River at Creek Rd/Third Line W,46.5480272,-84.4551659,River/Stream,Field Msr/Obs,Surface Water,9/22/2024,Probe/Sensor,Salinity,35,ppm
Sault Ste. Marie Water Rangers Task Team,11713,East Davignon Creek:East Davignon Farwell Terrace (near Tim Hortons),46.5367668,-84.3616748,River/Stream,Field Msr/Obs,Surface Water,9/15/2024,Secchi Disk,Depth of water column,0.25,m
Sault Ste. Marie Water Rangers Task Team,11705,Coldwater Creek:Lower Coldwater Creek Case Rd,46.5646992,-84.2689991,River/Stream,Field Msr/Obs,Surface Water,9/23/2024,Test strip,"Alkalinity, total",0,mg/L
Sault Ste. Marie Water Rangers Task Team,11715,Little Carp River:Little Carp River Carpin Beach Rd,46.5097352,-84.4441581,River/Stream,Field Msr/Obs,Surface Water,9/14/2024,Test strip,"Alkalinity, total",20,mg/L
Sault Ste. Marie Water Rangers Task Team,11717,Upper Carp River:Upper Carp River at Creek Rd/Third Line W,46.5480272,-84.4551659,River/Stream,Field Msr/Obs,Surface Water,9/28/2024,Test strip,Total hardness,0,mg/L
Sault Ste. Marie Water Rangers Task Team,11717,Upper Carp River:Upper Carp River at Creek Rd/Third Line W,46.5480272,-84.4551659,River/Stream,Field Msr/Obs,Surface Water,9/28/2024,Test strip,Chlorine,0,ppm
Sault Ste. Marie Water Rangers Task Team,11707,Root River Branch:Root River Branch Fourth Line E,46.5676351,-84.3005633,River/Stream,Field Msr/Obs,Surface Water,9/14/2024,Test strip,"Alkalinity, total",30,mg/L
Sault Ste. Marie Water Rangers Task Team,11706,Root River:Root River Fourth Line E,46.5672083,-84.3063569,River/Stream,Field Msr/Obs,Surface Water,9/28/2024,,pH,7.4,None
Sault Ste. Marie Water Rangers Task Team,11708,Root River:Root River off Hwy 17 N (near Teen Challenge),46.5717047,-84.3206692,River/Stream,Field Msr/Obs,Surface Water,10/4/2024,Test strip,Total hardness,0,mg/L
Sault Ste. Marie Water Rangers Task Team,11712,Fort Creek:Fort Creek Channel at Carmen's Way,46.5363508,-84.3442512,River/Stream,Field Msr/Obs,Surface Water,10/3/2024,Probe/Sensor,"Temperature, air",21,deg C
Sault Ste. Marie Water Rangers Task Team,11716,Big Carp River:Big Carp River Herkimer Rd,46.5062632,-84.4498873,River/Stream,Field Msr/Obs,Surface Water,9/14/2024,Probe/Sensor,Salinity,52,ppm
Sault Ste. Marie Water Rangers Task Team,11715,Little Carp River:Little Carp River Carpin Beach Rd,46.5097352,-84.4441581,River/Stream,Field Msr/Obs,Surface Water,9/19/2024,Probe/Sensor,Dissolved oxygen (DO),7,mg/L
Sault Ste. Marie Water Rangers Task Team,11706,Root River:Root River Fourth Line E,46.5672083,-84.3063569,River/Stream,Field Msr/Obs,Surface Water,9/28/2024,Test strip,Chlorine,0,ppm
Sault Ste. Marie Water Rangers Task Team,11714,West Davignon Creek:West Davignon Brookfield Ave,46.5307892,-84.3968654,River/Stream,Field Msr/Obs,Surface Water,9/14/2024,,pH,7.5,None
Sault Ste. Marie Water Rangers Task Team,11706,Root River:Root River Fourth Line E,46.5672083,-84.3063569,River/Stream,Field Msr/Obs,Surface Water,9/28/2024,Probe/Sensor,"Temperature, water",15.9,deg C
Sault Ste. Marie Water Rangers Task Team,11706,Root River:Root River Fourth Line E,46.5672083,-84.3063569,River/Stream,Field Msr/Obs,Surface Water,9/14/2024,Probe/Sensor,"Temperature, water",15.8,deg C
Sault Ste. Marie Water Rangers Task Team,11716,Big Carp River:Big Carp River Herkimer Rd,46.5062632,-84.4498873,River/Stream,Field Msr/Obs,Surface Water,9/14/2024,Test strip,Chlorine,0,ppm
Sault Ste. Marie Water Rangers Task Team,11714,West Davignon Creek:West Davignon Brookfield Ave,46.5307892,-84.3968654,River/Stream,Field Msr/Obs,Surface Water,9/22/2024,,pH,7.8,None
Sault Ste. Marie Water Rangers Task Team,11704,Root River:Root River Wishart Park,46.5637702,-84.2936325,River/Stream,Field Msr/Obs,Surface Water,9/14/2024,Probe/Sensor,Conductivity,158,uS/cm
Sault Ste. Marie Water Rangers Task Team,11705,Coldwater Creek:Lower Coldwater Creek Case Rd,46.5646992,-84.2689991,River/Stream,Field Msr/Obs,Surface Water,9/22/2024,Test strip,Total hardness,0,mg/L
Sault Ste. Marie Water Rangers Task Team,11707,Root River Branch:Root River Branch Fourth Line E,46.5676351,-84.3005633,River/Stream,Field Msr/Obs,Surface Water,9/14/2024,Test strip,Total hardness,0,mg/L
Sault Ste. Marie Water Rangers Task Team,11714,West Davignon Creek:West Davignon Brookfield Ave,46.5307892,-84.3968654,River/Stream,Field Msr/Obs,Surface Water,9/22/2024,Test strip,Chlorine,0,ppm
Sault Ste. Marie Water Rangers Task Team,11702,Cold Water Creek:Cold Water Creek at Old Garden River Road,46.5636057,-84.2783117,River/Stream,Field Msr/Obs,Surface Water,9/22/2024,Test strip,Chlorine,0,ppm
Sault Ste. Marie Water Rangers Task Team,11706,Root River:Root River Fourth Line E,46.5672083,-84.3063569,River/Stream,Field Msr/Obs,Surface Water,9/24/2024,Test strip,Chlorine,0,ppm
Sault Ste. Marie Water Rangers Task Team,11708,Root River:Root River off Hwy 17 N (near Teen Challenge),46.5717047,-84.3206692,River/Stream,Field Msr/Obs,Surface Water,9/16/2024,Probe/Sensor,"Temperature, air",19,deg C
Sault Ste. Marie Water Rangers Task Team,11718,East Davignon Creek:East Davignon Creek Allens Side (N of 2nd Ln W),46.559108,-84.4037962,River/Stream,Field Msr/Obs,Surface Water,9/19/2024,Test strip,"Alkalinity, total",80,mg/L
Sault Ste. Marie Water Rangers Task Team,11703,Root River:Root River Old Garden River,46.5629144,-84.2812943,River/Stream,Field Msr/Obs,Surface Water,9/14/2024,,pH,7.5,None
Sault Ste. Marie Water Rangers Task Team,11713,East Davignon Creek:East Davignon Farwell Terrace (near Tim Hortons),46.5367668,-84.3616748,River/Stream,Field Msr/Obs,Surface Water,9/15/2024,Test strip,Total hardness,150,mg/L
Sault Ste. Marie Water Rangers Task Team,11714,West Davignon Creek:West Davignon Brookfield Ave,46.5307892,-84.3968654,River/Stream,Field Msr/Obs,Surface Water,9/14/2024,Probe/Sensor,Salinity,71,ppm
Sault Ste. Marie Water Rangers Task Team,11704,Root River:Root River Wishart Park,46.5637702,-84.2936325,River/Stream,Field Msr/Obs,Surface Water,9/24/2024,Probe/Sensor,Conductivity,144,uS/cm
Sault Ste. Marie Water Rangers Task Team,11714,West Davignon Creek:West Davignon Brookfield Ave,46.5307892,-84.3968654,River/Stream,Field Msr/Obs,Surface Water,9/28/2024,Secchi Disk,Depth of water column,0.3,m
Sault Ste. Marie Water Rangers Task Team,11718,East Davignon Creek:East Davignon Creek Allens Side (N of 2nd Ln W),46.559108,-84.4037962,River/Stream,Field Msr/Obs,Surface Water,10/6/2024,Probe/Sensor,Conductivity,115,uS/cm
Sault Ste. Marie Water Rangers Task Team,11709,Canon Creek:Canon Creek Old Goulais Bay Rd,46.5915743,-84.3430281,River/Stream,Field Msr/Obs,Surface Water,9/16/2024,,pH,7.2,None
Sault Ste. Marie Water Rangers Task Team,11716,Big Carp River:Big Carp River Herkimer Rd,46.5062632,-84.4498873,River/Stream,Field Msr/Obs,Surface Water,9/19/2024,Probe/Sensor,"Temperature, water",18.1,deg C
Sault Ste. Marie Water Rangers Task Team,11704,Root River:Root River Wishart Park,46.5637702,-84.2936325,River/Stream,Field Msr/Obs,Surface Water,9/14/2024,Probe/Sensor,"Temperature, water",15.9,deg C
Sault Ste. Marie Water Rangers Task Team,11709,Canon Creek:Canon Creek Old Goulais Bay Rd,46.5915743,-84.3430281,River/Stream,Field Msr/Obs,Surface Water,9/16/2024,Secchi Disk,Depth of water column,0.25,m
Sault Ste. Marie Water Rangers Task Team,11716,Big Carp River:Big Carp River Herkimer Rd,46.5062632,-84.4498873,River/Stream,Field Msr/Obs,Surface Water,9/26/2024,Probe/Sensor,"Temperature, water",15.7,deg C
Sault Ste. Marie Water Rangers Task Team,11705,Coldwater Creek:Lower Coldwater Creek Case Rd,46.5646992,-84.2689991,River/Stream,Field Msr/Obs,Surface Water,9/14/2024,Probe/Sensor,Dissolved oxygen (DO),8,mg/L
Sault Ste. Marie Water Rangers Task Team,11705,Coldwater Creek:Lower Coldwater Creek Case Rd,46.5646992,-84.2689991,River/Stream,Field Msr/Obs,Surface Water,9/23/2024,Test strip,Total hardness,200,mg/L
Sault Ste. Marie Water Rangers Task Team,11702,Cold Water Creek:Cold Water Creek at Old Garden River Road,46.5636057,-84.2783117,River/Stream,Field Msr/Obs,Surface Water,9/22/2024,Probe/Sensor,Dissolved oxygen (DO),8,mg/L
Sault Ste. Marie Water Rangers Task Team,11709,Canon Creek:Canon Creek Old Goulais Bay Rd,46.5915743,-84.3430281,River/Stream,Field Msr/Obs,Surface Water,9/16/2024,Test strip,Chlorine,0,ppm
Sault Ste. Marie Water Rangers Task Team,11706,Root River:Root River Fourth Line E,46.5672083,-84.3063569,River/Stream,Field Msr/Obs,Surface Water,9/24/2024,Test strip,"Alkalinity, total",10,mg/L
Sault Ste. Marie Water Rangers Task Team,11710,Root River:Root River Hwy 17E,46.5459338,-84.2184019,River/Stream,Field Msr/Obs,Surface Water,9/16/2024,Probe/Sensor,"Temperature, water",19.6,deg C
Sault Ste. Marie Water Rangers Task Team,11706,Root River:Root River Fourth Line E,46.5672083,-84.3063569,River/Stream,Field Msr/Obs,Surface Water,9/14/2024,Test strip,Chlorine,0,ppm
Sault Ste. Marie Water Rangers Task Team,11703,Root River:Root River Old Garden River,46.5629144,-84.2812943,River/Stream,Field Msr/Obs,Surface Water,9/14/2024,Test strip,Chlorine,0,ppm
Sault Ste. Marie Water Rangers Task Team,11713,East Davignon Creek:East Davignon Farwell Terrace (near Tim Hortons),46.5367668,-84.3616748,River/Stream,Field Msr/Obs,Surface Water,9/15/2024,Probe/Sensor,Conductivity,253,uS/cm
Sault Ste. Marie Water Rangers Task Team,11710,Root River:Root River Hwy 17E,46.5459338,-84.2184019,River/Stream,Field Msr/Obs,Surface Water,9/16/2024,Test strip,Total hardness,0,mg/L
Sault Ste. Marie Water Rangers Task Team,11704,Root River:Root River Wishart Park,46.5637702,-84.2936325,River/Stream,Field Msr/Obs,Surface Water,9/24/2024,,pH,7.6,None
Sault Ste. Marie Water Rangers Task Team,11715,Little Carp River:Little Carp River Carpin Beach Rd,46.5097352,-84.4441581,River/Stream,Field Msr/Obs,Surface Water,9/19/2024,Test strip,Chlorine,0,ppm
Sault Ste. Marie Water Rangers Task Team,11705,Coldwater Creek:Lower Coldwater Creek Case Rd,46.5646992,-84.2689991,River/Stream,Field Msr/Obs,Surface Water,9/28/2024,Test strip,"Alkalinity, total",0,mg/L
Sault Ste. Marie Water Rangers Task Team,11712,Fort Creek:Fort Creek Channel at Carmen's Way,46.5363508,-84.3442512,River/Stream,Field Msr/Obs,Surface Water,10/3/2024,Secchi Disk,Depth of water column,0.5,m
Sault Ste. Marie Water Rangers Task Team,11717,Upper Carp River:Upper Carp River at Creek Rd/Third Line W,46.5480272,-84.4551659,River/Stream,Field Msr/Obs,Surface Water,9/14/2024,Probe/Sensor,Dissolved oxygen (DO),9,mg/L
Sault Ste. Marie Water Rangers Task Team,11705,Coldwater Creek:Lower Coldwater Creek Case Rd,46.5646992,-84.2689991,River/Stream,Field Msr/Obs,Surface Water,9/14/2024,Test strip,Total hardness,0,mg/L
Sault Ste. Marie Water Rangers Task Team,11709,Canon Creek:Canon Creek Old Goulais Bay Rd,46.5915743,-84.3430281,River/Stream,Field Msr/Obs,Surface Water,10/4/2024,,pH,7.2,None
Sault Ste. Marie Water Rangers Task Team,11713,East Davignon Creek:East Davignon Farwell Terrace (near Tim Hortons),46.5367668,-84.3616748,River/Stream,Field Msr/Obs,Surface Water,9/15/2024,Test strip,Chlorine,0,ppm
Sault Ste. Marie Water Rangers Task Team,11716,Big Carp River:Big Carp River Herkimer Rd,46.5062632,-84.4498873,River/Stream,Field Msr/Obs,Surface Water,9/14/2024,Probe/Sensor,Conductivity,98,uS/cm
Sault Ste. Marie Water Rangers Task Team,11709,Canon Creek:Canon Creek Old Goulais Bay Rd,46.5915743,-84.3430281,River/Stream,Field Msr/Obs,Surface Water,9/16/2024,Test strip,"Alkalinity, total",20,mg/L
Sault Ste. Marie Water Rangers Task Team,11715,Little Carp River:Little Carp River Carpin Beach Rd,46.5097352,-84.4441581,River/Stream,Field Msr/Obs,Surface Water,9/14/2024,Probe/Sensor,Salinity,62,ppm
Sault Ste. Marie Water Rangers Task Team,11706,Root River:Root River Fourth Line E,46.5672083,-84.3063569,River/Stream,Field Msr/Obs,Surface Water,9/24/2024,Probe/Sensor,"Temperature, water",14.7,deg C
Sault Ste. Marie Water Rangers Task Team,11705,Coldwater Creek:Lower Coldwater Creek Case Rd,46.5646992,-84.2689991,River/Stream,Field Msr/Obs,Surface Water,9/23/2024,Test strip,Chlorine,0,ppm
Sault Ste. Marie Water Rangers Task Team,11702,Cold Water Creek:Cold Water Creek at Old Garden River Road,46.5636057,-84.2783117,River/Stream,Field Msr/Obs,Surface Water,9/28/2024,Probe/Sensor,Conductivity,196,uS/cm
Sault Ste. Marie Water Rangers Task Team,11708,Root River:Root River off Hwy 17 N (near Teen Challenge),46.5717047,-84.3206692,River/Stream,Field Msr/Obs,Surface Water,9/29/2024,Probe/Sensor,Dissolved oxygen (DO),7,mg/L
Sault Ste. Marie Water Rangers Task Team,11708,Root River:Root River off Hwy 17 N (near Teen Challenge),46.5717047,-84.3206692,River/Stream,Field Msr/Obs,Surface Water,9/29/2024,Test strip,"Alkalinity, total",30,mg/L
Sault Ste. Marie Water Rangers Task Team,11705,Coldwater Creek:Lower Coldwater Creek Case Rd,46.5646992,-84.2689991,River/Stream,Field Msr/Obs,Surface Water,9/23/2024,Secchi Disk,Depth of water column,0.39,m
Sault Ste. Marie Water Rangers Task Team,11708,Root River:Root River off Hwy 17 N (near Teen Challenge),46.5717047,-84.3206692,River/Stream,Field Msr/Obs,Surface Water,10/4/2024,Probe/Sensor,Dissolved oxygen (DO),7,mg/L
Sault Ste. Marie Water Rangers Task Team,11708,Root River:Root River off Hwy 17 N (near Teen Challenge),46.5717047,-84.3206692,River/Stream,Field Msr/Obs,Surface Water,9/29/2024,,pH,7.2,None
Sault Ste. Marie Water Rangers Task Team,11715,Little Carp River:Little Carp River Carpin Beach Rd,46.5097352,-84.4441581,River/Stream,Field Msr/Obs,Surface Water,9/26/2024,Test strip,Chlorine,0,ppm
Sault Ste. Marie Water Rangers Task Team,11711,Duck pond:Bellevue Park duck pond,46.5004401,-84.2993188,Lake/Pond,Field Msr/Obs,Surface Water,10/7/2024,Secchi Disk,"Depth, Secchi disk depth",0.3,m
Sault Ste. Marie Water Rangers Task Team,11704,Root River:Root River Wishart Park,46.5637702,-84.2936325,River/Stream,Field Msr/Obs,Surface Water,9/24/2024,Test strip,Chlorine,0,ppm
Sault Ste. Marie Water Rangers Task Team,11708,Root River:Root River off Hwy 17 N (near Teen Challenge),46.5717047,-84.3206692,River/Stream,Field Msr/Obs,Surface Water,9/16/2024,Secchi Disk,Depth of water column,0.25,m
Sault Ste. Marie Water Rangers Task Team,11718,East Davignon Creek:East Davignon Creek Allens Side (N of 2nd Ln W),46.559108,-84.4037962,River/Stream,Field Msr/Obs,Surface Water,9/19/2024,Test strip,Total hardness,0,mg/L
Sault Ste. Marie Water Rangers Task Team,11709,Canon Creek:Canon Creek Old Goulais Bay Rd,46.5915743,-84.3430281,River/Stream,Field Msr/Obs,Surface Water,9/29/2024,Probe/Sensor,Conductivity,40,uS/cm
Sault Ste. Marie Water Rangers Task Team,11705,Coldwater Creek:Lower Coldwater Creek Case Rd,46.5646992,-84.2689991,River/Stream,Field Msr/Obs,Surface Water,9/22/2024,Secchi Disk,Depth of water column,0.22,m
Sault Ste. Marie Water Rangers Task Team,11717,Upper Carp River:Upper Carp River at Creek Rd/Third Line W,46.5480272,-84.4551659,River/Stream,Field Msr/Obs,Surface Water,9/14/2024,Probe/Sensor,"Temperature, air",24,deg C
Sault Ste. Marie Water Rangers Task Team,11713,East Davignon Creek:East Davignon Farwell Terrace (near Tim Hortons),46.5367668,-84.3616748,River/Stream,Field Msr/Obs,Surface Water,10/3/2024,Test strip,Chlorine,0,ppm
Sault Ste. Marie Water Rangers Task Team,11715,Little Carp River:Little Carp River Carpin Beach Rd,46.5097352,-84.4441581,River/Stream,Field Msr/Obs,Surface Water,9/26/2024,Probe/Sensor,"Temperature, water",14.4,deg C
Sault Ste. Marie Water Rangers Task Team,11717,Upper Carp River:Upper Carp River at Creek Rd/Third Line W,46.5480272,-84.4551659,River/Stream,Field Msr/Obs,Surface Water,9/22/2024,Probe/Sensor,"Temperature, water",15.3,deg C
Sault Ste. Marie Water Rangers Task Team,11707,Root River Branch:Root River Branch Fourth Line E,46.5676351,-84.3005633,River/Stream,Field Msr/Obs,Surface Water,9/28/2024,,pH,7.9,None
Sault Ste. Marie Water Rangers Task Team,11702,Cold Water Creek:Cold Water Creek at Old Garden River Road,46.5636057,-84.2783117,River/Stream,Field Msr/Obs,Surface Water,9/28/2024,,pH,7.4,None
Sault Ste. Marie Water Rangers Task Team,11705,Coldwater Creek:Lower Coldwater Creek Case Rd,46.5646992,-84.2689991,River/Stream,Field Msr/Obs,Surface Water,9/22/2024,Test strip,Chlorine,0,ppm
Sault Ste. Marie Water Rangers Task Team,11710,Root River:Root River Hwy 17E,46.5459338,-84.2184019,River/Stream,Field Msr/Obs,Surface Water,9/16/2024,Probe/Sensor,"Temperature, air",26,deg C
Sault Ste. Marie Water Rangers Task Team,11716,Big Carp River:Big Carp River Herkimer Rd,46.5062632,-84.4498873,River/Stream,Field Msr/Obs,Surface Water,9/14/2024,Probe/Sensor,Dissolved oxygen (DO),6,mg/L
Sault Ste. Marie Water Rangers Task Team,11709,Canon Creek:Canon Creek Old Goulais Bay Rd,46.5915743,-84.3430281,River/Stream,Field Msr/Obs,Surface Water,9/16/2024,Test strip,Total hardness,0,mg/L
Sault Ste. Marie Water Rangers Task Team,11717,Upper Carp River:Upper Carp River at Creek Rd/Third Line W,46.5480272,-84.4551659,River/Stream,Field Msr/Obs,Surface Water,9/14/2024,Probe/Sensor,"Temperature, water",15.2,deg C
Sault Ste. Marie Water Rangers Task Team,11718,East Davignon Creek:East Davignon Creek Allens Side (N of 2nd Ln W),46.559108,-84.4037962,River/Stream,Field Msr/Obs,Surface Water,9/28/2024,Probe/Sensor,Conductivity,107,uS/cm
Sault Ste. Marie Water Rangers Task Team,11707,Root River Branch:Root River Branch Fourth Line E,46.5676351,-84.3005633,River/Stream,Field Msr/Obs,Surface Water,9/28/2024,Test strip,"Alkalinity, total",10,mg/L
Sault Ste. Marie Water Rangers Task Team,11703,Root River:Root River Old Garden River,46.5629144,-84.2812943,River/Stream,Field Msr/Obs,Surface Water,9/14/2024,Secchi Disk,Depth of water column,0.24,m
Sault Ste. Marie Water Rangers Task Team,11718,East Davignon Creek:East Davignon Creek Allens Side (N of 2nd Ln W),46.559108,-84.4037962,River/Stream,Field Msr/Obs,Surface Water,9/28/2024,Probe/Sensor,"Temperature, air",17.7,deg C
Sault Ste. Marie Water Rangers Task Team,11703,Root River:Root River Old Garden River,46.5629144,-84.2812943,River/Stream,Field Msr/Obs,Surface Water,9/14/2024,Test strip,Total hardness,0,mg/L
Sault Ste. Marie Water Rangers Task Team,11716,Big Carp River:Big Carp River Herkimer Rd,46.5062632,-84.4498873,River/Stream,Field Msr/Obs,Surface Water,9/14/2024,Secchi Disk,Depth of water column,1.47,m
Sault Ste. Marie Water Rangers Task Team,11704,Root River:Root River Wishart Park,46.5637702,-84.2936325,River/Stream,Field Msr/Obs,Surface Water,9/30/2024,Test strip,Total hardness,0,mg/L
Sault Ste. Marie Water Rangers Task Team,11705,Coldwater Creek:Lower Coldwater Creek Case Rd,46.5646992,-84.2689991,River/Stream,Field Msr/Obs,Surface Water,9/23/2024,Probe/Sensor,"Temperature, water",15.8,deg C
Sault Ste. Marie Water Rangers Task Team,11702,Cold Water Creek:Cold Water Creek at Old Garden River Road,46.5636057,-84.2783117,River/Stream,Field Msr/Obs,Surface Water,9/28/2024,Secchi Disk,Depth of water column,0.18,m
Sault Ste. Marie Water Rangers Task Team,11708,Root River:Root River off Hwy 17 N (near Teen Challenge),46.5717047,-84.3206692,River/Stream,Field Msr/Obs,Surface Water,9/29/2024,Test strip,Chlorine,0,ppm
Sault Ste. Marie Water Rangers Task Team,11714,West Davignon Creek:West Davignon Brookfield Ave,46.5307892,-84.3968654,River/Stream,Field Msr/Obs,Surface Water,9/22/2024,Probe/Sensor,Salinity,76,ppm
Sault Ste. Marie Water Rangers Task Team,11703,Root River:Root River Old Garden River,46.5629144,-84.2812943,River/Stream,Field Msr/Obs,Surface Water,9/22/2024,Test strip,Total hardness,0,mg/L
Sault Ste. Marie Water Rangers Task Team,11703,Root River:Root River Old Garden River,46.5629144,-84.2812943,River/Stream,Field Msr/Obs,Surface Water,9/22/2024,Secchi Disk,Depth of water column,0.25,m
Sault Ste. Marie Water Rangers Task Team,11716,Big Carp River:Big Carp River Herkimer Rd,46.5062632,-84.4498873,River/Stream,Field Msr/Obs,Surface Water,9/19/2024,Test strip,"Alkalinity, total",80,mg/L
Sault Ste. Marie Water Rangers Task Team,11702,Cold Water Creek:Cold Water Creek at Old Garden River Road,46.5636057,-84.2783117,River/Stream,Field Msr/Obs,Surface Water,9/14/2024,,pH,6.8,None
Sault Ste. Marie Water Rangers Task Team,11717,Upper Carp River:Upper Carp River at Creek Rd/Third Line W,46.5480272,-84.4551659,River/Stream,Field Msr/Obs,Surface Water,9/22/2024,,pH,7.5,None
Sault Ste. Marie Water Rangers Task Team,11711,Duck pond:Bellevue Park duck pond,46.5004401,-84.2993188,Lake/Pond,Field Msr/Obs,Surface Water,10/7/2024,Probe/Sensor,Dissolved oxygen (DO),5.5,mg/L
Sault Ste. Marie Water Rangers Task Team,11717,Upper Carp River:Upper Carp River at Creek Rd/Third Line W,46.5480272,-84.4551659,River/Stream,Field Msr/Obs,Surface Water,9/22/2024,Probe/Sensor,"Temperature, air",19,deg C
Sault Ste. Marie Water Rangers Task Team,11708,Root River:Root River off Hwy 17 N (near Teen Challenge),46.5717047,-84.3206692,River/Stream,Field Msr/Obs,Surface Water,10/4/2024,Probe/Sensor,Conductivity,169,uS/cm
Sault Ste. Marie Water Rangers Task Team,11714,West Davignon Creek:West Davignon Brookfield Ave,46.5307892,-84.3968654,River/Stream,Field Msr/Obs,Surface Water,9/28/2024,Probe/Sensor,Conductivity,139,uS/cm
Sault Ste. Marie Water Rangers Task Team,11717,Upper Carp River:Upper Carp River at Creek Rd/Third Line W,46.5480272,-84.4551659,River/Stream,Field Msr/Obs,Surface Water,9/22/2024,Probe/Sensor,Dissolved oxygen (DO),7,mg/L
Sault Ste. Marie Water Rangers Task Team,11717,Upper Carp River:Upper Carp River at Creek Rd/Third Line W,46.5480272,-84.4551659,River/Stream,Field Msr/Obs,Surface Water,9/28/2024,Test strip,"Alkalinity, total",20,mg/L
Sault Ste. Marie Water Rangers Task Team,11718,East Davignon Creek:East Davignon Creek Allens Side (N of 2nd Ln W),46.559108,-84.4037962,River/Stream,Field Msr/Obs,Surface Water,9/19/2024,,pH,7.5,None
Sault Ste. Marie Water Rangers Task Team,11702,Cold Water Creek:Cold Water Creek at Old Garden River Road,46.5636057,-84.2783117,River/Stream,Field Msr/Obs,Surface Water,9/28/2024,Test strip,Chlorine,0,ppm
Sault Ste. Marie Water Rangers Task Team,11717,Upper Carp River:Upper Carp River at Creek Rd/Third Line W,46.5480272,-84.4551659,River/Stream,Field Msr/Obs,Surface Water,9/14/2024,Probe/Sensor,Conductivity,62,uS/cm
Sault Ste. Marie Water Rangers Task Team,11714,West Davignon Creek:West Davignon Brookfield Ave,46.5307892,-84.3968654,River/Stream,Field Msr/Obs,Surface Water,9/14/2024,Probe/Sensor,"Temperature, air",24,deg C
Sault Ste. Marie Water Rangers Task Team,11704,Root River:Root River Wishart Park,46.5637702,-84.2936325,River/Stream,Field Msr/Obs,Surface Water,9/14/2024,Secchi Disk,Depth of water column,0.25,m
Sault Ste. Marie Water Rangers Task Team,11716,Big Carp River:Big Carp River Herkimer Rd,46.5062632,-84.4498873,River/Stream,Field Msr/Obs,Surface Water,9/19/2024,Probe/Sensor,Dissolved oxygen (DO),6,mg/L
Sault Ste. Marie Water Rangers Task Team,11709,Canon Creek:Canon Creek Old Goulais Bay Rd,46.5915743,-84.3430281,River/Stream,Field Msr/Obs,Surface Water,9/16/2024,Probe/Sensor,Dissolved oxygen (DO),7,mg/L
Sault Ste. Marie Water Rangers Task Team,11703,Root River:Root River Old Garden River,46.5629144,-84.2812943,River/Stream,Field Msr/Obs,Surface Water,9/28/2024,Probe/Sensor,"Temperature, water",15.4,deg C
Sault Ste. Marie Water Rangers Task Team,11710,Root River:Root River Hwy 17E,46.5459338,-84.2184019,River/Stream,Field Msr/Obs,Surface Water,9/29/2024,Secchi Disk,Depth of water column,0.27,m
Sault Ste. Marie Water Rangers Task Team,11712,Fort Creek:Fort Creek Channel at Carmen's Way,46.5363508,-84.3442512,River/Stream,Field Msr/Obs,Surface Water,10/3/2024,Test strip,Chlorine,0,ppm
Sault Ste. Marie Water Rangers Task Team,11703,Root River:Root River Old Garden River,46.5629144,-84.2812943,River/Stream,Field Msr/Obs,Surface Water,9/22/2024,Probe/Sensor,Dissolved oxygen (DO),6,mg/L
Sault Ste. Marie Water Rangers Task Team,11716,Big Carp River:Big Carp River Herkimer Rd,46.5062632,-84.4498873,River/Stream,Field Msr/Obs,Surface Water,9/19/2024,Secchi Disk,Depth of water column,23.5,m
Sault Ste. Marie Water Rangers Task Team,11715,Little Carp River:Little Carp River Carpin Beach Rd,46.5097352,-84.4441581,River/Stream,Field Msr/Obs,Surface Water,9/26/2024,,pH,7.5,None
Sault Ste. Marie Water Rangers Task Team,11718,East Davignon Creek:East Davignon Creek Allens Side (N of 2nd Ln W),46.559108,-84.4037962,River/Stream,Field Msr/Obs,Surface Water,9/28/2024,Probe/Sensor,Dissolved oxygen (DO),7,mg/L
Sault Ste. Marie Water Rangers Task Team,11702,Cold Water Creek:Cold Water Creek at Old Garden River Road,46.5636057,-84.2783117,River/Stream,Field Msr/Obs,Surface Water,9/28/2024,Probe/Sensor,"Temperature, water",10.2,deg C
Sault Ste. Marie Water Rangers Task Team,11715,Little Carp River:Little Carp River Carpin Beach Rd,46.5097352,-84.4441581,River/Stream,Field Msr/Obs,Surface Water,9/19/2024,Probe/Sensor,"Temperature, water",17.1,deg C
Sault Ste. Marie Water Rangers Task Team,11713,East Davignon Creek:East Davignon Farwell Terrace (near Tim Hortons),46.5367668,-84.3616748,River/Stream,Field Msr/Obs,Surface Water,10/3/2024,Test strip,"Alkalinity, total",80,mg/L
Sault Ste. Marie Water Rangers Task Team,11718,East Davignon Creek:East Davignon Creek Allens Side (N of 2nd Ln W),46.559108,-84.4037962,River/Stream,Field Msr/Obs,Surface Water,9/19/2024,Probe/Sensor,"Temperature, air",27,deg C
Sault Ste. Marie Water Rangers Task Team,11707,Root River Branch:Root River Branch Fourth Line E,46.5676351,-84.3005633,River/Stream,Field Msr/Obs,Surface Water,9/28/2024,Probe/Sensor,Conductivity,154,uS/cm
Sault Ste. Marie Water Rangers Task Team,11717,Upper Carp River:Upper Carp River at Creek Rd/Third Line W,46.5480272,-84.4551659,River/Stream,Field Msr/Obs,Surface Water,9/28/2024,Probe/Sensor,Salinity,35,ppm
Sault Ste. Marie Water Rangers Task Team,11702,Cold Water Creek:Cold Water Creek at Old Garden River Road,46.5636057,-84.2783117,River/Stream,Field Msr/Obs,Surface Water,9/22/2024,Test strip,"Alkalinity, total",0,mg/L
Sault Ste. Marie Water Rangers Task Team,11703,Root River:Root River Old Garden River,46.5629144,-84.2812943,River/Stream,Field Msr/Obs,Surface Water,9/22/2024,Probe/Sensor,"Temperature, air",16,deg C
Sault Ste. Marie Water Rangers Task Team,11718,East Davignon Creek:East Davignon Creek Allens Side (N of 2nd Ln W),46.559108,-84.4037962,River/Stream,Field Msr/Obs,Surface Water,10/6/2024,Secchi Disk,Depth of water column,0.12,m
Sault Ste. Marie Water Rangers Task Team,11702,Cold Water Creek:Cold Water Creek at Old Garden River Road,46.5636057,-84.2783117,River/Stream,Field Msr/Obs,Surface Water,9/14/2024,Probe/Sensor,"Temperature, air",15,deg C
Sault Ste. Marie Water Rangers Task Team,11717,Upper Carp River:Upper Carp River at Creek Rd/Third Line W,46.5480272,-84.4551659,River/Stream,Field Msr/Obs,Surface Water,9/14/2024,Test strip,"Alkalinity, total",10,mg/L
Sault Ste. Marie Water Rangers Task Team,11706,Root River:Root River Fourth Line E,46.5672083,-84.3063569,River/Stream,Field Msr/Obs,Surface Water,9/28/2024,Probe/Sensor,"Temperature, air",23,deg C
Sault Ste. Marie Water Rangers Task Team,11716,Big Carp River:Big Carp River Herkimer Rd,46.5062632,-84.4498873,River/Stream,Field Msr/Obs,Surface Water,9/19/2024,Probe/Sensor,Conductivity,93,uS/cm
Sault Ste. Marie Water Rangers Task Team,11706,Root River:Root River Fourth Line E,46.5672083,-84.3063569,River/Stream,Field Msr/Obs,Surface Water,9/14/2024,Test strip,"Alkalinity, total",10,mg/L
Sault Ste. Marie Water Rangers Task Team,11702,Cold Water Creek:Cold Water Creek at Old Garden River Road,46.5636057,-84.2783117,River/Stream,Field Msr/Obs,Surface Water,9/22/2024,Secchi Disk,Depth of water column,0.39,m
Sault Ste. Marie Water Rangers Task Team,11716,Big Carp River:Big Carp River Herkimer Rd,46.5062632,-84.4498873,River/Stream,Field Msr/Obs,Surface Water,9/26/2024,Test strip,Total hardness,0,mg/L
Sault Ste. Marie Water Rangers Task Team,11712,Fort Creek:Fort Creek Channel at Carmen's Way,46.5363508,-84.3442512,River/Stream,Field Msr/Obs,Surface Water,10/3/2024,Secchi Disk,"Depth, Secchi disk depth",0.17,m
Sault Ste. Marie Water Rangers Task Team,11718,East Davignon Creek:East Davignon Creek Allens Side (N of 2nd Ln W),46.559108,-84.4037962,River/Stream,Field Msr/Obs,Surface Water,9/28/2024,Secchi Disk,Depth of water column,0.13,m
Sault Ste. Marie Water Rangers Task Team,11716,Big Carp River:Big Carp River Herkimer Rd,46.5062632,-84.4498873,River/Stream,Field Msr/Obs,Surface Water,9/14/2024,Test strip,Total hardness,0,mg/L
Sault Ste. Marie Water Rangers Task Team,11709,Canon Creek:Canon Creek Old Goulais Bay Rd,46.5915743,-84.3430281,River/Stream,Field Msr/Obs,Surface Water,9/29/2024,Probe/Sensor,Dissolved oxygen (DO),7,mg/L
Sault Ste. Marie Water Rangers Task Team,11704,Root River:Root River Wishart Park,46.5637702,-84.2936325,River/Stream,Field Msr/Obs,Surface Water,9/30/2024,Test strip,Chlorine,0,ppm
Sault Ste. Marie Water Rangers Task Team,11705,Coldwater Creek:Lower Coldwater Creek Case Rd,46.5646992,-84.2689991,River/Stream,Field Msr/Obs,Surface Water,9/14/2024,Test strip,"Alkalinity, total",5,mg/L
Sault Ste. Marie Water Rangers Task Team,11710,Root River:Root River Hwy 17E,46.5459338,-84.2184019,River/Stream,Field Msr/Obs,Surface Water,9/16/2024,Secchi Disk,Depth of water column,0.32,m
Sault Ste. Marie Water Rangers Task Team,11718,East Davignon Creek:East Davignon Creek Allens Side (N of 2nd Ln W),46.559108,-84.4037962,River/Stream,Field Msr/Obs,Surface Water,9/19/2024,Probe/Sensor,Dissolved oxygen (DO),8,mg/L
Sault Ste. Marie Water Rangers Task Team,11711,Duck pond:Bellevue Park duck pond,46.5004401,-84.2993188,Lake/Pond,Field Msr/Obs,Surface Water,10/7/2024,Probe/Sensor,"Temperature, air",10,deg C
Sault Ste. Marie Water Rangers Task Team,11712,Fort Creek:Fort Creek Channel at Carmen's Way,46.5363508,-84.3442512,River/Stream,Field Msr/Obs,Surface Water,9/15/2024,Secchi Disk,Depth of water column,0.45,m
Sault Ste. Marie Water Rangers Task Team,11718,East Davignon Creek:East Davignon Creek Allens Side (N of 2nd Ln W),46.559108,-84.4037962,River/Stream,Field Msr/Obs,Surface Water,9/14/2024,Test strip,Chlorine,0,ppm
Sault Ste. Marie Water Rangers Task Team,11713,East Davignon Creek:East Davignon Farwell Terrace (near Tim Hortons),46.5367668,-84.3616748,River/Stream,Field Msr/Obs,Surface Water,10/3/2024,,pH,8.4,None
Sault Ste. Marie Water Rangers Task Team,11717,Upper Carp River:Upper Carp River at Creek Rd/Third Line W,46.5480272,-84.4551659,River/Stream,Field Msr/Obs,Surface Water,9/28/2024,Probe/Sensor,Dissolved oxygen (DO),8,mg/L
Sault Ste. Marie Water Rangers Task Team,11709,Canon Creek:Canon Creek Old Goulais Bay Rd,46.5915743,-84.3430281,River/Stream,Field Msr/Obs,Surface Water,9/29/2024,Probe/Sensor,"Temperature, air",24,deg C
Sault Ste. Marie Water Rangers Task Team,11706,Root River:Root River Fourth Line E,46.5672083,-84.3063569,River/Stream,Field Msr/Obs,Surface Water,9/14/2024,Secchi Disk,Depth of water column,0.8,m
Sault Ste. Marie Water Rangers Task Team,11709,Canon Creek:Canon Creek Old Goulais Bay Rd,46.5915743,-84.3430281,River/Stream,Field Msr/Obs,Surface Water,10/4/2024,Test strip,"Alkalinity, total",30,mg/L
Sault Ste. Marie Water Rangers Task Team,11718,East Davignon Creek:East Davignon Creek Allens Side (N of 2nd Ln W),46.559108,-84.4037962,River/Stream,Field Msr/Obs,Surface Water,10/6/2024,Probe/Sensor,"Temperature, air",14,deg C
Sault Ste. Marie Water Rangers Task Team,11704,Root River:Root River Wishart Park,46.5637702,-84.2936325,River/Stream,Field Msr/Obs,Surface Water,9/14/2024,Test strip,Chlorine,0,ppm
Sault Ste. Marie Water Rangers Task Team,11703,Root River:Root River Old Garden River,46.5629144,-84.2812943,River/Stream,Field Msr/Obs,Surface Water,9/28/2024,Test strip,"Alkalinity, total",25,mg/L
Sault Ste. Marie Water Rangers Task Team,11703,Root River:Root River Old Garden River,46.5629144,-84.2812943,River/Stream,Field Msr/Obs,Surface Water,9/28/2024,Secchi Disk,Depth of water column,0.19,m
Sault Ste. Marie Water Rangers Task Team,11708,Root River:Root River off Hwy 17 N (near Teen Challenge),46.5717047,-84.3206692,River/Stream,Field Msr/Obs,Surface Water,9/16/2024,Test strip,Chlorine,0,ppm
Sault Ste. Marie Water Rangers Task Team,11712,Fort Creek:Fort Creek Channel at Carmen's Way,46.5363508,-84.3442512,River/Stream,Field Msr/Obs,Surface Water,9/15/2024,Probe/Sensor,"Temperature, water",19.3,deg C
Sault Ste. Marie Water Rangers Task Team,11717,Upper Carp River:Upper Carp River at Creek Rd/Third Line W,46.5480272,-84.4551659,River/Stream,Field Msr/Obs,Surface Water,9/22/2024,Probe/Sensor,Conductivity,65,uS/cm
Sault Ste. Marie Water Rangers Task Team,11707,Root River Branch:Root River Branch Fourth Line E,46.5676351,-84.3005633,River/Stream,Field Msr/Obs,Surface Water,9/28/2024,Probe/Sensor,Dissolved oxygen (DO),8,mg/L
Sault Ste. Marie Water Rangers Task Team,11717,Upper Carp River:Upper Carp River at Creek Rd/Third Line W,46.5480272,-84.4551659,River/Stream,Field Msr/Obs,Surface Water,9/28/2024,Probe/Sensor,Conductivity,64,uS/cm
Sault Ste. Marie Water Rangers Task Team,11717,Upper Carp River:Upper Carp River at Creek Rd/Third Line W,46.5480272,-84.4551659,River/Stream,Field Msr/Obs,Surface Water,9/14/2024,Test strip,Chlorine,0,ppm
Sault Ste. Marie Water Rangers Task Team,11704,Root River:Root River Wishart Park,46.5637702,-84.2936325,River/Stream,Field Msr/Obs,Surface Water,9/30/2024,,pH,7.4,None
Sault Ste. Marie Water Rangers Task Team,11702,Cold Water Creek:Cold Water Creek at Old Garden River Road,46.5636057,-84.2783117,River/Stream,Field Msr/Obs,Surface Water,9/22/2024,Probe/Sensor,"Temperature, air",18,deg C
Sault Ste. Marie Water Rangers Task Team,11707,Root River Branch:Root River Branch Fourth Line E,46.5676351,-84.3005633,River/Stream,Field Msr/Obs,Surface Water,9/14/2024,Probe/Sensor,Conductivity,156,uS/cm
Sault Ste. Marie Water Rangers Task Team,11714,West Davignon Creek:West Davignon Brookfield Ave,46.5307892,-84.3968654,River/Stream,Field Msr/Obs,Surface Water,9/28/2024,Test strip,Chlorine,0,ppm
Sault Ste. Marie Water Rangers Task Team,11710,Root River:Root River Hwy 17E,46.5459338,-84.2184019,River/Stream,Field Msr/Obs,Surface Water,9/29/2024,Test strip,Chlorine,0,ppm
Sault Ste. Marie Water Rangers Task Team,11718,East Davignon Creek:East Davignon Creek Allens Side (N of 2nd Ln W),46.559108,-84.4037962,River/Stream,Field Msr/Obs,Surface Water,9/19/2024,Probe/Sensor,Conductivity,99,uS/cm
Sault Ste. Marie Water Rangers Task Team,11709,Canon Creek:Canon Creek Old Goulais Bay Rd,46.5915743,-84.3430281,River/Stream,Field Msr/Obs,Surface Water,10/4/2024,Probe/Sensor,"Temperature, water",11.8,deg C
Sault Ste. Marie Water Rangers Task Team,11704,Root River:Root River Wishart Park,46.5637702,-84.2936325,River/Stream,Field Msr/Obs,Surface Water,9/30/2024,Secchi Disk,Depth of water column,0.29,m
Sault Ste. Marie Water Rangers Task Team,11702,Cold Water Creek:Cold Water Creek at Old Garden River Road,46.5636057,-84.2783117,River/Stream,Field Msr/Obs,Surface Water,9/14/2024,Probe/Sensor,Conductivity,200,uS/cm
Sault Ste. Marie Water Rangers Task Team,11718,East Davignon Creek:East Davignon Creek Allens Side (N of 2nd Ln W),46.559108,-84.4037962,River/Stream,Field Msr/Obs,Surface Water,9/14/2024,Probe/Sensor,"Temperature, water",14.7,deg C
Sault Ste. Marie Water Rangers Task Team,11713,East Davignon Creek:East Davignon Farwell Terrace (near Tim Hortons),46.5367668,-84.3616748,River/Stream,Field Msr/Obs,Surface Water,10/3/2024,Probe/Sensor,Conductivity,288,uS/cm
Sault Ste. Marie Water Rangers Task Team,11706,Root River:Root River Fourth Line E,46.5672083,-84.3063569,River/Stream,Field Msr/Obs,Surface Water,9/24/2024,Probe/Sensor,Dissolved oxygen (DO),8,mg/L
Sault Ste. Marie Water Rangers Task Team,11710,Root River:Root River Hwy 17E,46.5459338,-84.2184019,River/Stream,Field Msr/Obs,Surface Water,9/29/2024,Probe/Sensor,Dissolved oxygen (DO),7,mg/L
Sault Ste. Marie Water Rangers Task Team,11714,West Davignon Creek:West Davignon Brookfield Ave,46.5307892,-84.3968654,River/Stream,Field Msr/Obs,Surface Water,9/28/2024,Probe/Sensor,"Temperature, water",15,deg C
Sault Ste. Marie Water Rangers Task Team,11717,Upper Carp River:Upper Carp River at Creek Rd/Third Line W,46.5480272,-84.4551659,River/Stream,Field Msr/Obs,Surface Water,9/14/2024,Probe/Sensor,Salinity,33,ppm
Sault Ste. Marie Water Rangers Task Team,11702,Cold Water Creek:Cold Water Creek at Old Garden River Road,46.5636057,-84.2783117,River/Stream,Field Msr/Obs,Surface Water,9/14/2024,Probe/Sensor,Dissolved oxygen (DO),8,mg/L
Sault Ste. Marie Water Rangers Task Team,11710,Root River:Root River Hwy 17E,46.5459338,-84.2184019,River/Stream,Field Msr/Obs,Surface Water,9/29/2024,Probe/Sensor,"Temperature, air",24,deg C
Sault Ste. Marie Water Rangers Task Team,11702,Cold Water Creek:Cold Water Creek at Old Garden River Road,46.5636057,-84.2783117,River/Stream,Field Msr/Obs,Surface Water,9/14/2024,Test strip,Total hardness,0,mg/L
Sault Ste. Marie Water Rangers Task Team,11702,Cold Water Creek:Cold Water Creek at Old Garden River Road,46.5636057,-84.2783117,River/Stream,Field Msr/Obs,Surface Water,9/28/2024,Probe/Sensor,"Temperature, air",21,deg C
Sault Ste. Marie Water Rangers Task Team,11716,Big Carp River:Big Carp River Herkimer Rd,46.5062632,-84.4498873,River/Stream,Field Msr/Obs,Surface Water,9/26/2024,Secchi Disk,Depth of water column,1.4,m
Sault Ste. Marie Water Rangers Task Team,11718,East Davignon Creek:East Davignon Creek Allens Side (N of 2nd Ln W),46.559108,-84.4037962,River/Stream,Field Msr/Obs,Surface Water,10/6/2024,Probe/Sensor,"Temperature, water",12.1,deg C
Sault Ste. Marie Water Rangers Task Team,11712,Fort Creek:Fort Creek Channel at Carmen's Way,46.5363508,-84.3442512,River/Stream,Field Msr/Obs,Surface Water,9/15/2024,Test strip,"Alkalinity, total",120,mg/L
Sault Ste. Marie Water Rangers Task Team,11706,Root River:Root River Fourth Line E,46.5672083,-84.3063569,River/Stream,Field Msr/Obs,Surface Water,9/14/2024,Test strip,Total hardness,0,mg/L
Sault Ste. Marie Water Rangers Task Team,11708,Root River:Root River off Hwy 17 N (near Teen Challenge),46.5717047,-84.3206692,River/Stream,Field Msr/Obs,Surface Water,10/4/2024,,pH,7.2,None
Sault Ste. Marie Water Rangers Task Team,11704,Root River:Root River Wishart Park,46.5637702,-84.2936325,River/Stream,Field Msr/Obs,Surface Water,9/14/2024,Test strip,"Alkalinity, total",0,mg/L
Sault Ste. Marie Water Rangers Task Team,11710,Root River:Root River Hwy 17E,46.5459338,-84.2184019,River/Stream,Field Msr/Obs,Surface Water,9/16/2024,Probe/Sensor,Dissolved oxygen (DO),7,mg/L
Sault Ste. Marie Water Rangers Task Team,11718,East Davignon Creek:East Davignon Creek Allens Side (N of 2nd Ln W),46.559108,-84.4037962,River/Stream,Field Msr/Obs,Surface Water,9/14/2024,Probe/Sensor,"Temperature, air",23,deg C
Sault Ste. Marie Water Rangers Task Team,11708,Root River:Root River off Hwy 17 N (near Teen Challenge),46.5717047,-84.3206692,River/Stream,Field Msr/Obs,Surface Water,10/4/2024,Probe/Sensor,"Temperature, water",12.1,deg C
Sault Ste. Marie Water Rangers Task Team,11711,Duck pond:Bellevue Park duck pond,46.5004401,-84.2993188,Lake/Pond,Field Msr/Obs,Surface Water,10/7/2024,Test strip,Chlorine,0,ppm
Sault Ste. Marie Water Rangers Task Team,11702,Cold Water Creek:Cold Water Creek at Old Garden River Road,46.5636057,-84.2783117,River/Stream,Field Msr/Obs,Surface Water,9/28/2024,Probe/Sensor,Dissolved oxygen (DO),10,mg/L
Sault Ste. Marie Water Rangers Task Team,11717,Upper Carp River:Upper Carp River at Creek Rd/Third Line W,46.5480272,-84.4551659,River/Stream,Field Msr/Obs,Surface Water,9/28/2024,Probe/Sensor,"Temperature, water",13.3,deg C
Sault Ste. Marie Water Rangers Task Team,11710,Root River:Root River Hwy 17E,46.5459338,-84.2184019,River/Stream,Field Msr/Obs,Surface Water,9/29/2024,Probe/Sensor,Conductivity,123,uS/cm
Sault Ste. Marie Water Rangers Task Team,11709,Canon Creek:Canon Creek Old Goulais Bay Rd,46.5915743,-84.3430281,River/Stream,Field Msr/Obs,Surface Water,10/4/2024,Probe/Sensor,Dissolved oxygen (DO),7,mg/L
Sault Ste. Marie Water Rangers Task Team,11703,Root River:Root River Old Garden River,46.5629144,-84.2812943,River/Stream,Field Msr/Obs,Surface Water,9/14/2024,Probe/Sensor,Dissolved oxygen (DO),7,mg/L
Sault Ste. Marie Water Rangers Task Team,11709,Canon Creek:Canon Creek Old Goulais Bay Rd,46.5915743,-84.3430281,River/Stream,Field Msr/Obs,Surface Water,9/29/2024,Test strip,"Alkalinity, total",30,mg/L
Sault Ste. Marie Water Rangers Task Team,11717,Upper Carp River:Upper Carp River at Creek Rd/Third Line W,46.5480272,-84.4551659,River/Stream,Field Msr/Obs,Surface Water,9/14/2024,,pH,7.5,None
Sault Ste. Marie Water Rangers Task Team,11703,Root River:Root River Old Garden River,46.5629144,-84.2812943,River/Stream,Field Msr/Obs,Surface Water,9/28/2024,Probe/Sensor,Conductivity,140,uS/cm
Sault Ste. Marie Water Rangers Task Team,11718,East Davignon Creek:East Davignon Creek Allens Side (N of 2nd Ln W),46.559108,-84.4037962,River/Stream,Field Msr/Obs,Surface Water,9/28/2024,,pH,7.5,None
Sault Ste. Marie Water Rangers Task Team,11713,East Davignon Creek:East Davignon Farwell Terrace (near Tim Hortons),46.5367668,-84.3616748,River/Stream,Field Msr/Obs,Surface Water,10/3/2024,Probe/Sensor,"Temperature, water",15.7,deg C
Sault Ste. Marie Water Rangers Task Team,11705,Coldwater Creek:Lower Coldwater Creek Case Rd,46.5646992,-84.2689991,River/Stream,Field Msr/Obs,Surface Water,9/22/2024,Test strip,"Alkalinity, total",0,mg/L
Sault Ste. Marie Water Rangers Task Team,11718,East Davignon Creek:East Davignon Creek Allens Side (N of 2nd Ln W),46.559108,-84.4037962,River/Stream,Field Msr/Obs,Surface Water,9/14/2024,Secchi Disk,Depth of water column,0.12,m
Sault Ste. Marie Water Rangers Task Team,11710,Root River:Root River Hwy 17E,46.5459338,-84.2184019,River/Stream,Field Msr/Obs,Surface Water,9/16/2024,Test strip,"Alkalinity, total",35,mg/L
Sault Ste. Marie Water Rangers Task Team,11714,West Davignon Creek:West Davignon Brookfield Ave,46.5307892,-84.3968654,River/Stream,Field Msr/Obs,Surface Water,9/28/2024,Probe/Sensor,Salinity,76,ppm
Sault Ste. Marie Water Rangers Task Team,11712,Fort Creek:Fort Creek Channel at Carmen's Way,46.5363508,-84.3442512,River/Stream,Field Msr/Obs,Surface Water,9/15/2024,Probe/Sensor,Conductivity,893,uS/cm
Sault Ste. Marie Water Rangers Task Team,11707,Root River Branch:Root River Branch Fourth Line E,46.5676351,-84.3005633,River/Stream,Field Msr/Obs,Surface Water,9/14/2024,Probe/Sensor,Dissolved oxygen (DO),9,mg/L
Sault Ste. Marie Water Rangers Task Team,11710,Root River:Root River Hwy 17E,46.5459338,-84.2184019,River/Stream,Field Msr/Obs,Surface Water,9/16/2024,,pH,7.2,None
Sault Ste. Marie Water Rangers Task Team,11705,Coldwater Creek:Lower Coldwater Creek Case Rd,46.5646992,-84.2689991,River/Stream,Field Msr/Obs,Surface Water,9/28/2024,Probe/Sensor,"Temperature, air",24,deg C
Sault Ste. Marie Water Rangers Task Team,11707,Root River Branch:Root River Branch Fourth Line E,46.5676351,-84.3005633,River/Stream,Field Msr/Obs,Surface Water,9/14/2024,,pH,7.5,None
Sault Ste. Marie Water Rangers Task Team,11714,West Davignon Creek:West Davignon Brookfield Ave,46.5307892,-84.3968654,River/Stream,Field Msr/Obs,Surface Water,9/22/2024,Probe/Sensor,"Temperature, air",19,deg C
Sault Ste. Marie Water Rangers Task Team,11718,East Davignon Creek:East Davignon Creek Allens Side (N of 2nd Ln W),46.559108,-84.4037962,River/Stream,Field Msr/Obs,Surface Water,10/6/2024,,pH,7.7,None
Sault Ste. Marie Water Rangers Task Team,11707,Root River Branch:Root River Branch Fourth Line E,46.5676351,-84.3005633,River/Stream,Field Msr/Obs,Surface Water,9/28/2024,Secchi Disk,Depth of water column,0.05,m
Sault Ste. Marie Water Rangers Task Team,11715,Little Carp River:Little Carp River Carpin Beach Rd,46.5097352,-84.4441581,River/Stream,Field Msr/Obs,Surface Water,9/19/2024,,pH,7.5,None
Sault Ste. Marie Water Rangers Task Team,11705,Coldwater Creek:Lower Coldwater Creek Case Rd,46.5646992,-84.2689991,River/Stream,Field Msr/Obs,Surface Water,9/28/2024,Test strip,Chlorine,0,ppm
Sault Ste. Marie Water Rangers Task Team,11712,Fort Creek:Fort Creek Channel at Carmen's Way,46.5363508,-84.3442512,River/Stream,Field Msr/Obs,Surface Water,9/15/2024,Secchi Disk,"Depth, Secchi disk depth",0.35,m
Sault Ste. Marie Water Rangers Task Team,11713,East Davignon Creek:East Davignon Farwell Terrace (near Tim Hortons),46.5367668,-84.3616748,River/Stream,Field Msr/Obs,Surface Water,10/3/2024,Secchi Disk,Depth of water column,0.28,m
Sault Ste. Marie Water Rangers Task Team,11708,Root River:Root River off Hwy 17 N (near Teen Challenge),46.5717047,-84.3206692,River/Stream,Field Msr/Obs,Surface Water,9/29/2024,Test strip,Total hardness,0,mg/L
Sault Ste. Marie Water Rangers Task Team,11718,East Davignon Creek:East Davignon Creek Allens Side (N of 2nd Ln W),46.559108,-84.4037962,River/Stream,Field Msr/Obs,Surface Water,10/28/2024,Secchi Disk,Depth of water column,0.11,m
Sault Ste. Marie Water Rangers Task Team,11717,Upper Carp River:Upper Carp River at Creek Rd/Third Line W,46.5480272,-84.4551659,River/Stream,Field Msr/Obs,Surface Water,10/11/2024,Test strip,"Alkalinity, total",20,mg/L
Sault Ste. Marie Water Rangers Task Team,11714,West Davignon Creek:West Davignon Brookfield Ave,46.5307892,-84.3968654,River/Stream,Field Msr/Obs,Surface Water,10/11/2024,,pH,7.8,None
Sault Ste. Marie Water Rangers Task Team,11715,Little Carp River:Little Carp River Carpin Beach Rd,46.5097352,-84.4441581,River/Stream,Field Msr/Obs,Surface Water,10/11/2024,Test strip,"Alkalinity, total",60,mg/L
Sault Ste. Marie Water Rangers Task Team,11718,East Davignon Creek:East Davignon Creek Allens Side (N of 2nd Ln W),46.559108,-84.4037962,River/Stream,Field Msr/Obs,Surface Water,10/28/2024,Test strip,Total hardness,0,mg/L
Sault Ste. Marie Water Rangers Task Team,11716,Big Carp River:Big Carp River Herkimer Rd,46.5062632,-84.4498873,River/Stream,Field Msr/Obs,Surface Water,10/11/2024,Test strip,Chlorine,0,ppm
Sault Ste. Marie Water Rangers Task Team,11715,Little Carp River:Little Carp River Carpin Beach Rd,46.5097352,-84.4441581,River/Stream,Field Msr/Obs,Surface Water,10/11/2024,Probe/Sensor,Salinity,61,ppm
Sault Ste. Marie Water Rangers Task Team,11714,West Davignon Creek:West Davignon Brookfield Ave,46.5307892,-84.3968654,River/Stream,Field Msr/Obs,Surface Water,10/11/2024,Probe/Sensor,Salinity,70,ppm
Sault Ste. Marie Water Rangers Task Team,11718,East Davignon Creek:East Davignon Creek Allens Side (N of 2nd Ln W),46.559108,-84.4037962,River/Stream,Field Msr/Obs,Surface Water,10/28/2024,Probe/Sensor,Dissolved oxygen (DO),9,mg/L
Sault Ste. Marie Water Rangers Task Team,11714,West Davignon Creek:West Davignon Brookfield Ave,46.5307892,-84.3968654,River/Stream,Field Msr/Obs,Surface Water,10/11/2024,Secchi Disk,Depth of water column,0.35,m
Sault Ste. Marie Water Rangers Task Team,11715,Little Carp River:Little Carp River Carpin Beach Rd,46.5097352,-84.4441581,River/Stream,Field Msr/Obs,Surface Water,10/11/2024,Probe/Sensor,"Temperature, air",21,deg C
Sault Ste. Marie Water Rangers Task Team,11718,East Davignon Creek:East Davignon Creek Allens Side (N of 2nd Ln W),46.559108,-84.4037962,River/Stream,Field Msr/Obs,Surface Water,10/28/2024,Probe/Sensor,Salinity,58,ppm
Sault Ste. Marie Water Rangers Task Team,11716,Big Carp River:Big Carp River Herkimer Rd,46.5062632,-84.4498873,River/Stream,Field Msr/Obs,Surface Water,10/11/2024,Probe/Sensor,"Temperature, air",18,deg C
Sault Ste. Marie Water Rangers Task Team,11716,Big Carp River:Big Carp River Herkimer Rd,46.5062632,-84.4498873,River/Stream,Field Msr/Obs,Surface Water,10/11/2024,Probe/Sensor,Salinity,55,ppm
Sault Ste. Marie Water Rangers Task Team,11718,East Davignon Creek:East Davignon Creek Allens Side (N of 2nd Ln W),46.559108,-84.4037962,River/Stream,Field Msr/Obs,Surface Water,10/28/2024,Probe/Sensor,Conductivity,108,uS/cm
Sault Ste. Marie Water Rangers Task Team,11716,Big Carp River:Big Carp River Herkimer Rd,46.5062632,-84.4498873,River/Stream,Field Msr/Obs,Surface Water,10/11/2024,,pH,7.5,None
Sault Ste. Marie Water Rangers Task Team,11714,West Davignon Creek:West Davignon Brookfield Ave,46.5307892,-84.3968654,River/Stream,Field Msr/Obs,Surface Water,10/11/2024,Probe/Sensor,Conductivity,133,uS/cm
Sault Ste. Marie Water Rangers Task Team,11714,West Davignon Creek:West Davignon Brookfield Ave,46.5307892,-84.3968654,River/Stream,Field Msr/Obs,Surface Water,10/11/2024,Probe/Sensor,"Temperature, air",22,deg C
Sault Ste. Marie Water Rangers Task Team,11717,Upper Carp River:Upper Carp River at Creek Rd/Third Line W,46.5480272,-84.4551659,River/Stream,Field Msr/Obs,Surface Water,10/11/2024,,pH,7.2,None
Sault Ste. Marie Water Rangers Task Team,11714,West Davignon Creek:West Davignon Brookfield Ave,46.5307892,-84.3968654,River/Stream,Field Msr/Obs,Surface Water,10/11/2024,Test strip,"Alkalinity, total",40,mg/L
Sault Ste. Marie Water Rangers Task Team,11718,East Davignon Creek:East Davignon Creek Allens Side (N of 2nd Ln W),46.559108,-84.4037962,River/Stream,Field Msr/Obs,Surface Water,10/28/2024,Probe/Sensor,"Temperature, air",17,deg C
Sault Ste. Marie Water Rangers Task Team,11717,Upper Carp River:Upper Carp River at Creek Rd/Third Line W,46.5480272,-84.4551659,River/Stream,Field Msr/Obs,Surface Water,10/11/2024,Probe/Sensor,"Temperature, air",16,deg C
Sault Ste. Marie Water Rangers Task Team,11717,Upper Carp River:Upper Carp River at Creek Rd/Third Line W,46.5480272,-84.4551659,River/Stream,Field Msr/Obs,Surface Water,10/11/2024,Probe/Sensor,Dissolved oxygen (DO),9,mg/L
Sault Ste. Marie Water Rangers Task Team,11716,Big Carp River:Big Carp River Herkimer Rd,46.5062632,-84.4498873,River/Stream,Field Msr/Obs,Surface Water,10/11/2024,Probe/Sensor,Dissolved oxygen (DO),7,mg/L
Sault Ste. Marie Water Rangers Task Team,11718,East Davignon Creek:East Davignon Creek Allens Side (N of 2nd Ln W),46.559108,-84.4037962,River/Stream,Field Msr/Obs,Surface Water,10/28/2024,,pH,7.5,None
Sault Ste. Marie Water Rangers Task Team,11717,Upper Carp River:Upper Carp River at Creek Rd/Third Line W,46.5480272,-84.4551659,River/Stream,Field Msr/Obs,Surface Water,10/11/2024,Probe/Sensor,Conductivity,65,uS/cm
Sault Ste. Marie Water Rangers Task Team,11716,Big Carp River:Big Carp River Herkimer Rd,46.5062632,-84.4498873,River/Stream,Field Msr/Obs,Surface Water,10/11/2024,Test strip,"Alkalinity, total",40,mg/L
Sault Ste. Marie Water Rangers Task Team,11718,East Davignon Creek:East Davignon Creek Allens Side (N of 2nd Ln W),46.559108,-84.4037962,River/Stream,Field Msr/Obs,Surface Water,10/28/2024,Test strip,"Alkalinity, total",20,mg/L
Sault Ste. Marie Water Rangers Task Team,11717,Upper Carp River:Upper Carp River at Creek Rd/Third Line W,46.5480272,-84.4551659,River/Stream,Field Msr/Obs,Surface Water,10/11/2024,Test strip,Chlorine,0,ppm
Sault Ste. Marie Water Rangers Task Team,11717,Upper Carp River:Upper Carp River at Creek Rd/Third Line W,46.5480272,-84.4551659,River/Stream,Field Msr/Obs,Surface Water,10/11/2024,Probe/Sensor,Salinity,36,ppm
Sault Ste. Marie Water Rangers Task Team,11715,Little Carp River:Little Carp River Carpin Beach Rd,46.5097352,-84.4441581,River/Stream,Field Msr/Obs,Surface Water,10/11/2024,Secchi Disk,Depth of water column,0.21,m
Sault Ste. Marie Water Rangers Task Team,11716,Big Carp River:Big Carp River Herkimer Rd,46.5062632,-84.4498873,River/Stream,Field Msr/Obs,Surface Water,10/11/2024,Secchi Disk,Depth of water column,1.68,m
Sault Ste. Marie Water Rangers Task Team,11716,Big Carp River:Big Carp River Herkimer Rd,46.5062632,-84.4498873,River/Stream,Field Msr/Obs,Surface Water,10/11/2024,Secchi Disk,"Depth, Secchi disk depth",0.96,m
Sault Ste. Marie Water Rangers Task Team,11716,Big Carp River:Big Carp River Herkimer Rd,46.5062632,-84.4498873,River/Stream,Field Msr/Obs,Surface Water,10/11/2024,Test strip,Total hardness,0,mg/L
Sault Ste. Marie Water Rangers Task Team,11717,Upper Carp River:Upper Carp River at Creek Rd/Third Line W,46.5480272,-84.4551659,River/Stream,Field Msr/Obs,Surface Water,10/11/2024,Probe/Sensor,"Temperature, water",13.1,deg C
Sault Ste. Marie Water Rangers Task Team,11718,East Davignon Creek:East Davignon Creek Allens Side (N of 2nd Ln W),46.559108,-84.4037962,River/Stream,Field Msr/Obs,Surface Water,10/28/2024,Probe/Sensor,"Temperature, water",13.3,deg C
Sault Ste. Marie Water Rangers Task Team,11715,Little Carp River:Little Carp River Carpin Beach Rd,46.5097352,-84.4441581,River/Stream,Field Msr/Obs,Surface Water,10/11/2024,,pH,7.5,None
Sault Ste. Marie Water Rangers Task Team,11714,West Davignon Creek:West Davignon Brookfield Ave,46.5307892,-84.3968654,River/Stream,Field Msr/Obs,Surface Water,10/11/2024,Probe/Sensor,"Temperature, water",13.2,deg C
Sault Ste. Marie Water Rangers Task Team,11718,East Davignon Creek:East Davignon Creek Allens Side (N of 2nd Ln W),46.559108,-84.4037962,River/Stream,Field Msr/Obs,Surface Water,10/28/2024,Test strip,Chlorine,0,ppm
Sault Ste. Marie Water Rangers Task Team,11714,West Davignon Creek:West Davignon Brookfield Ave,46.5307892,-84.3968654,River/Stream,Field Msr/Obs,Surface Water,10/11/2024,Test strip,Total hardness,0,mg/L
Sault Ste. Marie Water Rangers Task Team,11715,Little Carp River:Little Carp River Carpin Beach Rd,46.5097352,-84.4441581,River/Stream,Field Msr/Obs,Surface Water,10/11/2024,Probe/Sensor,Conductivity,115,uS/cm
Sault Ste. Marie Water Rangers Task Team,11714,West Davignon Creek:West Davignon Brookfield Ave,46.5307892,-84.3968654,River/Stream,Field Msr/Obs,Surface Water,10/11/2024,Probe/Sensor,Dissolved oxygen (DO),8,mg/L
Sault Ste. Marie Water Rangers Task Team,11716,Big Carp River:Big Carp River Herkimer Rd,46.5062632,-84.4498873,River/Stream,Field Msr/Obs,Surface Water,10/11/2024,Probe/Sensor,Conductivity,101,uS/cm
Sault Ste. Marie Water Rangers Task Team,11715,Little Carp River:Little Carp River Carpin Beach Rd,46.5097352,-84.4441581,River/Stream,Field Msr/Obs,Surface Water,10/11/2024,Test strip,Chlorine,0,ppm
Sault Ste. Marie Water Rangers Task Team,11716,Big Carp River:Big Carp River Herkimer Rd,46.5062632,-84.4498873,River/Stream,Field Msr/Obs,Surface Water,10/11/2024,Probe/Sensor,"Temperature, water",11.9,deg C
Sault Ste. Marie Water Rangers Task Team,11714,West Davignon Creek:West Davignon Brookfield Ave,46.5307892,-84.3968654,River/Stream,Field Msr/Obs,Surface Water,10/11/2024,Test strip,Chlorine,0,ppm
Sault Ste. Marie Water Rangers Task Team,11715,Little Carp River:Little Carp River Carpin Beach Rd,46.5097352,-84.4441581,River/Stream,Field Msr/Obs,Surface Water,10/11/2024,Test strip,Total hardness,0,mg/L
Sault Ste. Marie Water Rangers Task Team,11715,Little Carp River:Little Carp River Carpin Beach Rd,46.5097352,-84.4441581,River/Stream,Field Msr/Obs,Surface Water,10/11/2024,Probe/Sensor,Dissolved oxygen (DO),9,mg/L
Sault Ste. Marie Water Rangers Task Team,11717,Upper Carp River:Upper Carp River at Creek Rd/Third Line W,46.5480272,-84.4551659,River/Stream,Field Msr/Obs,Surface Water,10/11/2024,Secchi Disk,Depth of water column,0.1,m
Sault Ste. Marie Water Rangers Task Team,11715,Little Carp River:Little Carp River Carpin Beach Rd,46.5097352,-84.4441581,River/Stream,Field Msr/Obs,Surface Water,10/11/2024,Probe/Sensor,"Temperature, water",11.9,deg C
Sault Ste. Marie Water Rangers Task Team,11717,Upper Carp River:Upper Carp River at Creek Rd/Third Line W,46.5480272,-84.4551659,River/Stream,Field Msr/Obs,Surface Water,10/11/2024,Test strip,Total hardness,0,mg/L
Sault Ste. Marie Water Rangers Task Team,11710,Root River:Root River Hwy 17E,46.5459338,-84.2184019,River/Stream,Field Msr/Obs,Surface Water,11/1/2024,Test strip,Chlorine,0,ppm
Sault Ste. Marie Water Rangers Task Team,11702,Cold Water Creek:Cold Water Creek at Old Garden River Road,46.5636057,-84.2783117,River/Stream,Field Msr/Obs,Surface Water,10/27/2024,Test strip,"Alkalinity, total",90,mg/L
Sault Ste. Marie Water Rangers Task Team,11718,East Davignon Creek:East Davignon Creek Allens Side (N of 2nd Ln W),46.559108,-84.4037962,River/Stream,Field Msr/Obs,Surface Water,10/16/2024,,pH,7.2,None
Sault Ste. Marie Water Rangers Task Team,11716,Big Carp River:Big Carp River Herkimer Rd,46.5062632,-84.4498873,River/Stream,Field Msr/Obs,Surface Water,11/7/2024,Probe/Sensor,Conductivity,53,uS/cm
Sault Ste. Marie Water Rangers Task Team,11716,Big Carp River:Big Carp River Herkimer Rd,46.5062632,-84.4498873,River/Stream,Field Msr/Obs,Surface Water,10/31/2024,Probe/Sensor,Conductivity,104,uS/cm
Sault Ste. Marie Water Rangers Task Team,11701,St. Marys River:Bellevue Park Topsail Island,46.4952016,-84.297452,River/Stream,Field Msr/Obs,Surface Water,11/12/2024,Probe/Sensor,Conductivity,109,uS/cm
Sault Ste. Marie Water Rangers Task Team,11716,Big Carp River:Big Carp River Herkimer Rd,46.5062632,-84.4498873,River/Stream,Field Msr/Obs,Surface Water,11/12/2024,Test strip,Total hardness,0,mg/L
Sault Ste. Marie Water Rangers Task Team,11701,St. Marys River:Bellevue Park Topsail Island,46.4952016,-84.297452,River/Stream,Field Msr/Obs,Surface Water,11/12/2024,Test strip,Chlorine,0,ppm
Sault Ste. Marie Water Rangers Task Team,11702,Cold Water Creek:Cold Water Creek at Old Garden River Road,46.5636057,-84.2783117,River/Stream,Field Msr/Obs,Surface Water,10/27/2024,Probe/Sensor,Dissolved oxygen (DO),11,mg/L
Sault Ste. Marie Water Rangers Task Team,11711,Duck pond:Bellevue Park duck pond,46.5004401,-84.2993188,Lake/Pond,Field Msr/Obs,Surface Water,10/25/2024,Probe/Sensor,Dissolved oxygen (DO),6,mg/L
Sault Ste. Marie Water Rangers Task Team,11702,Cold Water Creek:Cold Water Creek at Old Garden River Road,46.5636057,-84.2783117,River/Stream,Field Msr/Obs,Surface Water,10/27/2024,,pH,7.8,None
Sault Ste. Marie Water Rangers Task Team,11705,Coldwater Creek:Lower Coldwater Creek Case Rd,46.5646992,-84.2689991,River/Stream,Field Msr/Obs,Surface Water,11/5/2024,Probe/Sensor,Conductivity,110,uS/cm
Sault Ste. Marie Water Rangers Task Team,11714,West Davignon Creek:West Davignon Brookfield Ave,46.5307892,-84.3968654,River/Stream,Field Msr/Obs,Surface Water,11/12/2024,Test strip,"Alkalinity, total",0,mg/L
Sault Ste. Marie Water Rangers Task Team,11718,East Davignon Creek:East Davignon Creek Allens Side (N of 2nd Ln W),46.559108,-84.4037962,River/Stream,Field Msr/Obs,Surface Water,11/1/2024,Test strip,Chlorine,0,ppm
Sault Ste. Marie Water Rangers Task Team,11709,Canon Creek:Canon Creek Old Goulais Bay Rd,46.5915743,-84.3430281,River/Stream,Field Msr/Obs,Surface Water,10/16/2024,Test strip,Chlorine,0,ppm
Sault Ste. Marie Water Rangers Task Team,11711,Duck pond:Bellevue Park duck pond,46.5004401,-84.2993188,Lake/Pond,Field Msr/Obs,Surface Water,10/3/2024,Secchi Disk,Depth of water column,0.08,m
Sault Ste. Marie Water Rangers Task Team,11716,Big Carp River:Big Carp River Herkimer Rd,46.5062632,-84.4498873,River/Stream,Field Msr/Obs,Surface Water,11/12/2024,Secchi Disk,Depth of water column,0.32,m
Sault Ste. Marie Water Rangers Task Team,11703,Root River:Root River Old Garden River,46.5629144,-84.2812943,River/Stream,Field Msr/Obs,Surface Water,10/29/2024,Probe/Sensor,Salinity,85,ppm
Sault Ste. Marie Water Rangers Task Team,11709,Canon Creek:Canon Creek Old Goulais Bay Rd,46.5915743,-84.3430281,River/Stream,Field Msr/Obs,Surface Water,10/16/2024,Test strip,"Alkalinity, total",20,mg/L
Sault Ste. Marie Water Rangers Task Team,11712,Fort Creek:Fort Creek Channel at Carmen's Way,46.5363508,-84.3442512,River/Stream,Field Msr/Obs,Surface Water,11/8/2024,Probe/Sensor,Dissolved oxygen (DO),11,mg/L
Sault Ste. Marie Water Rangers Task Team,11710,Root River:Root River Hwy 17E,46.5459338,-84.2184019,River/Stream,Field Msr/Obs,Surface Water,11/1/2024,Test strip,Total hardness,0,mg/L
Sault Ste. Marie Water Rangers Task Team,11703,Root River:Root River Old Garden River,46.5629144,-84.2812943,River/Stream,Field Msr/Obs,Surface Water,10/13/2024,Probe/Sensor,Conductivity,150,uS/cm
Sault Ste. Marie Water Rangers Task Team,11715,Little Carp River:Little Carp River Carpin Beach Rd,46.5097352,-84.4441581,River/Stream,Field Msr/Obs,Surface Water,11/12/2024,,pH,7.2,None
Sault Ste. Marie Water Rangers Task Team,11704,Root River:Root River Wishart Park,46.5637702,-84.2936325,River/Stream,Field Msr/Obs,Surface Water,10/13/2024,Probe/Sensor,"Temperature, air",8,deg C
Sault Ste. Marie Water Rangers Task Team,11717,Upper Carp River:Upper Carp River at Creek Rd/Third Line W,46.5480272,-84.4551659,River/Stream,Field Msr/Obs,Surface Water,11/1/2024,Probe/Sensor,"Temperature, water",6.8,deg C
Sault Ste. Marie Water Rangers Task Team,11718,East Davignon Creek:East Davignon Creek Allens Side (N of 2nd Ln W),46.559108,-84.4037962,River/Stream,Field Msr/Obs,Surface Water,11/10/2024,Test strip,"Alkalinity, total",0,mg/L
Sault Ste. Marie Water Rangers Task Team,11713,East Davignon Creek:East Davignon Farwell Terrace (near Tim Hortons),46.5367668,-84.3616748,River/Stream,Field Msr/Obs,Surface Water,11/8/2024,Test strip,"Alkalinity, total",20,mg/L
Sault Ste. Marie Water Rangers Task Team,11716,Big Carp River:Big Carp River Herkimer Rd,46.5062632,-84.4498873,River/Stream,Field Msr/Obs,Surface Water,11/7/2024,Probe/Sensor,"Temperature, air",9,deg C
Sault Ste. Marie Water Rangers Task Team,11718,East Davignon Creek:East Davignon Creek Allens Side (N of 2nd Ln W),46.559108,-84.4037962,River/Stream,Field Msr/Obs,Surface Water,10/16/2024,Test strip,"Alkalinity, total",40,mg/L
Sault Ste. Marie Water Rangers Task Team,11706,Root River:Root River Fourth Line E,46.5672083,-84.3063569,River/Stream,Field Msr/Obs,Surface Water,10/16/2024,Probe/Sensor,Conductivity,129,uS/cm
Sault Ste. Marie Water Rangers Task Team,11715,Little Carp River:Little Carp River Carpin Beach Rd,46.5097352,-84.4441581,River/Stream,Field Msr/Obs,Surface Water,10/16/2024,Probe/Sensor,"Temperature, water",8.5,deg C
Sault Ste. Marie Water Rangers Task Team,11715,Little Carp River:Little Carp River Carpin Beach Rd,46.5097352,-84.4441581,River/Stream,Field Msr/Obs,Surface Water,10/16/2024,Secchi Disk,Depth of water column,0.61,m
Sault Ste. Marie Water Rangers Task Team,11712,Fort Creek:Fort Creek Channel at Carmen's Way,46.5363508,-84.3442512,River/Stream,Field Msr/Obs,Surface Water,11/8/2024,Probe/Sensor,"Temperature, water",8.7,deg C
Sault Ste. Marie Water Rangers Task Team,11712,Fort Creek:Fort Creek Channel at Carmen's Way,46.5363508,-84.3442512,River/Stream,Field Msr/Obs,Surface Water,11/8/2024,Test strip,Chlorine,0,ppm
Sault Ste. Marie Water Rangers Task Team,11711,Duck pond:Bellevue Park duck pond,46.5004401,-84.2993188,Lake/Pond,Field Msr/Obs,Surface Water,11/12/2024,Probe/Sensor,Dissolved oxygen (DO),9,mg/L
Sault Ste. Marie Water Rangers Task Team,11706,Root River:Root River Fourth Line E,46.5672083,-84.3063569,River/Stream,Field Msr/Obs,Surface Water,11/5/2024,Probe/Sensor,Dissolved oxygen (DO),9,mg/L
Sault Ste. Marie Water Rangers Task Team,11718,East Davignon Creek:East Davignon Creek Allens Side (N of 2nd Ln W),46.559108,-84.4037962,River/Stream,Field Msr/Obs,Surface Water,10/16/2024,Secchi Disk,Depth of water column,0.14,m
Sault Ste. Marie Water Rangers Task Team,11715,Little Carp River:Little Carp River Carpin Beach Rd,46.5097352,-84.4441581,River/Stream,Field Msr/Obs,Surface Water,11/1/2024,Test strip,Total hardness,0,mg/L
Sault Ste. Marie Water Rangers Task Team,11717,Upper Carp River:Upper Carp River at Creek Rd/Third Line W,46.5480272,-84.4551659,River/Stream,Field Msr/Obs,Surface Water,11/10/2024,Test strip,Chlorine,0,ppm
Sault Ste. Marie Water Rangers Task Team,11715,Little Carp River:Little Carp River Carpin Beach Rd,46.5097352,-84.4441581,River/Stream,Field Msr/Obs,Surface Water,11/12/2024,Probe/Sensor,"Temperature, air",6,deg C
Sault Ste. Marie Water Rangers Task Team,11717,Upper Carp River:Upper Carp River at Creek Rd/Third Line W,46.5480272,-84.4551659,River/Stream,Field Msr/Obs,Surface Water,11/1/2024,Probe/Sensor,Conductivity,55,uS/cm
Sault Ste. Marie Water Rangers Task Team,11718,East Davignon Creek:East Davignon Creek Allens Side (N of 2nd Ln W),46.559108,-84.4037962,River/Stream,Field Msr/Obs,Surface Water,11/10/2024,Probe/Sensor,"Temperature, air",12,deg C
Sault Ste. Marie Water Rangers Task Team,11716,Big Carp River:Big Carp River Herkimer Rd,46.5062632,-84.4498873,River/Stream,Field Msr/Obs,Surface Water,11/12/2024,Probe/Sensor,"Temperature, water",4.6,deg C
Sault Ste. Marie Water Rangers Task Team,11705,Coldwater Creek:Lower Coldwater Creek Case Rd,46.5646992,-84.2689991,River/Stream,Field Msr/Obs,Surface Water,11/5/2024,Probe/Sensor,"Temperature, water",10.2,deg C
Sault Ste. Marie Water Rangers Task Team,11717,Upper Carp River:Upper Carp River at Creek Rd/Third Line W,46.5480272,-84.4551659,River/Stream,Field Msr/Obs,Surface Water,11/10/2024,Test strip,"Alkalinity, total",20,mg/L
Sault Ste. Marie Water Rangers Task Team,11710,Root River:Root River Hwy 17E,46.5459338,-84.2184019,River/Stream,Field Msr/Obs,Surface Water,11/1/2024,Secchi Disk,Depth of water column,0.28,m
Sault Ste. Marie Water Rangers Task Team,11711,Duck pond:Bellevue Park duck pond,46.5004401,-84.2993188,Lake/Pond,Field Msr/Obs,Surface Water,11/12/2024,Test strip,"Alkalinity, total",100,mg/L
Sault Ste. Marie Water Rangers Task Team,11716,Big Carp River:Big Carp River Herkimer Rd,46.5062632,-84.4498873,River/Stream,Field Msr/Obs,Surface Water,10/16/2024,Test strip,Total hardness,0,mg/L
Sault Ste. Marie Water Rangers Task Team,11716,Big Carp River:Big Carp River Herkimer Rd,46.5062632,-84.4498873,River/Stream,Field Msr/Obs,Surface Water,10/16/2024,Probe/Sensor,Salinity,57,ppm
Sault Ste. Marie Water Rangers Task Team,11714,West Davignon Creek:West Davignon Brookfield Ave,46.5307892,-84.3968654,River/Stream,Field Msr/Obs,Surface Water,11/12/2024,,pH,7.2,None
Sault Ste. Marie Water Rangers Task Team,11703,Root River:Root River Old Garden River,46.5629144,-84.2812943,River/Stream,Field Msr/Obs,Surface Water,10/13/2024,Test strip,Chlorine,0,ppm
Sault Ste. Marie Water Rangers Task Team,11706,Root River:Root River Fourth Line E,46.5672083,-84.3063569,River/Stream,Field Msr/Obs,Surface Water,11/5/2024,Probe/Sensor,Conductivity,133,uS/cm
Sault Ste. Marie Water Rangers Task Team,11702,Cold Water Creek:Cold Water Creek at Old Garden River Road,46.5636057,-84.2783117,River/Stream,Field Msr/Obs,Surface Water,10/13/2024,Test strip,Total hardness,0,mg/L
Sault Ste. Marie Water Rangers Task Team,11704,Root River:Root River Wishart Park,46.5637702,-84.2936325,River/Stream,Field Msr/Obs,Surface Water,10/13/2024,Probe/Sensor,Conductivity,158,uS/cm
Sault Ste. Marie Water Rangers Task Team,11718,East Davignon Creek:East Davignon Creek Allens Side (N of 2nd Ln W),46.559108,-84.4037962,River/Stream,Field Msr/Obs,Surface Water,11/10/2024,Probe/Sensor,Salinity,21,ppm
Sault Ste. Marie Water Rangers Task Team,11704,Root River:Root River Wishart Park,46.5637702,-84.2936325,River/Stream,Field Msr/Obs,Surface Water,10/27/2024,Test strip,Chlorine,0,ppm
Sault Ste. Marie Water Rangers Task Team,11708,Root River:Root River off Hwy 17 N (near Teen Challenge),46.5717047,-84.3206692,River/Stream,Field Msr/Obs,Surface Water,10/16/2024,,pH,7.2,None
Sault Ste. Marie Water Rangers Task Team,11714,West Davignon Creek:West Davignon Brookfield Ave,46.5307892,-84.3968654,River/Stream,Field Msr/Obs,Surface Water,11/12/2024,Secchi Disk,"Depth, Secchi disk depth",0.5,m
Sault Ste. Marie Water Rangers Task Team,11703,Root River:Root River Old Garden River,46.5629144,-84.2812943,River/Stream,Field Msr/Obs,Surface Water,10/13/2024,Secchi Disk,Depth of water column,0.21,m
Sault Ste. Marie Water Rangers Task Team,11703,Root River:Root River Old Garden River,46.5629144,-84.2812943,River/Stream,Field Msr/Obs,Surface Water,10/29/2024,Probe/Sensor,Dissolved oxygen (DO),9,mg/L
Sault Ste. Marie Water Rangers Task Team,11718,East Davignon Creek:East Davignon Creek Allens Side (N of 2nd Ln W),46.559108,-84.4037962,River/Stream,Field Msr/Obs,Surface Water,11/10/2024,,pH,6.8,None
Sault Ste. Marie Water Rangers Task Team,11705,Coldwater Creek:Lower Coldwater Creek Case Rd,46.5646992,-84.2689991,River/Stream,Field Msr/Obs,Surface Water,11/5/2024,Test strip,"Alkalinity, total",20,mg/L
Sault Ste. Marie Water Rangers Task Team,11715,Little Carp River:Little Carp River Carpin Beach Rd,46.5097352,-84.4441581,River/Stream,Field Msr/Obs,Surface Water,11/1/2024,,pH,7.2,None
Sault Ste. Marie Water Rangers Task Team,11717,Upper Carp River:Upper Carp River at Creek Rd/Third Line W,46.5480272,-84.4551659,River/Stream,Field Msr/Obs,Surface Water,11/10/2024,Probe/Sensor,Dissolved oxygen (DO),11,mg/L
Sault Ste. Marie Water Rangers Task Team,11713,East Davignon Creek:East Davignon Farwell Terrace (near Tim Hortons),46.5367668,-84.3616748,River/Stream,Field Msr/Obs,Surface Water,11/8/2024,Test strip,Chlorine,0,ppm
Sault Ste. Marie Water Rangers Task Team,11705,Coldwater Creek:Lower Coldwater Creek Case Rd,46.5646992,-84.2689991,River/Stream,Field Msr/Obs,Surface Water,10/13/2024,Test strip,Chlorine,0,ppm
Sault Ste. Marie Water Rangers Task Team,11716,Big Carp River:Big Carp River Herkimer Rd,46.5062632,-84.4498873,River/Stream,Field Msr/Obs,Surface Water,10/31/2024,Secchi Disk,Depth of water column,0.37,m
Sault Ste. Marie Water Rangers Task Team,11718,East Davignon Creek:East Davignon Creek Allens Side (N of 2nd Ln W),46.559108,-84.4037962,River/Stream,Field Msr/Obs,Surface Water,11/10/2024,Secchi Disk,Depth of water column,0.17,m
Sault Ste. Marie Water Rangers Task Team,11717,Upper Carp River:Upper Carp River at Creek Rd/Third Line W,46.5480272,-84.4551659,River/Stream,Field Msr/Obs,Surface Water,10/16/2024,,pH,7.2,None
Sault Ste. Marie Water Rangers Task Team,11711,Duck pond:Bellevue Park duck pond,46.5004401,-84.2993188,Lake/Pond,Field Msr/Obs,Surface Water,11/12/2024,Probe/Sensor,Salinity,151,ppm
Sault Ste. Marie Water Rangers Task Team,11718,East Davignon Creek:East Davignon Creek Allens Side (N of 2nd Ln W),46.559108,-84.4037962,River/Stream,Field Msr/Obs,Surface Water,11/10/2024,Probe/Sensor,Dissolved oxygen (DO),9,mg/L
Sault Ste. Marie Water Rangers Task Team,11702,Cold Water Creek:Cold Water Creek at Old Garden River Road,46.5636057,-84.2783117,River/Stream,Field Msr/Obs,Surface Water,10/27/2024,Probe/Sensor,"Temperature, water",7.2,deg C
Sault Ste. Marie Water Rangers Task Team,11716,Big Carp River:Big Carp River Herkimer Rd,46.5062632,-84.4498873,River/Stream,Field Msr/Obs,Surface Water,10/31/2024,Probe/Sensor,"Temperature, water",10.2,deg C
Sault Ste. Marie Water Rangers Task Team,11716,Big Carp River:Big Carp River Herkimer Rd,46.5062632,-84.4498873,River/Stream,Field Msr/Obs,Surface Water,11/7/2024,Probe/Sensor,"Temperature, water",7.9,deg C
Sault Ste. Marie Water Rangers Task Team,11705,Coldwater Creek:Lower Coldwater Creek Case Rd,46.5646992,-84.2689991,River/Stream,Field Msr/Obs,Surface Water,11/5/2024,Probe/Sensor,Salinity,60,ppm
Sault Ste. Marie Water Rangers Task Team,11711,Duck pond:Bellevue Park duck pond,46.5004401,-84.2993188,Lake/Pond,Field Msr/Obs,Surface Water,10/3/2024,Test strip,"Alkalinity, total",90,mg/L
Sault Ste. Marie Water Rangers Task Team,11718,East Davignon Creek:East Davignon Creek Allens Side (N of 2nd Ln W),46.559108,-84.4037962,River/Stream,Field Msr/Obs,Surface Water,11/1/2024,Test strip,Total hardness,0,mg/L
Sault Ste. Marie Water Rangers Task Team,11717,Upper Carp River:Upper Carp River at Creek Rd/Third Line W,46.5480272,-84.4551659,River/Stream,Field Msr/Obs,Surface Water,11/1/2024,Test strip,"Alkalinity, total",0,mg/L
Sault Ste. Marie Water Rangers Task Team,11713,East Davignon Creek:East Davignon Farwell Terrace (near Tim Hortons),46.5367668,-84.3616748,River/Stream,Field Msr/Obs,Surface Water,11/8/2024,Probe/Sensor,"Temperature, air",13,deg C
Sault Ste. Marie Water Rangers Task Team,11712,Fort Creek:Fort Creek Channel at Carmen's Way,46.5363508,-84.3442512,River/Stream,Field Msr/Obs,Surface Water,11/8/2024,Test strip,"Alkalinity, total",100,mg/L
Sault Ste. Marie Water Rangers Task Team,11703,Root River:Root River Old Garden River,46.5629144,-84.2812943,River/Stream,Field Msr/Obs,Surface Water,10/29/2024,Test strip,Chlorine,0,ppm
Sault Ste. Marie Water Rangers Task Team,11716,Big Carp River:Big Carp River Herkimer Rd,46.5062632,-84.4498873,River/Stream,Field Msr/Obs,Surface Water,10/31/2024,,pH,7.2,None
Sault Ste. Marie Water Rangers Task Team,11717,Upper Carp River:Upper Carp River at Creek Rd/Third Line W,46.5480272,-84.4551659,River/Stream,Field Msr/Obs,Surface Water,11/10/2024,Probe/Sensor,"Temperature, water",6.4,deg C
Sault Ste. Marie Water Rangers Task Team,11703,Root River:Root River Old Garden River,46.5629144,-84.2812943,River/Stream,Field Msr/Obs,Surface Water,10/29/2024,Probe/Sensor,Conductivity,163,uS/cm
Sault Ste. Marie Water Rangers Task Team,11715,Little Carp River:Little Carp River Carpin Beach Rd,46.5097352,-84.4441581,River/Stream,Field Msr/Obs,Surface Water,10/16/2024,Test strip,"Alkalinity, total",40,mg/L
Sault Ste. Marie Water Rangers Task Team,11715,Little Carp River:Little Carp River Carpin Beach Rd,46.5097352,-84.4441581,River/Stream,Field Msr/Obs,Surface Water,11/1/2024,Probe/Sensor,"Temperature, water",7.9,deg C
Sault Ste. Marie Water Rangers Task Team,11715,Little Carp River:Little Carp River Carpin Beach Rd,46.5097352,-84.4441581,River/Stream,Field Msr/Obs,Surface Water,11/12/2024,Test strip,"Alkalinity, total",0,mg/L
Sault Ste. Marie Water Rangers Task Team,11704,Root River:Root River Wishart Park,46.5637702,-84.2936325,River/Stream,Field Msr/Obs,Surface Water,10/13/2024,Test strip,Chlorine,0,ppm
Sault Ste. Marie Water Rangers Task Team,11718,East Davignon Creek:East Davignon Creek Allens Side (N of 2nd Ln W),46.559108,-84.4037962,River/Stream,Field Msr/Obs,Surface Water,11/1/2024,Probe/Sensor,Dissolved oxygen (DO),10,mg/L
Sault Ste. Marie Water Rangers Task Team,11717,Upper Carp River:Upper Carp River at Creek Rd/Third Line W,46.5480272,-84.4551659,River/Stream,Field Msr/Obs,Surface Water,11/10/2024,Probe/Sensor,Salinity,21,ppm
Sault Ste. Marie Water Rangers Task Team,11709,Canon Creek:Canon Creek Old Goulais Bay Rd,46.5915743,-84.3430281,River/Stream,Field Msr/Obs,Surface Water,10/16/2024,Probe/Sensor,"Temperature, water",5.9,deg C
Sault Ste. Marie Water Rangers Task Team,11715,Little Carp River:Little Carp River Carpin Beach Rd,46.5097352,-84.4441581,River/Stream,Field Msr/Obs,Surface Water,11/12/2024,Probe/Sensor,Conductivity,88,uS/cm
Sault Ste. Marie Water Rangers Task Team,11702,Cold Water Creek:Cold Water Creek at Old Garden River Road,46.5636057,-84.2783117,River/Stream,Field Msr/Obs,Surface Water,10/13/2024,Probe/Sensor,"Temperature, water",8.4,deg C
Sault Ste. Marie Water Rangers Task Team,11711,Duck pond:Bellevue Park duck pond,46.5004401,-84.2993188,Lake/Pond,Field Msr/Obs,Surface Water,11/12/2024,Test strip,Total hardness,100,mg/L
Sault Ste. Marie Water Rangers Task Team,11716,Big Carp River:Big Carp River Herkimer Rd,46.5062632,-84.4498873,River/Stream,Field Msr/Obs,Surface Water,10/16/2024,Secchi Disk,"Depth, Secchi disk depth",0.56,m
Sault Ste. Marie Water Rangers Task Team,11710,Root River:Root River Hwy 17E,46.5459338,-84.2184019,River/Stream,Field Msr/Obs,Surface Water,11/1/2024,Probe/Sensor,Conductivity,146,uS/cm
Sault Ste. Marie Water Rangers Task Team,11706,Root River:Root River Fourth Line E,46.5672083,-84.3063569,River/Stream,Field Msr/Obs,Surface Water,10/16/2024,Probe/Sensor,"Temperature, water",8.5,deg C
Sault Ste. Marie Water Rangers Task Team,11703,Root River:Root River Old Garden River,46.5629144,-84.2812943,River/Stream,Field Msr/Obs,Surface Water,10/13/2024,Probe/Sensor,"Temperature, air",11,deg C
Sault Ste. Marie Water Rangers Task Team,11714,West Davignon Creek:West Davignon Brookfield Ave,46.5307892,-84.3968654,River/Stream,Field Msr/Obs,Surface Water,11/12/2024,Probe/Sensor,Salinity,40,ppm
Sault Ste. Marie Water Rangers Task Team,11714,West Davignon Creek:West Davignon Brookfield Ave,46.5307892,-84.3968654,River/Stream,Field Msr/Obs,Surface Water,11/12/2024,Probe/Sensor,Conductivity,74,uS/cm
Sault Ste. Marie Water Rangers Task Team,11705,Coldwater Creek:Lower Coldwater Creek Case Rd,46.5646992,-84.2689991,River/Stream,Field Msr/Obs,Surface Water,11/5/2024,Probe/Sensor,"Temperature, air",14,deg C
Sault Ste. Marie Water Rangers Task Team,11715,Little Carp River:Little Carp River Carpin Beach Rd,46.5097352,-84.4441581,River/Stream,Field Msr/Obs,Surface Water,11/1/2024,Probe/Sensor,Dissolved oxygen (DO),11,mg/L
Sault Ste. Marie Water Rangers Task Team,11716,Big Carp River:Big Carp River Herkimer Rd,46.5062632,-84.4498873,River/Stream,Field Msr/Obs,Surface Water,10/31/2024,Probe/Sensor,Dissolved oxygen (DO),7,mg/L
Sault Ste. Marie Water Rangers Task Team,11702,Cold Water Creek:Cold Water Creek at Old Garden River Road,46.5636057,-84.2783117,River/Stream,Field Msr/Obs,Surface Water,10/27/2024,Test strip,Chlorine,0,ppm
Sault Ste. Marie Water Rangers Task Team,11703,Root River:Root River Old Garden River,46.5629144,-84.2812943,River/Stream,Field Msr/Obs,Surface Water,10/29/2024,Probe/Sensor,"Temperature, air",13,deg C
Sault Ste. Marie Water Rangers Task Team,11705,Coldwater Creek:Lower Coldwater Creek Case Rd,46.5646992,-84.2689991,River/Stream,Field Msr/Obs,Surface Water,10/13/2024,,pH,7.6,None
Sault Ste. Marie Water Rangers Task Team,11704,Root River:Root River Wishart Park,46.5637702,-84.2936325,River/Stream,Field Msr/Obs,Surface Water,10/27/2024,Probe/Sensor,"Temperature, water",7.7,deg C
Sault Ste. Marie Water Rangers Task Team,11716,Big Carp River:Big Carp River Herkimer Rd,46.5062632,-84.4498873,River/Stream,Field Msr/Obs,Surface Water,10/16/2024,Test strip,"Alkalinity, total",0,mg/L
Sault Ste. Marie Water Rangers Task Team,11709,Canon Creek:Canon Creek Old Goulais Bay Rd,46.5915743,-84.3430281,River/Stream,Field Msr/Obs,Surface Water,10/16/2024,Probe/Sensor,"Temperature, air",10,deg C
Sault Ste. Marie Water Rangers Task Team,11716,Big Carp River:Big Carp River Herkimer Rd,46.5062632,-84.4498873,River/Stream,Field Msr/Obs,Surface Water,11/7/2024,,pH,6.8,None
Sault Ste. Marie Water Rangers Task Team,11704,Root River:Root River Wishart Park,46.5637702,-84.2936325,River/Stream,Field Msr/Obs,Surface Water,10/13/2024,Secchi Disk,Depth of water column,0.41,m
Sault Ste. Marie Water Rangers Task Team,11716,Big Carp River:Big Carp River Herkimer Rd,46.5062632,-84.4498873,River/Stream,Field Msr/Obs,Surface Water,10/16/2024,,pH,7.3,None
Sault Ste. Marie Water Rangers Task Team,11718,East Davignon Creek:East Davignon Creek Allens Side (N of 2nd Ln W),46.559108,-84.4037962,River/Stream,Field Msr/Obs,Surface Water,11/10/2024,Probe/Sensor,"Temperature, water",6.7,deg C
Sault Ste. Marie Water Rangers Task Team,11704,Root River:Root River Wishart Park,46.5637702,-84.2936325,River/Stream,Field Msr/Obs,Surface Water,10/27/2024,Probe/Sensor,Salinity,81,ppm
Sault Ste. Marie Water Rangers Task Team,11706,Root River:Root River Fourth Line E,46.5672083,-84.3063569,River/Stream,Field Msr/Obs,Surface Water,11/5/2024,Test strip,"Alkalinity, total",10,mg/L
Sault Ste. Marie Water Rangers Task Team,11705,Coldwater Creek:Lower Coldwater Creek Case Rd,46.5646992,-84.2689991,River/Stream,Field Msr/Obs,Surface Water,11/5/2024,Test strip,Chlorine,0,ppm
Sault Ste. Marie Water Rangers Task Team,11711,Duck pond:Bellevue Park duck pond,46.5004401,-84.2993188,Lake/Pond,Field Msr/Obs,Surface Water,11/12/2024,Probe/Sensor,"Temperature, water",5.9,deg C
Sault Ste. Marie Water Rangers Task Team,11715,Little Carp River:Little Carp River Carpin Beach Rd,46.5097352,-84.4441581,River/Stream,Field Msr/Obs,Surface Water,11/1/2024,Test strip,"Alkalinity, total",10,mg/L
Sault Ste. Marie Water Rangers Task Team,11705,Coldwater Creek:Lower Coldwater Creek Case Rd,46.5646992,-84.2689991,River/Stream,Field Msr/Obs,Surface Water,10/13/2024,Probe/Sensor,Dissolved oxygen (DO),9,mg/L
Sault Ste. Marie Water Rangers Task Team,11717,Upper Carp River:Upper Carp River at Creek Rd/Third Line W,46.5480272,-84.4551659,River/Stream,Field Msr/Obs,Surface Water,10/16/2024,Test strip,"Alkalinity, total",20,mg/L
Sault Ste. Marie Water Rangers Task Team,11711,Duck pond:Bellevue Park duck pond,46.5004401,-84.2993188,Lake/Pond,Field Msr/Obs,Surface Water,10/25/2024,Probe/Sensor,Conductivity,234,uS/cm
Sault Ste. Marie Water Rangers Task Team,11716,Big Carp River:Big Carp River Herkimer Rd,46.5062632,-84.4498873,River/Stream,Field Msr/Obs,Surface Water,11/12/2024,,pH,6.8,None
Sault Ste. Marie Water Rangers Task Team,11702,Cold Water Creek:Cold Water Creek at Old Garden River Road,46.5636057,-84.2783117,River/Stream,Field Msr/Obs,Surface Water,10/27/2024,Probe/Sensor,Conductivity,196,uS/cm
Sault Ste. Marie Water Rangers Task Team,11715,Little Carp River:Little Carp River Carpin Beach Rd,46.5097352,-84.4441581,River/Stream,Field Msr/Obs,Surface Water,10/16/2024,Probe/Sensor,Salinity,63,ppm
Sault Ste. Marie Water Rangers Task Team,11715,Little Carp River:Little Carp River Carpin Beach Rd,46.5097352,-84.4441581,River/Stream,Field Msr/Obs,Surface Water,11/12/2024,Test strip,Total hardness,0,mg/L
Sault Ste. Marie Water Rangers Task Team,11705,Coldwater Creek:Lower Coldwater Creek Case Rd,46.5646992,-84.2689991,River/Stream,Field Msr/Obs,Surface Water,11/5/2024,,pH,7.2,None
Sault Ste. Marie Water Rangers Task Team,11702,Cold Water Creek:Cold Water Creek at Old Garden River Road,46.5636057,-84.2783117,River/Stream,Field Msr/Obs,Surface Water,10/13/2024,Probe/Sensor,Dissolved oxygen (DO),10,mg/L
Sault Ste. Marie Water Rangers Task Team,11717,Upper Carp River:Upper Carp River at Creek Rd/Third Line W,46.5480272,-84.4551659,River/Stream,Field Msr/Obs,Surface Water,10/16/2024,Probe/Sensor,"Temperature, air",9,deg C
Sault Ste. Marie Water Rangers Task Team,11711,Duck pond:Bellevue Park duck pond,46.5004401,-84.2993188,Lake/Pond,Field Msr/Obs,Surface Water,10/3/2024,Probe/Sensor,"Temperature, air",18,deg C
Sault Ste. Marie Water Rangers Task Team,11703,Root River:Root River Old Garden River,46.5629144,-84.2812943,River/Stream,Field Msr/Obs,Surface Water,10/13/2024,Probe/Sensor,Dissolved oxygen (DO),7.998,mg/L
Sault Ste. Marie Water Rangers Task Team,11712,Fort Creek:Fort Creek Channel at Carmen's Way,46.5363508,-84.3442512,River/Stream,Field Msr/Obs,Surface Water,11/8/2024,Secchi Disk,"Depth, Secchi disk depth",0.24,m
Sault Ste. Marie Water Rangers Task Team,11717,Upper Carp River:Upper Carp River at Creek Rd/Third Line W,46.5480272,-84.4551659,River/Stream,Field Msr/Obs,Surface Water,10/16/2024,Test strip,Chlorine,0,ppm
Sault Ste. Marie Water Rangers Task Team,11715,Little Carp River:Little Carp River Carpin Beach Rd,46.5097352,-84.4441581,River/Stream,Field Msr/Obs,Surface Water,11/12/2024,Test strip,Chlorine,0,ppm
Sault Ste. Marie Water Rangers Task Team,11705,Coldwater Creek:Lower Coldwater Creek Case Rd,46.5646992,-84.2689991,River/Stream,Field Msr/Obs,Surface Water,11/5/2024,Secchi Disk,Depth of water column,0.67,m
Sault Ste. Marie Water Rangers Task Team,11717,Upper Carp River:Upper Carp River at Creek Rd/Third Line W,46.5480272,-84.4551659,River/Stream,Field Msr/Obs,Surface Water,11/10/2024,Probe/Sensor,"Temperature, air",11,deg C
Sault Ste. Marie Water Rangers Task Team,11714,West Davignon Creek:West Davignon Brookfield Ave,46.5307892,-84.3968654,River/Stream,Field Msr/Obs,Surface Water,11/12/2024,Probe/Sensor,"Temperature, air",6,deg C
Sault Ste. Marie Water Rangers Task Team,11704,Root River:Root River Wishart Park,46.5637702,-84.2936325,River/Stream,Field Msr/Obs,Surface Water,10/13/2024,Probe/Sensor,Dissolved oxygen (DO),7,mg/L
Sault Ste. Marie Water Rangers Task Team,11715,Little Carp River:Little Carp River Carpin Beach Rd,46.5097352,-84.4441581,River/Stream,Field Msr/Obs,Surface Water,10/16/2024,Test strip,Total hardness,0,mg/L
Sault Ste. Marie Water Rangers Task Team,11701,St. Marys River:Bellevue Park Topsail Island,46.4952016,-84.297452,River/Stream,Field Msr/Obs,Surface Water,11/12/2024,Test strip,"Alkalinity, total",20,mg/L
Sault Ste. Marie Water Rangers Task Team,11714,West Davignon Creek:West Davignon Brookfield Ave,46.5307892,-84.3968654,River/Stream,Field Msr/Obs,Surface Water,11/12/2024,Probe/Sensor,Dissolved oxygen (DO),12,mg/L
Sault Ste. Marie Water Rangers Task Team,11715,Little Carp River:Little Carp River Carpin Beach Rd,46.5097352,-84.4441581,River/Stream,Field Msr/Obs,Surface Water,11/12/2024,Probe/Sensor,Salinity,47,ppm
Sault Ste. Marie Water Rangers Task Team,11705,Coldwater Creek:Lower Coldwater Creek Case Rd,46.5646992,-84.2689991,River/Stream,Field Msr/Obs,Surface Water,11/5/2024,Test strip,Total hardness,50,mg/L
Sault Ste. Marie Water Rangers Task Team,11715,Little Carp River:Little Carp River Carpin Beach Rd,46.5097352,-84.4441581,River/Stream,Field Msr/Obs,Surface Water,11/1/2024,Probe/Sensor,"Temperature, air",8,deg C
Sault Ste. Marie Water Rangers Task Team,11703,Root River:Root River Old Garden River,46.5629144,-84.2812943,River/Stream,Field Msr/Obs,Surface Water,10/29/2024,Test strip,"Alkalinity, total",20,mg/L
Sault Ste. Marie Water Rangers Task Team,11706,Root River:Root River Fourth Line E,46.5672083,-84.3063569,River/Stream,Field Msr/Obs,Surface Water,10/16/2024,Secchi Disk,Depth of water column,0.12,m
Sault Ste. Marie Water Rangers Task Team,11716,Big Carp River:Big Carp River Herkimer Rd,46.5062632,-84.4498873,River/Stream,Field Msr/Obs,Surface Water,11/7/2024,Test strip,"Alkalinity, total",20,mg/L
Sault Ste. Marie Water Rangers Task Team,11702,Cold Water Creek:Cold Water Creek at Old Garden River Road,46.5636057,-84.2783117,River/Stream,Field Msr/Obs,Surface Water,10/27/2024,Probe/Sensor,"Temperature, air",8,deg C
Sault Ste. Marie Water Rangers Task Team,11716,Big Carp River:Big Carp River Herkimer Rd,46.5062632,-84.4498873,River/Stream,Field Msr/Obs,Surface Water,11/12/2024,Test strip,Chlorine,0,ppm
Sault Ste. Marie Water Rangers Task Team,11713,East Davignon Creek:East Davignon Farwell Terrace (near Tim Hortons),46.5367668,-84.3616748,River/Stream,Field Msr/Obs,Surface Water,11/8/2024,Probe/Sensor,"Temperature, water",7.9,deg C
Sault Ste. Marie Water Rangers Task Team,11718,East Davignon Creek:East Davignon Creek Allens Side (N of 2nd Ln W),46.559108,-84.4037962,River/Stream,Field Msr/Obs,Surface Water,11/1/2024,Probe/Sensor,Salinity,37,ppm
Sault Ste. Marie Water Rangers Task Team,11708,Root River:Root River off Hwy 17 N (near Teen Challenge),46.5717047,-84.3206692,River/Stream,Field Msr/Obs,Surface Water,10/16/2024,Probe/Sensor,"Temperature, air",10,deg C
Sault Ste. Marie Water Rangers Task Team,11702,Cold Water Creek:Cold Water Creek at Old Garden River Road,46.5636057,-84.2783117,River/Stream,Field Msr/Obs,Surface Water,10/13/2024,Test strip,"Alkalinity, total",0,mg/L
Sault Ste. Marie Water Rangers Task Team,11704,Root River:Root River Wishart Park,46.5637702,-84.2936325,River/Stream,Field Msr/Obs,Surface Water,10/13/2024,Test strip,"Alkalinity, total",0,mg/L
Sault Ste. Marie Water Rangers Task Team,11702,Cold Water Creek:Cold Water Creek at Old Garden River Road,46.5636057,-84.2783117,River/Stream,Field Msr/Obs,Surface Water,10/27/2024,Secchi Disk,Depth of water column,0.12,m
Sault Ste. Marie Water Rangers Task Team,11716,Big Carp River:Big Carp River Herkimer Rd,46.5062632,-84.4498873,River/Stream,Field Msr/Obs,Surface Water,10/16/2024,Probe/Sensor,Conductivity,108,uS/cm
Sault Ste. Marie Water Rangers Task Team,11703,Root River:Root River Old Garden River,46.5629144,-84.2812943,River/Stream,Field Msr/Obs,Surface Water,10/29/2024,Probe/Sensor,"Temperature, water",10.1,deg C
Sault Ste. Marie Water Rangers Task Team,11706,Root River:Root River Fourth Line E,46.5672083,-84.3063569,River/Stream,Field Msr/Obs,Surface Water,10/16/2024,Probe/Sensor,"Temperature, air",11,deg C
Sault Ste. Marie Water Rangers Task Team,11708,Root River:Root River off Hwy 17 N (near Teen Challenge),46.5717047,-84.3206692,River/Stream,Field Msr/Obs,Surface Water,10/16/2024,Probe/Sensor,Dissolved oxygen (DO),10,mg/L
Sault Ste. Marie Water Rangers Task Team,11703,Root River:Root River Old Garden River,46.5629144,-84.2812943,River/Stream,Field Msr/Obs,Surface Water,10/13/2024,Test strip,"Alkalinity, total",0,mg/L
Sault Ste. Marie Water Rangers Task Team,11717,Upper Carp River:Upper Carp River at Creek Rd/Third Line W,46.5480272,-84.4551659,River/Stream,Field Msr/Obs,Surface Water,10/16/2024,Test strip,Total hardness,0,mg/L
Sault Ste. Marie Water Rangers Task Team,11717,Upper Carp River:Upper Carp River at Creek Rd/Third Line W,46.5480272,-84.4551659,River/Stream,Field Msr/Obs,Surface Water,11/1/2024,Secchi Disk,Depth of water column,0.15,m
Sault Ste. Marie Water Rangers Task Team,11711,Duck pond:Bellevue Park duck pond,46.5004401,-84.2993188,Lake/Pond,Field Msr/Obs,Surface Water,10/25/2024,Secchi Disk,Depth of water column,0.13,m
Sault Ste. Marie Water Rangers Task Team,11716,Big Carp River:Big Carp River Herkimer Rd,46.5062632,-84.4498873,River/Stream,Field Msr/Obs,Surface Water,11/7/2024,Test strip,Total hardness,0,mg/L
Sault Ste. Marie Water Rangers Task Team,11702,Cold Water Creek:Cold Water Creek at Old Garden River Road,46.5636057,-84.2783117,River/Stream,Field Msr/Obs,Surface Water,10/13/2024,Test strip,Chlorine,0,ppm
Sault Ste. Marie Water Rangers Task Team,11718,East Davignon Creek:East Davignon Creek Allens Side (N of 2nd Ln W),46.559108,-84.4037962,River/Stream,Field Msr/Obs,Surface Water,11/1/2024,Secchi Disk,Depth of water column,0.16,m
Sault Ste. Marie Water Rangers Task Team,11711,Duck pond:Bellevue Park duck pond,46.5004401,-84.2993188,Lake/Pond,Field Msr/Obs,Surface Water,11/12/2024,Test strip,Chlorine,0,ppm
Sault Ste. Marie Water Rangers Task Team,11717,Upper Carp River:Upper Carp River at Creek Rd/Third Line W,46.5480272,-84.4551659,River/Stream,Field Msr/Obs,Surface Water,10/16/2024,Probe/Sensor,"Temperature, water",7.7,deg C
Sault Ste. Marie Water Rangers Task Team,11703,Root River:Root River Old Garden River,46.5629144,-84.2812943,River/Stream,Field Msr/Obs,Surface Water,10/13/2024,,pH,7.2,None
Sault Ste. Marie Water Rangers Task Team,11708,Root River:Root River off Hwy 17 N (near Teen Challenge),46.5717047,-84.3206692,River/Stream,Field Msr/Obs,Surface Water,10/16/2024,Probe/Sensor,"Temperature, water",7.2,deg C
Sault Ste. Marie Water Rangers Task Team,11704,Root River:Root River Wishart Park,46.5637702,-84.2936325,River/Stream,Field Msr/Obs,Surface Water,10/27/2024,Test strip,"Alkalinity, total",0,mg/L
Sault Ste. Marie Water Rangers Task Team,11717,Upper Carp River:Upper Carp River at Creek Rd/Third Line W,46.5480272,-84.4551659,River/Stream,Field Msr/Obs,Surface Water,10/16/2024,Probe/Sensor,Dissolved oxygen (DO),9,mg/L
Sault Ste. Marie Water Rangers Task Team,11718,East Davignon Creek:East Davignon Creek Allens Side (N of 2nd Ln W),46.559108,-84.4037962,River/Stream,Field Msr/Obs,Surface Water,10/16/2024,Test strip,Chlorine,0,ppm
Sault Ste. Marie Water Rangers Task Team,11711,Duck pond:Bellevue Park duck pond,46.5004401,-84.2993188,Lake/Pond,Field Msr/Obs,Surface Water,11/12/2024,Probe/Sensor,"Temperature, air",8,deg C
Sault Ste. Marie Water Rangers Task Team,11708,Root River:Root River off Hwy 17 N (near Teen Challenge),46.5717047,-84.3206692,River/Stream,Field Msr/Obs,Surface Water,10/16/2024,Test strip,"Alkalinity, total",10,mg/L
Sault Ste. Marie Water Rangers Task Team,11718,East Davignon Creek:East Davignon Creek Allens Side (N of 2nd Ln W),46.559108,-84.4037962,River/Stream,Field Msr/Obs,Surface Water,10/16/2024,Test strip,Total hardness,0,mg/L
Sault Ste. Marie Water Rangers Task Team,11706,Root River:Root River Fourth Line E,46.5672083,-84.3063569,River/Stream,Field Msr/Obs,Surface Water,11/5/2024,Test strip,Chlorine,0,ppm
Sault Ste. Marie Water Rangers Task Team,11702,Cold Water Creek:Cold Water Creek at Old Garden River Road,46.5636057,-84.2783117,River/Stream,Field Msr/Obs,Surface Water,10/13/2024,Secchi Disk,Depth of water column,0.17,m
Sault Ste. Marie Water Rangers Task Team,11714,West Davignon Creek:West Davignon Brookfield Ave,46.5307892,-84.3968654,River/Stream,Field Msr/Obs,Surface Water,11/12/2024,Test strip,Total hardness,0,mg/L
Sault Ste. Marie Water Rangers Task Team,11705,Coldwater Creek:Lower Coldwater Creek Case Rd,46.5646992,-84.2689991,River/Stream,Field Msr/Obs,Surface Water,11/5/2024,Probe/Sensor,Dissolved oxygen (DO),8,mg/L
Sault Ste. Marie Water Rangers Task Team,11710,Root River:Root River Hwy 17E,46.5459338,-84.2184019,River/Stream,Field Msr/Obs,Surface Water,11/1/2024,Probe/Sensor,Dissolved oxygen (DO),9,mg/L
Sault Ste. Marie Water Rangers Task Team,11712,Fort Creek:Fort Creek Channel at Carmen's Way,46.5363508,-84.3442512,River/Stream,Field Msr/Obs,Surface Water,11/8/2024,Probe/Sensor,Conductivity,612,uS/cm
Sault Ste. Marie Water Rangers Task Team,11701,St. Marys River:Bellevue Park Topsail Island,46.4952016,-84.297452,River/Stream,Field Msr/Obs,Surface Water,11/12/2024,Test strip,Total hardness,0,mg/L
Sault Ste. Marie Water Rangers Task Team,11713,East Davignon Creek:East Davignon Farwell Terrace (near Tim Hortons),46.5367668,-84.3616748,River/Stream,Field Msr/Obs,Surface Water,11/8/2024,Probe/Sensor,Dissolved oxygen (DO),11,mg/L
Sault Ste. Marie Water Rangers Task Team,11710,Root River:Root River Hwy 17E,46.5459338,-84.2184019,River/Stream,Field Msr/Obs,Surface Water,11/1/2024,,pH,7.2,None
Sault Ste. Marie Water Rangers Task Team,11702,Cold Water Creek:Cold Water Creek at Old Garden River Road,46.5636057,-84.2783117,River/Stream,Field Msr/Obs,Surface Water,10/27/2024,Test strip,Total hardness,100,mg/L
Sault Ste. Marie Water Rangers Task Team,11718,East Davignon Creek:East Davignon Creek Allens Side (N of 2nd Ln W),46.559108,-84.4037962,River/Stream,Field Msr/Obs,Surface Water,11/1/2024,Probe/Sensor,"Temperature, water",7.9,deg C
Sault Ste. Marie Water Rangers Task Team,11715,Little Carp River:Little Carp River Carpin Beach Rd,46.5097352,-84.4441581,River/Stream,Field Msr/Obs,Surface Water,10/16/2024,,pH,7.5,None
Sault Ste. Marie Water Rangers Task Team,11717,Upper Carp River:Upper Carp River at Creek Rd/Third Line W,46.5480272,-84.4551659,River/Stream,Field Msr/Obs,Surface Water,11/1/2024,Probe/Sensor,"Temperature, air",8,deg C
Sault Ste. Marie Water Rangers Task Team,11702,Cold Water Creek:Cold Water Creek at Old Garden River Road,46.5636057,-84.2783117,River/Stream,Field Msr/Obs,Surface Water,10/13/2024,Probe/Sensor,Conductivity,194,uS/cm
Sault Ste. Marie Water Rangers Task Team,11701,St. Marys River:Bellevue Park Topsail Island,46.4952016,-84.297452,River/Stream,Field Msr/Obs,Surface Water,11/12/2024,,pH,7.3,None
Sault Ste. Marie Water Rangers Task Team,11716,Big Carp River:Big Carp River Herkimer Rd,46.5062632,-84.4498873,River/Stream,Field Msr/Obs,Surface Water,11/12/2024,Test strip,"Alkalinity, total",20,mg/L
Sault Ste. Marie Water Rangers Task Team,11705,Coldwater Creek:Lower Coldwater Creek Case Rd,46.5646992,-84.2689991,River/Stream,Field Msr/Obs,Surface Water,10/13/2024,Test strip,Total hardness,0,mg/L
Sault Ste. Marie Water Rangers Task Team,11716,Big Carp River:Big Carp River Herkimer Rd,46.5062632,-84.4498873,River/Stream,Field Msr/Obs,Surface Water,11/7/2024,Secchi Disk,Depth of water column,0.38,m
Sault Ste. Marie Water Rangers Task Team,11718,East Davignon Creek:East Davignon Creek Allens Side (N of 2nd Ln W),46.559108,-84.4037962,River/Stream,Field Msr/Obs,Surface Water,10/16/2024,Probe/Sensor,Conductivity,111,uS/cm
Sault Ste. Marie Water Rangers Task Team,11718,East Davignon Creek:East Davignon Creek Allens Side (N of 2nd Ln W),46.559108,-84.4037962,River/Stream,Field Msr/Obs,Surface Water,11/1/2024,Probe/Sensor,Conductivity,70,uS/cm
Sault Ste. Marie Water Rangers Task Team,11706,Root River:Root River Fourth Line E,46.5672083,-84.3063569,River/Stream,Field Msr/Obs,Surface Water,11/5/2024,Probe/Sensor,"Temperature, air",8,deg C
Sault Ste. Marie Water Rangers Task Team,11716,Big Carp River:Big Carp River Herkimer Rd,46.5062632,-84.4498873,River/Stream,Field Msr/Obs,Surface Water,10/31/2024,Test strip,Chlorine,0,ppm
Sault Ste. Marie Water Rangers Task Team,11704,Root River:Root River Wishart Park,46.5637702,-84.2936325,River/Stream,Field Msr/Obs,Surface Water,10/27/2024,Secchi Disk,Depth of water column,0.19,m
Sault Ste. Marie Water Rangers Task Team,11715,Little Carp River:Little Carp River Carpin Beach Rd,46.5097352,-84.4441581,River/Stream,Field Msr/Obs,Surface Water,10/16/2024,Probe/Sensor,Dissolved oxygen (DO),9,mg/L
Sault Ste. Marie Water Rangers Task Team,11703,Root River:Root River Old Garden River,46.5629144,-84.2812943,River/Stream,Field Msr/Obs,Surface Water,10/29/2024,,pH,7.2,None
Sault Ste. Marie Water Rangers Task Team,11717,Upper Carp River:Upper Carp River at Creek Rd/Third Line W,46.5480272,-84.4551659,River/Stream,Field Msr/Obs,Surface Water,11/10/2024,,pH,7.2,None
Sault Ste. Marie Water Rangers Task Team,11705,Coldwater Creek:Lower Coldwater Creek Case Rd,46.5646992,-84.2689991,River/Stream,Field Msr/Obs,Surface Water,10/13/2024,Secchi Disk,Depth of water column,0.87,m
Sault Ste. Marie Water Rangers Task Team,11717,Upper Carp River:Upper Carp River at Creek Rd/Third Line W,46.5480272,-84.4551659,River/Stream,Field Msr/Obs,Surface Water,11/1/2024,Test strip,Chlorine,0,ppm
Sault Ste. Marie Water Rangers Task Team,11704,Root River:Root River Wishart Park,46.5637702,-84.2936325,River/Stream,Field Msr/Obs,Surface Water,10/27/2024,Test strip,Total hardness,0,mg/L
Sault Ste. Marie Water Rangers Task Team,11704,Root River:Root River Wishart Park,46.5637702,-84.2936325,River/Stream,Field Msr/Obs,Surface Water,10/27/2024,Probe/Sensor,"Temperature, air",7,deg C
Sault Ste. Marie Water Rangers Task Team,11701,St. Marys River:Bellevue Park Topsail Island,46.4952016,-84.297452,River/Stream,Field Msr/Obs,Surface Water,11/12/2024,Probe/Sensor,Dissolved oxygen (DO),9,mg/L
Sault Ste. Marie Water Rangers Task Team,11717,Upper Carp River:Upper Carp River at Creek Rd/Third Line W,46.5480272,-84.4551659,River/Stream,Field Msr/Obs,Surface Water,11/1/2024,Probe/Sensor,Dissolved oxygen (DO),11,mg/L
Sault Ste. Marie Water Rangers Task Team,11718,East Davignon Creek:East Davignon Creek Allens Side (N of 2nd Ln W),46.559108,-84.4037962,River/Stream,Field Msr/Obs,Surface Water,11/1/2024,Probe/Sensor,"Temperature, air",8,deg C
Sault Ste. Marie Water Rangers Task Team,11716,Big Carp River:Big Carp River Herkimer Rd,46.5062632,-84.4498873,River/Stream,Field Msr/Obs,Surface Water,10/16/2024,Probe/Sensor,"Temperature, water",7.2,deg C
Sault Ste. Marie Water Rangers Task Team,11713,East Davignon Creek:East Davignon Farwell Terrace (near Tim Hortons),46.5367668,-84.3616748,River/Stream,Field Msr/Obs,Surface Water,11/8/2024,Test strip,Total hardness,0,mg/L
Sault Ste. Marie Water Rangers Task Team,11708,Root River:Root River off Hwy 17 N (near Teen Challenge),46.5717047,-84.3206692,River/Stream,Field Msr/Obs,Surface Water,10/16/2024,Test strip,Chlorine,0,ppm
Sault Ste. Marie Water Rangers Task Team,11717,Upper Carp River:Upper Carp River at Creek Rd/Third Line W,46.5480272,-84.4551659,River/Stream,Field Msr/Obs,Surface Water,11/1/2024,,pH,7.2,None
Sault Ste. Marie Water Rangers Task Team,11709,Canon Creek:Canon Creek Old Goulais Bay Rd,46.5915743,-84.3430281,River/Stream,Field Msr/Obs,Surface Water,10/16/2024,,pH,7.2,None
Sault Ste. Marie Water Rangers Task Team,11710,Root River:Root River Hwy 17E,46.5459338,-84.2184019,River/Stream,Field Msr/Obs,Surface Water,11/1/2024,Test strip,"Alkalinity, total",20,mg/L
Sault Ste. Marie Water Rangers Task Team,11702,Cold Water Creek:Cold Water Creek at Old Garden River Road,46.5636057,-84.2783117,River/Stream,Field Msr/Obs,Surface Water,10/27/2024,Probe/Sensor,Salinity,103,ppm
Sault Ste. Marie Water Rangers Task Team,11705,Coldwater Creek:Lower Coldwater Creek Case Rd,46.5646992,-84.2689991,River/Stream,Field Msr/Obs,Surface Water,10/13/2024,Test strip,"Alkalinity, total",0,mg/L
Sault Ste. Marie Water Rangers Task Team,11718,East Davignon Creek:East Davignon Creek Allens Side (N of 2nd Ln W),46.559108,-84.4037962,River/Stream,Field Msr/Obs,Surface Water,10/16/2024,Probe/Sensor,Salinity,57,ppm
Sault Ste. Marie Water Rangers Task Team,11715,Little Carp River:Little Carp River Carpin Beach Rd,46.5097352,-84.4441581,River/Stream,Field Msr/Obs,Surface Water,11/1/2024,Probe/Sensor,Salinity,66,ppm
Sault Ste. Marie Water Rangers Task Team,11708,Root River:Root River off Hwy 17 N (near Teen Challenge),46.5717047,-84.3206692,River/Stream,Field Msr/Obs,Surface Water,10/16/2024,Secchi Disk,Depth of water column,0.61,m
Sault Ste. Marie Water Rangers Task Team,11712,Fort Creek:Fort Creek Channel at Carmen's Way,46.5363508,-84.3442512,River/Stream,Field Msr/Obs,Surface Water,11/8/2024,,pH,7.8,None
Sault Ste. Marie Water Rangers Task Team,11714,West Davignon Creek:West Davignon Brookfield Ave,46.5307892,-84.3968654,River/Stream,Field Msr/Obs,Surface Water,11/12/2024,Probe/Sensor,"Temperature, water",6.4,deg C
Sault Ste. Marie Water Rangers Task Team,11712,Fort Creek:Fort Creek Channel at Carmen's Way,46.5363508,-84.3442512,River/Stream,Field Msr/Obs,Surface Water,11/8/2024,Probe/Sensor,"Temperature, air",13,deg C
Sault Ste. Marie Water Rangers Task Team,11711,Duck pond:Bellevue Park duck pond,46.5004401,-84.2993188,Lake/Pond,Field Msr/Obs,Surface Water,10/25/2024,Test strip,"Alkalinity, total",100,mg/L
Sault Ste. Marie Water Rangers Task Team,11718,East Davignon Creek:East Davignon Creek Allens Side (N of 2nd Ln W),46.559108,-84.4037962,River/Stream,Field Msr/Obs,Surface Water,11/10/2024,Probe/Sensor,Conductivity,38,uS/cm
Sault Ste. Marie Water Rangers Task Team,11711,Duck pond:Bellevue Park duck pond,46.5004401,-84.2993188,Lake/Pond,Field Msr/Obs,Surface Water,10/25/2024,,pH,8.3,None
Sault Ste. Marie Water Rangers Task Team,11706,Root River:Root River Fourth Line E,46.5672083,-84.3063569,River/Stream,Field Msr/Obs,Surface Water,10/16/2024,Test strip,"Alkalinity, total",0,mg/L
Sault Ste. Marie Water Rangers Task Team,11718,East Davignon Creek:East Davignon Creek Allens Side (N of 2nd Ln W),46.559108,-84.4037962,River/Stream,Field Msr/Obs,Surface Water,10/16/2024,Probe/Sensor,"Temperature, water",9.2,deg C
Sault Ste. Marie Water Rangers Task Team,11703,Root River:Root River Old Garden River,46.5629144,-84.2812943,River/Stream,Field Msr/Obs,Surface Water,10/13/2024,Probe/Sensor,"Temperature, water",10.7,deg C
Sault Ste. Marie Water Rangers Task Team,11711,Duck pond:Bellevue Park duck pond,46.5004401,-84.2993188,Lake/Pond,Field Msr/Obs,Surface Water,10/25/2024,Test strip,Total hardness,0,mg/L
Sault Ste. Marie Water Rangers Task Team,11717,Upper Carp River:Upper Carp River at Creek Rd/Third Line W,46.5480272,-84.4551659,River/Stream,Field Msr/Obs,Surface Water,11/10/2024,Probe/Sensor,Conductivity,42,uS/cm
Sault Ste. Marie Water Rangers Task Team,11716,Big Carp River:Big Carp River Herkimer Rd,46.5062632,-84.4498873,River/Stream,Field Msr/Obs,Surface Water,10/31/2024,Test strip,"Alkalinity, total",20,mg/L
Sault Ste. Marie Water Rangers Task Team,11718,East Davignon Creek:East Davignon Creek Allens Side (N of 2nd Ln W),46.559108,-84.4037962,River/Stream,Field Msr/Obs,Surface Water,10/16/2024,Probe/Sensor,"Temperature, air",8,deg C
Sault Ste. Marie Water Rangers Task Team,11705,Coldwater Creek:Lower Coldwater Creek Case Rd,46.5646992,-84.2689991,River/Stream,Field Msr/Obs,Surface Water,10/13/2024,Probe/Sensor,Conductivity,104,uS/cm
Sault Ste. Marie Water Rangers Task Team,11717,Upper Carp River:Upper Carp River at Creek Rd/Third Line W,46.5480272,-84.4551659,River/Stream,Field Msr/Obs,Surface Water,11/1/2024,Test strip,Total hardness,0,mg/L
Sault Ste. Marie Water Rangers Task Team,11706,Root River:Root River Fourth Line E,46.5672083,-84.3063569,River/Stream,Field Msr/Obs,Surface Water,10/16/2024,Probe/Sensor,Dissolved oxygen (DO),11,mg/L
Sault Ste. Marie Water Rangers Task Team,11713,East Davignon Creek:East Davignon Farwell Terrace (near Tim Hortons),46.5367668,-84.3616748,River/Stream,Field Msr/Obs,Surface Water,11/8/2024,Probe/Sensor,Conductivity,132,uS/cm
Sault Ste. Marie Water Rangers Task Team,11715,Little Carp River:Little Carp River Carpin Beach Rd,46.5097352,-84.4441581,River/Stream,Field Msr/Obs,Surface Water,11/1/2024,Secchi Disk,Depth of water column,0.6,m
Sault Ste. Marie Water Rangers Task Team,11704,Root River:Root River Wishart Park,46.5637702,-84.2936325,River/Stream,Field Msr/Obs,Surface Water,10/13/2024,Test strip,Total hardness,0,mg/L
Sault Ste. Marie Water Rangers Task Team,11710,Root River:Root River Hwy 17E,46.5459338,-84.2184019,River/Stream,Field Msr/Obs,Surface Water,11/1/2024,Secchi Disk,"Depth, Secchi disk depth",0.36,m
Sault Ste. Marie Water Rangers Task Team,11716,Big Carp River:Big Carp River Herkimer Rd,46.5062632,-84.4498873,River/Stream,Field Msr/Obs,Surface Water,10/16/2024,Test strip,Chlorine,0,ppm
Sault Ste. Marie Water Rangers Task Team,11704,Root River:Root River Wishart Park,46.5637702,-84.2936325,River/Stream,Field Msr/Obs,Surface Water,10/27/2024,Probe/Sensor,Dissolved oxygen (DO),8,mg/L
Sault Ste. Marie Water Rangers Task Team,11716,Big Carp River:Big Carp River Herkimer Rd,46.5062632,-84.4498873,River/Stream,Field Msr/Obs,Surface Water,11/12/2024,Probe/Sensor,"Temperature, air",1,deg C
Sault Ste. Marie Water Rangers Task Team,11717,Upper Carp River:Upper Carp River at Creek Rd/Third Line W,46.5480272,-84.4551659,River/Stream,Field Msr/Obs,Surface Water,10/16/2024,Probe/Sensor,Salinity,37,ppm
Sault Ste. Marie Water Rangers Task Team,11704,Root River:Root River Wishart Park,46.5637702,-84.2936325,River/Stream,Field Msr/Obs,Surface Water,10/13/2024,,pH,7.2,None
Sault Ste. Marie Water Rangers Task Team,11711,Duck pond:Bellevue Park duck pond,46.5004401,-84.2993188,Lake/Pond,Field Msr/Obs,Surface Water,11/12/2024,Probe/Sensor,Conductivity,291,uS/cm
Sault Ste. Marie Water Rangers Task Team,11718,East Davignon Creek:East Davignon Creek Allens Side (N of 2nd Ln W),46.559108,-84.4037962,River/Stream,Field Msr/Obs,Surface Water,11/1/2024,Test strip,"Alkalinity, total",10,mg/L
Sault Ste. Marie Water Rangers Task Team,11708,Root River:Root River off Hwy 17 N (near Teen Challenge),46.5717047,-84.3206692,River/Stream,Field Msr/Obs,Surface Water,10/16/2024,Probe/Sensor,Conductivity,151,uS/cm
Sault Ste. Marie Water Rangers Task Team,11705,Coldwater Creek:Lower Coldwater Creek Case Rd,46.5646992,-84.2689991,River/Stream,Field Msr/Obs,Surface Water,10/13/2024,Probe/Sensor,"Temperature, air",11,deg C
Sault Ste. Marie Water Rangers Task Team,11711,Duck pond:Bellevue Park duck pond,46.5004401,-84.2993188,Lake/Pond,Field Msr/Obs,Surface Water,10/25/2024,Probe/Sensor,"Temperature, water",9,deg C
Sault Ste. Marie Water Rangers Task Team,11709,Canon Creek:Canon Creek Old Goulais Bay Rd,46.5915743,-84.3430281,River/Stream,Field Msr/Obs,Surface Water,10/16/2024,Secchi Disk,Depth of water column,0.27,m
Sault Ste. Marie Water Rangers Task Team,11711,Duck pond:Bellevue Park duck pond,46.5004401,-84.2993188,Lake/Pond,Field Msr/Obs,Surface Water,10/3/2024,Probe/Sensor,"Temperature, water",16.7,deg C
Sault Ste. Marie Water Rangers Task Team,11718,East Davignon Creek:East Davignon Creek Allens Side (N of 2nd Ln W),46.559108,-84.4037962,River/Stream,Field Msr/Obs,Surface Water,11/10/2024,Test strip,Total hardness,0,mg/L
Sault Ste. Marie Water Rangers Task Team,11717,Upper Carp River:Upper Carp River at Creek Rd/Third Line W,46.5480272,-84.4551659,River/Stream,Field Msr/Obs,Surface Water,11/1/2024,Probe/Sensor,Salinity,29,ppm
Sault Ste. Marie Water Rangers Task Team,11711,Duck pond:Bellevue Park duck pond,46.5004401,-84.2993188,Lake/Pond,Field Msr/Obs,Surface Water,10/3/2024,Test strip,Total hardness,200,mg/L
Sault Ste. Marie Water Rangers Task Team,11706,Root River:Root River Fourth Line E,46.5672083,-84.3063569,River/Stream,Field Msr/Obs,Surface Water,10/16/2024,Test strip,Chlorine,0,ppm
Sault Ste. Marie Water Rangers Task Team,11717,Upper Carp River:Upper Carp River at Creek Rd/Third Line W,46.5480272,-84.4551659,River/Stream,Field Msr/Obs,Surface Water,11/10/2024,Test strip,Total hardness,0,mg/L
Sault Ste. Marie Water Rangers Task Team,11711,Duck pond:Bellevue Park duck pond,46.5004401,-84.2993188,Lake/Pond,Field Msr/Obs,Surface Water,10/25/2024,Probe/Sensor,"Temperature, air",10,deg C
Sault Ste. Marie Water Rangers Task Team,11701,St. Marys River:Bellevue Park Topsail Island,46.4952016,-84.297452,River/Stream,Field Msr/Obs,Surface Water,11/12/2024,Probe/Sensor,Salinity,59,ppm
Sault Ste. Marie Water Rangers Task Team,11712,Fort Creek:Fort Creek Channel at Carmen's Way,46.5363508,-84.3442512,River/Stream,Field Msr/Obs,Surface Water,11/8/2024,Probe/Sensor,Salinity,313,ppm
Sault Ste. Marie Water Rangers Task Team,11714,West Davignon Creek:West Davignon Brookfield Ave,46.5307892,-84.3968654,River/Stream,Field Msr/Obs,Surface Water,11/12/2024,Test strip,Chlorine,0,ppm
Sault Ste. Marie Water Rangers Task Team,11704,Root River:Root River Wishart Park,46.5637702,-84.2936325,River/Stream,Field Msr/Obs,Surface Water,10/13/2024,Probe/Sensor,"Temperature, water",10.2,deg C
Sault Ste. Marie Water Rangers Task Team,11705,Coldwater Creek:Lower Coldwater Creek Case Rd,46.5646992,-84.2689991,River/Stream,Field Msr/Obs,Surface Water,10/13/2024,Probe/Sensor,"Temperature, water",9.1,deg C
Sault Ste. Marie Water Rangers Task Team,11712,Fort Creek:Fort Creek Channel at Carmen's Way,46.5363508,-84.3442512,River/Stream,Field Msr/Obs,Surface Water,11/8/2024,Test strip,Total hardness,100,mg/L
Sault Ste. Marie Water Rangers Task Team,11703,Root River:Root River Old Garden River,46.5629144,-84.2812943,River/Stream,Field Msr/Obs,Surface Water,10/29/2024,Secchi Disk,Depth of water column,0.16,m
Sault Ste. Marie Water Rangers Task Team,11711,Duck pond:Bellevue Park duck pond,46.5004401,-84.2993188,Lake/Pond,Field Msr/Obs,Surface Water,10/3/2024,Probe/Sensor,Dissolved oxygen (DO),4,mg/L
Sault Ste. Marie Water Rangers Task Team,11716,Big Carp River:Big Carp River Herkimer Rd,46.5062632,-84.4498873,River/Stream,Field Msr/Obs,Surface Water,11/7/2024,Probe/Sensor,Dissolved oxygen (DO),7,mg/L
Sault Ste. Marie Water Rangers Task Team,11703,Root River:Root River Old Garden River,46.5629144,-84.2812943,River/Stream,Field Msr/Obs,Surface Water,10/13/2024,Test strip,Total hardness,0,mg/L
Sault Ste. Marie Water Rangers Task Team,11715,Little Carp River:Little Carp River Carpin Beach Rd,46.5097352,-84.4441581,River/Stream,Field Msr/Obs,Surface Water,10/16/2024,Probe/Sensor,"Temperature, air",7.5,deg C
Sault Ste. Marie Water Rangers Task Team,11711,Duck pond:Bellevue Park duck pond,46.5004401,-84.2993188,Lake/Pond,Field Msr/Obs,Surface Water,10/3/2024,,pH,7.7,None
Sault Ste. Marie Water Rangers Task Team,11716,Big Carp River:Big Carp River Herkimer Rd,46.5062632,-84.4498873,River/Stream,Field Msr/Obs,Surface Water,10/31/2024,Probe/Sensor,"Temperature, air",8,deg C
Sault Ste. Marie Water Rangers Task Team,11706,Root River:Root River Fourth Line E,46.5672083,-84.3063569,River/Stream,Field Msr/Obs,Surface Water,11/5/2024,Probe/Sensor,"Temperature, water",7.3,deg C
Sault Ste. Marie Water Rangers Task Team,11718,East Davignon Creek:East Davignon Creek Allens Side (N of 2nd Ln W),46.559108,-84.4037962,River/Stream,Field Msr/Obs,Surface Water,10/16/2024,Probe/Sensor,Dissolved oxygen (DO),9,mg/L
Sault Ste. Marie Water Rangers Task Team,11715,Little Carp River:Little Carp River Carpin Beach Rd,46.5097352,-84.4441581,River/Stream,Field Msr/Obs,Surface Water,10/16/2024,Probe/Sensor,Conductivity,117,uS/cm
Sault Ste. Marie Water Rangers Task Team,11706,Root River:Root River Fourth Line E,46.5672083,-84.3063569,River/Stream,Field Msr/Obs,Surface Water,10/16/2024,,pH,7.2,None
Sault Ste. Marie Water Rangers Task Team,11716,Big Carp River:Big Carp River Herkimer Rd,46.5062632,-84.4498873,River/Stream,Field Msr/Obs,Surface Water,10/31/2024,Test strip,Total hardness,0,mg/L
Sault Ste. Marie Water Rangers Task Team,11702,Cold Water Creek:Cold Water Creek at Old Garden River Road,46.5636057,-84.2783117,River/Stream,Field Msr/Obs,Surface Water,10/13/2024,Probe/Sensor,"Temperature, air",8,deg C
Sault Ste. Marie Water Rangers Task Team,11716,Big Carp River:Big Carp River Herkimer Rd,46.5062632,-84.4498873,River/Stream,Field Msr/Obs,Surface Water,11/12/2024,Probe/Sensor,Dissolved oxygen (DO),7,mg/L
Sault Ste. Marie Water Rangers Task Team,11718,East Davignon Creek:East Davignon Creek Allens Side (N of 2nd Ln W),46.559108,-84.4037962,River/Stream,Field Msr/Obs,Surface Water,11/1/2024,,pH,7.2,None
Sault Ste. Marie Water Rangers Task Team,11706,Root River:Root River Fourth Line E,46.5672083,-84.3063569,River/Stream,Field Msr/Obs,Surface Water,11/5/2024,Secchi Disk,Depth of water column,0.17,m
Sault Ste. Marie Water Rangers Task Team,11702,Cold Water Creek:Cold Water Creek at Old Garden River Road,46.5636057,-84.2783117,River/Stream,Field Msr/Obs,Surface Water,10/13/2024,,pH,7.8,None
Sault Ste. Marie Water Rangers Task Team,11713,East Davignon Creek:East Davignon Farwell Terrace (near Tim Hortons),46.5367668,-84.3616748,River/Stream,Field Msr/Obs,Surface Water,11/8/2024,Secchi Disk,"Depth, Secchi disk depth",0.49,m
Sault Ste. Marie Water Rangers Task Team,11716,Big Carp River:Big Carp River Herkimer Rd,46.5062632,-84.4498873,River/Stream,Field Msr/Obs,Surface Water,11/7/2024,Test strip,Chlorine,0,ppm
Sault Ste. Marie Water Rangers Task Team,11709,Canon Creek:Canon Creek Old Goulais Bay Rd,46.5915743,-84.3430281,River/Stream,Field Msr/Obs,Surface Water,10/16/2024,Test strip,Total hardness,0,mg/L
Sault Ste. Marie Water Rangers Task Team,11706,Root River:Root River Fourth Line E,46.5672083,-84.3063569,River/Stream,Field Msr/Obs,Surface Water,11/5/2024,,pH,7.6,None
Sault Ste. Marie Water Rangers Task Team,11711,Duck pond:Bellevue Park duck pond,46.5004401,-84.2993188,Lake/Pond,Field Msr/Obs,Surface Water,10/25/2024,Test strip,Chlorine,0,ppm
Sault Ste. Marie Water Rangers Task Team,11711,Duck pond:Bellevue Park duck pond,46.5004401,-84.2993188,Lake/Pond,Field Msr/Obs,Surface Water,11/12/2024,,pH,7.5,None
Sault Ste. Marie Water Rangers Task Team,11706,Root River:Root River Fourth Line E,46.5672083,-84.3063569,River/Stream,Field Msr/Obs,Surface Water,11/5/2024,Test strip,Total hardness,0,mg/L
Sault Ste. Marie Water Rangers Task Team,11715,Little Carp River:Little Carp River Carpin Beach Rd,46.5097352,-84.4441581,River/Stream,Field Msr/Obs,Surface Water,11/12/2024,Probe/Sensor,Dissolved oxygen (DO),9,mg/L
Sault Ste. Marie Water Rangers Task Team,11706,Root River:Root River Fourth Line E,46.5672083,-84.3063569,River/Stream,Field Msr/Obs,Surface Water,11/5/2024,Probe/Sensor,Salinity,70,ppm
Sault Ste. Marie Water Rangers Task Team,11704,Root River:Root River Wishart Park,46.5637702,-84.2936325,River/Stream,Field Msr/Obs,Surface Water,10/27/2024,,pH,7.2,None
Sault Ste. Marie Water Rangers Task Team,11713,East Davignon Creek:East Davignon Farwell Terrace (near Tim Hortons),46.5367668,-84.3616748,River/Stream,Field Msr/Obs,Surface Water,11/8/2024,,pH,7,None
Sault Ste. Marie Water Rangers Task Team,11713,East Davignon Creek:East Davignon Farwell Terrace (near Tim Hortons),46.5367668,-84.3616748,River/Stream,Field Msr/Obs,Surface Water,11/8/2024,Probe/Sensor,Salinity,69,ppm
Sault Ste. Marie Water Rangers Task Team,11715,Little Carp River:Little Carp River Carpin Beach Rd,46.5097352,-84.4441581,River/Stream,Field Msr/Obs,Surface Water,11/1/2024,Test strip,Chlorine,0,ppm
Sault Ste. Marie Water Rangers Task Team,11709,Canon Creek:Canon Creek Old Goulais Bay Rd,46.5915743,-84.3430281,River/Stream,Field Msr/Obs,Surface Water,10/16/2024,Probe/Sensor,Conductivity,44,uS/cm
Sault Ste. Marie Water Rangers Task Team,11718,East Davignon Creek:East Davignon Creek Allens Side (N of 2nd Ln W),46.559108,-84.4037962,River/Stream,Field Msr/Obs,Surface Water,11/10/2024,Test strip,Chlorine,0,ppm
Sault Ste. Marie Water Rangers Task Team,11715,Little Carp River:Little Carp River Carpin Beach Rd,46.5097352,-84.4441581,River/Stream,Field Msr/Obs,Surface Water,11/12/2024,Probe/Sensor,"Temperature, water",4.1,deg C
Sault Ste. Marie Water Rangers Task Team,11709,Canon Creek:Canon Creek Old Goulais Bay Rd,46.5915743,-84.3430281,River/Stream,Field Msr/Obs,Surface Water,10/16/2024,Probe/Sensor,Dissolved oxygen (DO),7,mg/L
Sault Ste. Marie Water Rangers Task Team,11704,Root River:Root River Wishart Park,46.5637702,-84.2936325,River/Stream,Field Msr/Obs,Surface Water,10/27/2024,Probe/Sensor,Conductivity,156,uS/cm
Sault Ste. Marie Water Rangers Task Team,11701,St. Marys River:Bellevue Park Topsail Island,46.4952016,-84.297452,River/Stream,Field Msr/Obs,Surface Water,11/12/2024,Probe/Sensor,"Temperature, water",9.8,deg C
Sault Ste. Marie Water Rangers Task Team,11710,Root River:Root River Hwy 17E,46.5459338,-84.2184019,River/Stream,Field Msr/Obs,Surface Water,11/1/2024,Probe/Sensor,"Temperature, water",10.7,deg C
Sault Ste. Marie Water Rangers Task Team,11711,Duck pond:Bellevue Park duck pond,46.5004401,-84.2993188,Lake/Pond,Field Msr/Obs,Surface Water,10/3/2024,Test strip,Chlorine,0,ppm
Sault Ste. Marie Water Rangers Task Team,11717,Upper Carp River:Upper Carp River at Creek Rd/Third Line W,46.5480272,-84.4551659,River/Stream,Field Msr/Obs,Surface Water,10/16/2024,Probe/Sensor,Conductivity,67,uS/cm
Sault Ste. Marie Water Rangers Task Team,11715,Little Carp River:Little Carp River Carpin Beach Rd,46.5097352,-84.4441581,River/Stream,Field Msr/Obs,Surface Water,11/1/2024,Probe/Sensor,Conductivity,119,uS/cm
Sault Ste. Marie Water Rangers Task Team,11708,Root River:Root River off Hwy 17 N (near Teen Challenge),46.5717047,-84.3206692,River/Stream,Field Msr/Obs,Surface Water,10/16/2024,Test strip,Total hardness,100,mg/L
Sault Ste. Marie Water Rangers Task Team,11716,Big Carp River:Big Carp River Herkimer Rd,46.5062632,-84.4498873,River/Stream,Field Msr/Obs,Surface Water,11/12/2024,Probe/Sensor,Conductivity,70,uS/cm
Sault Ste. Marie Water Rangers Task Team,11715,Little Carp River:Little Carp River Carpin Beach Rd,46.5097352,-84.4441581,River/Stream,Field Msr/Obs,Surface Water,10/16/2024,Test strip,Chlorine,0,ppm
Sault Ste. Marie Water Rangers Task Team,11703,Root River:Root River Old Garden River,46.5629144,-84.2812943,River/Stream,Field Msr/Obs,Surface Water,10/29/2024,Test strip,Total hardness,0,mg/L
Sault Ste. Marie Water Rangers Task Team,11711,Duck pond:Bellevue Park duck pond,46.5004401,-84.2993188,Lake/Pond,Field Msr/Obs,Surface Water,10/3/2024,Probe/Sensor,Conductivity,250,uS/cm
Sault Ste. Marie Water Rangers Task Team,11716,Big Carp River:Big Carp River Herkimer Rd,46.5062632,-84.4498873,River/Stream,Field Msr/Obs,Surface Water,10/16/2024,Secchi Disk,Depth of water column,1.35,m
Sault Ste. Marie Water Rangers Task Team,11706,Root River:Root River Fourth Line E,46.5672083,-84.3063569,River/Stream,Field Msr/Obs,Surface Water,10/16/2024,Test strip,Total hardness,0,mg/L
Sault Ste. Marie Water Rangers Task Team,11705,Coldwater Creek:Lower Coldwater Creek Case Rd,46.5646992,-84.2689991,River/Stream,Field Msr/Obs,Surface Water,11/24/2024,Probe/Sensor,Salinity,15,ppm
Sault Ste. Marie Water Rangers Task Team,11713,East Davignon Creek:East Davignon Farwell Terrace (near Tim Hortons),46.5367668,-84.3616748,River/Stream,Field Msr/Obs,Surface Water,11/20/2024,Probe/Sensor,"Temperature, air",8,deg C
Sault Ste. Marie Water Rangers Task Team,11716,Big Carp River:Big Carp River Herkimer Rd,46.5062632,-84.4498873,River/Stream,Field Msr/Obs,Surface Water,11/20/2024,Probe/Sensor,Conductivity,94,uS/cm
Sault Ste. Marie Water Rangers Task Team,11716,Big Carp River:Big Carp River Herkimer Rd,46.5062632,-84.4498873,River/Stream,Field Msr/Obs,Surface Water,11/20/2024,Probe/Sensor,"Temperature, air",8,deg C
Sault Ste. Marie Water Rangers Task Team,11713,East Davignon Creek:East Davignon Farwell Terrace (near Tim Hortons),46.5367668,-84.3616748,River/Stream,Field Msr/Obs,Surface Water,11/20/2024,Probe/Sensor,Dissolved oxygen (DO),10,mg/L
Sault Ste. Marie Water Rangers Task Team,11702,Cold Water Creek:Cold Water Creek at Old Garden River Road,46.5636057,-84.2783117,River/Stream,Field Msr/Obs,Surface Water,11/20/2024,Probe/Sensor,"Temperature, air",8,deg C
Sault Ste. Marie Water Rangers Task Team,11702,Cold Water Creek:Cold Water Creek at Old Garden River Road,46.5636057,-84.2783117,River/Stream,Field Msr/Obs,Surface Water,11/20/2024,Probe/Sensor,"Temperature, water",7.9,deg C
Sault Ste. Marie Water Rangers Task Team,11716,Big Carp River:Big Carp River Herkimer Rd,46.5062632,-84.4498873,River/Stream,Field Msr/Obs,Surface Water,11/19/2024,Secchi Disk,Depth of water column,0.17,m
Sault Ste. Marie Water Rangers Task Team,11705,Coldwater Creek:Lower Coldwater Creek Case Rd,46.5646992,-84.2689991,River/Stream,Field Msr/Obs,Surface Water,11/24/2024,Test strip,Total hardness,0,mg/L
Sault Ste. Marie Water Rangers Task Team,11704,Root River:Root River Wishart Park,46.5637702,-84.2936325,River/Stream,Field Msr/Obs,Surface Water,11/24/2024,Test strip,Total hardness,0,mg/L
Sault Ste. Marie Water Rangers Task Team,11713,East Davignon Creek:East Davignon Farwell Terrace (near Tim Hortons),46.5367668,-84.3616748,River/Stream,Field Msr/Obs,Surface Water,11/20/2024,,pH,7.8,None
Sault Ste. Marie Water Rangers Task Team,11704,Root River:Root River Wishart Park,46.5637702,-84.2936325,River/Stream,Field Msr/Obs,Surface Water,11/24/2024,Probe/Sensor,Dissolved oxygen (DO),11,mg/L
Sault Ste. Marie Water Rangers Task Team,11716,Big Carp River:Big Carp River Herkimer Rd,46.5062632,-84.4498873,River/Stream,Field Msr/Obs,Surface Water,11/19/2024,,pH,6.8,None
Sault Ste. Marie Water Rangers Task Team,11716,Big Carp River:Big Carp River Herkimer Rd,46.5062632,-84.4498873,River/Stream,Field Msr/Obs,Surface Water,11/20/2024,Probe/Sensor,"Temperature, water",6.4,deg C
Sault Ste. Marie Water Rangers Task Team,11716,Big Carp River:Big Carp River Herkimer Rd,46.5062632,-84.4498873,River/Stream,Field Msr/Obs,Surface Water,11/19/2024,Test strip,Total hardness,0,mg/L
Sault Ste. Marie Water Rangers Task Team,11704,Root River:Root River Wishart Park,46.5637702,-84.2936325,River/Stream,Field Msr/Obs,Surface Water,11/24/2024,Probe/Sensor,Salinity,35,ppm
Sault Ste. Marie Water Rangers Task Team,11716,Big Carp River:Big Carp River Herkimer Rd,46.5062632,-84.4498873,River/Stream,Field Msr/Obs,Surface Water,11/19/2024,Test strip,Chlorine,0,ppm
Sault Ste. Marie Water Rangers Task Team,11705,Coldwater Creek:Lower Coldwater Creek Case Rd,46.5646992,-84.2689991,River/Stream,Field Msr/Obs,Surface Water,11/24/2024,Test strip,"Alkalinity, total",10,mg/L
Sault Ste. Marie Water Rangers Task Team,11704,Root River:Root River Wishart Park,46.5637702,-84.2936325,River/Stream,Field Msr/Obs,Surface Water,11/24/2024,,pH,7.2,None
Sault Ste. Marie Water Rangers Task Team,11705,Coldwater Creek:Lower Coldwater Creek Case Rd,46.5646992,-84.2689991,River/Stream,Field Msr/Obs,Surface Water,11/24/2024,Probe/Sensor,Dissolved oxygen (DO),11,mg/L
Sault Ste. Marie Water Rangers Task Team,11713,East Davignon Creek:East Davignon Farwell Terrace (near Tim Hortons),46.5367668,-84.3616748,River/Stream,Field Msr/Obs,Surface Water,11/20/2024,Test strip,Chlorine,0,ppm
Sault Ste. Marie Water Rangers Task Team,11705,Coldwater Creek:Lower Coldwater Creek Case Rd,46.5646992,-84.2689991,River/Stream,Field Msr/Obs,Surface Water,11/24/2024,Probe/Sensor,"Temperature, water",4.1,deg C
Sault Ste. Marie Water Rangers Task Team,11713,East Davignon Creek:East Davignon Farwell Terrace (near Tim Hortons),46.5367668,-84.3616748,River/Stream,Field Msr/Obs,Surface Water,11/20/2024,Probe/Sensor,Conductivity,204,uS/cm
Sault Ste. Marie Water Rangers Task Team,11713,East Davignon Creek:East Davignon Farwell Terrace (near Tim Hortons),46.5367668,-84.3616748,River/Stream,Field Msr/Obs,Surface Water,11/20/2024,Secchi Disk,Depth of water column,0.35,m
Sault Ste. Marie Water Rangers Task Team,11716,Big Carp River:Big Carp River Herkimer Rd,46.5062632,-84.4498873,River/Stream,Field Msr/Obs,Surface Water,11/19/2024,Test strip,"Alkalinity, total",20,mg/L
Sault Ste. Marie Water Rangers Task Team,11713,East Davignon Creek:East Davignon Farwell Terrace (near Tim Hortons),46.5367668,-84.3616748,River/Stream,Field Msr/Obs,Surface Water,11/20/2024,Probe/Sensor,"Temperature, water",7.4,deg C
Sault Ste. Marie Water Rangers Task Team,11716,Big Carp River:Big Carp River Herkimer Rd,46.5062632,-84.4498873,River/Stream,Field Msr/Obs,Surface Water,11/20/2024,Test strip,Total hardness,0,mg/L
Sault Ste. Marie Water Rangers Task Team,11704,Root River:Root River Wishart Park,46.5637702,-84.2936325,River/Stream,Field Msr/Obs,Surface Water,11/24/2024,Probe/Sensor,Conductivity,62,uS/cm
Sault Ste. Marie Water Rangers Task Team,11705,Coldwater Creek:Lower Coldwater Creek Case Rd,46.5646992,-84.2689991,River/Stream,Field Msr/Obs,Surface Water,11/24/2024,,pH,7.3,None
Sault Ste. Marie Water Rangers Task Team,11716,Big Carp River:Big Carp River Herkimer Rd,46.5062632,-84.4498873,River/Stream,Field Msr/Obs,Surface Water,11/19/2024,Probe/Sensor,Conductivity,81,uS/cm
Sault Ste. Marie Water Rangers Task Team,11716,Big Carp River:Big Carp River Herkimer Rd,46.5062632,-84.4498873,River/Stream,Field Msr/Obs,Surface Water,11/20/2024,Test strip,"Alkalinity, total",20,mg/L
Sault Ste. Marie Water Rangers Task Team,11705,Coldwater Creek:Lower Coldwater Creek Case Rd,46.5646992,-84.2689991,River/Stream,Field Msr/Obs,Surface Water,11/24/2024,Secchi Disk,Depth of water column,0.27,m
Sault Ste. Marie Water Rangers Task Team,11716,Big Carp River:Big Carp River Herkimer Rd,46.5062632,-84.4498873,River/Stream,Field Msr/Obs,Surface Water,11/19/2024,Probe/Sensor,"Temperature, air",5,deg C
Sault Ste. Marie Water Rangers Task Team,11713,East Davignon Creek:East Davignon Farwell Terrace (near Tim Hortons),46.5367668,-84.3616748,River/Stream,Field Msr/Obs,Surface Water,11/20/2024,Test strip,"Alkalinity, total",50,mg/L
Sault Ste. Marie Water Rangers Task Team,11716,Big Carp River:Big Carp River Herkimer Rd,46.5062632,-84.4498873,River/Stream,Field Msr/Obs,Surface Water,11/19/2024,Probe/Sensor,Dissolved oxygen (DO),7,mg/L
Sault Ste. Marie Water Rangers Task Team,11702,Cold Water Creek:Cold Water Creek at Old Garden River Road,46.5636057,-84.2783117,River/Stream,Field Msr/Obs,Surface Water,11/20/2024,Secchi Disk,Depth of water column,0.33,m
Sault Ste. Marie Water Rangers Task Team,11702,Cold Water Creek:Cold Water Creek at Old Garden River Road,46.5636057,-84.2783117,River/Stream,Field Msr/Obs,Surface Water,11/20/2024,Probe/Sensor,Dissolved oxygen (DO),11,mg/L
Sault Ste. Marie Water Rangers Task Team,11704,Root River:Root River Wishart Park,46.5637702,-84.2936325,River/Stream,Field Msr/Obs,Surface Water,11/24/2024,Secchi Disk,Depth of water column,0.17,m
Sault Ste. Marie Water Rangers Task Team,11716,Big Carp River:Big Carp River Herkimer Rd,46.5062632,-84.4498873,River/Stream,Field Msr/Obs,Surface Water,11/20/2024,Probe/Sensor,Dissolved oxygen (DO),10,mg/L
Sault Ste. Marie Water Rangers Task Team,11705,Coldwater Creek:Lower Coldwater Creek Case Rd,46.5646992,-84.2689991,River/Stream,Field Msr/Obs,Surface Water,11/24/2024,Probe/Sensor,Conductivity,29,uS/cm
Sault Ste. Marie Water Rangers Task Team,11716,Big Carp River:Big Carp River Herkimer Rd,46.5062632,-84.4498873,River/Stream,Field Msr/Obs,Surface Water,11/19/2024,Probe/Sensor,"Temperature, water",6,deg C
Sault Ste. Marie Water Rangers Task Team,11704,Root River:Root River Wishart Park,46.5637702,-84.2936325,River/Stream,Field Msr/Obs,Surface Water,11/24/2024,Test strip,"Alkalinity, total",20,mg/L
Sault Ste. Marie Water Rangers Task Team,11704,Root River:Root River Wishart Park,46.5637702,-84.2936325,River/Stream,Field Msr/Obs,Surface Water,11/24/2024,Probe/Sensor,"Temperature, air",0,deg C
Sault Ste. Marie Water Rangers Task Team,11705,Coldwater Creek:Lower Coldwater Creek Case Rd,46.5646992,-84.2689991,River/Stream,Field Msr/Obs,Surface Water,11/24/2024,Test strip,Chlorine,0,ppm
Sault Ste. Marie Water Rangers Task Team,11705,Coldwater Creek:Lower Coldwater Creek Case Rd,46.5646992,-84.2689991,River/Stream,Field Msr/Obs,Surface Water,11/24/2024,Probe/Sensor,"Temperature, air",0,deg C
Sault Ste. Marie Water Rangers Task Team,11704,Root River:Root River Wishart Park,46.5637702,-84.2936325,River/Stream,Field Msr/Obs,Surface Water,11/24/2024,Test strip,Chlorine,0,ppm
Sault Ste. Marie Water Rangers Task Team,11713,East Davignon Creek:East Davignon Farwell Terrace (near Tim Hortons),46.5367668,-84.3616748,River/Stream,Field Msr/Obs,Surface Water,11/20/2024,Test strip,Total hardness,0,mg/L
Sault Ste. Marie Water Rangers Task Team,11702,Cold Water Creek:Cold Water Creek at Old Garden River Road,46.5636057,-84.2783117,River/Stream,Field Msr/Obs,Surface Water,11/20/2024,Probe/Sensor,Conductivity,190,uS/cm
Sault Ste. Marie Water Rangers Task Team,11704,Root River:Root River Wishart Park,46.5637702,-84.2936325,River/Stream,Field Msr/Obs,Surface Water,11/24/2024,Probe/Sensor,"Temperature, water",3.4,deg C
Sault Ste. Marie Water Rangers Task Team,11716,Big Carp River:Big Carp River Herkimer Rd,46.5062632,-84.4498873,River/Stream,Field Msr/Obs,Surface Water,11/20/2024,Test strip,Chlorine,0,ppm
Sault Ste. Marie Water Rangers Task Team,11716,Big Carp River:Big Carp River Herkimer Rd,46.5062632,-84.4498873,River/Stream,Field Msr/Obs,Surface Water,11/20/2024,,pH,7.3,None
Sault Ste. Marie Water Rangers Task Team,11704,Root River:Root River Wishart Park,46.5637702,-84.2936325,River/Stream,Field Msr/Obs,Surface Water,12/17/2024,Test strip,"Alkalinity, total",10,mg/L
Sault Ste. Marie Water Rangers Task Team,11704,Root River:Root River Wishart Park,46.5637702,-84.2936325,River/Stream,Field Msr/Obs,Surface Water,12/17/2024,Probe/Sensor,"Temperature, water",1.7,deg C
Sault Ste. Marie Water Rangers Task Team,11704,Root River:Root River Wishart Park,46.5637702,-84.2936325,River/Stream,Field Msr/Obs,Surface Water,12/17/2024,,pH,6.7,None
Sault Ste. Marie Water Rangers Task Team,11704,Root River:Root River Wishart Park,46.5637702,-84.2936325,River/Stream,Field Msr/Obs,Surface Water,12/17/2024,Probe/Sensor,Conductivity,78,uS/cm
Sault Ste. Marie Water Rangers Task Team,11704,Root River:Root River Wishart Park,46.5637702,-84.2936325,River/Stream,Field Msr/Obs,Surface Water,12/17/2024,Probe/Sensor,Dissolved oxygen (DO),11,mg/L
Sault Ste. Marie Water Rangers Task Team,11704,Root River:Root River Wishart Park,46.5637702,-84.2936325,River/Stream,Field Msr/Obs,Surface Water,12/17/2024,Test strip,Chlorine,0,ppm
Sault Ste. Marie Water Rangers Task Team,11704,Root River:Root River Wishart Park,46.5637702,-84.2936325,River/Stream,Field Msr/Obs,Surface Water,12/17/2024,Probe/Sensor,"Temperature, air",1.4,deg C
Sault Ste. Marie Water Rangers Task Team,11704,Root River:Root River Wishart Park,46.5637702,-84.2936325,River/Stream,Field Msr/Obs,Surface Water,12/17/2024,Test strip,Total hardness,0,mg/L
Sault Ste. Marie Water Rangers Task Team,11704,Root River:Root River Wishart Park,46.5637702,-84.2936325,River/Stream,Field Msr/Obs,Surface Water,12/17/2024,Probe/Sensor,Salinity,42,ppm
